[{"data_generator_IKA":0.0,"data_generator_T":0.0},{"data_generator_IKA":0.0,"data_generator_T":0.17},{"data_generator_IKA":0.0,"data_generator_T":0.34},{"data_generator_IKA":0.0,"data_generator_T":0.50999999},{"data_generator_IKA":0.0,"data_generator_T":0.68000001},{"data_generator_IKA":0.0,"data_generator_T":0.85000002},{"data_generator_IKA":0.0,"data_generator_T":1.02},{"data_generator_IKA":0.0,"data_generator_T":1.1900001},{"data_generator_IKA":0.0,"data_generator_T":1.36},{"data_generator_IKA":0.0,"data_generator_T":1.53},{"data_generator_IKA":0.0,"data_generator_T":1.7},{"data_generator_IKA":0.0,"data_generator_T":1.87},{"data_generator_IKA":0.0,"data_generator_T":2.04},{"data_generator_IKA":0.0,"data_generator_T":2.21},{"data_generator_IKA":0.0,"data_generator_T":2.3800001},{"data_generator_IKA":0.0,"data_generator_T":2.55},{"data_generator_IKA":0.0,"data_generator_T":2.72},{"data_generator_IKA":0.0,"data_generator_T":2.8900001},{"data_generator_IKA":0.0,"data_generator_T":3.0599999},{"data_generator_IKA":0.0,"data_generator_T":3.23},{"data_generator_IKA":0.0,"data_generator_T":3.4000001},{"data_generator_IKA":0.0,"data_generator_T":3.5699999},{"data_generator_IKA":0.0,"data_generator_T":3.74},{"data_generator_IKA":0.0,"data_generator_T":3.9100001},{"data_generator_IKA":0.0,"data_generator_T":4.0799999},{"data_generator_IKA":0.0,"data_generator_T":4.25},{"data_generator_IKA":0.0,"data_generator_T":4.4200001},{"data_generator_IKA":0.0,"data_generator_T":4.5900002},{"data_generator_IKA":0.0,"data_generator_T":4.7600002},{"data_generator_IKA":0.0,"data_generator_T":4.9299998},{"data_generator_IKA":0.0,"data_generator_T":5.0999999},{"data_generator_IKA":0.0,"data_generator_T":5.27},{"data_generator_IKA":0.0,"data_generator_T":5.4400001},{"data_generator_IKA":0.0,"data_generator_T":5.6100001},{"data_generator_IKA":0.0,"data_generator_T":5.7800002},{"data_generator_IKA":0.0,"data_generator_T":5.9499998},{"data_generator_IKA":0.0,"data_generator_T":6.1199999},{"data_generator_IKA":0.0,"data_generator_T":6.29},{"data_generator_IKA":0.0,"data_generator_T":6.46},{"data_generator_IKA":0.0,"data_generator_T":6.6300001},{"data_generator_IKA":0.0,"data_generator_T":6.8000002},{"data_generator_IKA":0.0,"data_generator_T":6.9699998},{"data_generator_IKA":0.0,"data_generator_T":7.1399999},{"data_generator_IKA":0.0,"data_generator_T":7.3099999},{"data_generator_IKA":0.0,"data_generator_T":7.48},{"data_generator_IKA":0.0,"data_generator_T":7.6500001},{"data_generator_IKA":0.0,"data_generator_T":7.8200002},{"data_generator_IKA":0.0,"data_generator_T":7.9899998},{"data_generator_IKA":0.0,"data_generator_T":8.1599998},{"data_generator_IKA":0.0,"data_generator_T":8.3299999},{"data_generator_IKA":0.0,"data_generator_T":8.5},{"data_generator_IKA":0.0,"data_generator_T":8.6700001},{"data_generator_IKA":0.0,"data_generator_T":8.8400002},{"data_generator_IKA":0.0,"data_generator_T":9.0100002},{"data_generator_IKA":0.0,"data_generator_T":9.1800003},{"data_generator_IKA":0.0,"data_generator_T":9.3500004},{"data_generator_IKA":0.0,"data_generator_T":9.5200005},{"data_generator_IKA":0.0,"data_generator_T":9.6899996},{"data_generator_IKA":0.0,"data_generator_T":9.8599997},{"data_generator_IKA":0.0000056724,"data_generator_T":10.03},{"data_generator_IKA":0.0015264591,"data_generator_T":10.2},{"data_generator_IKA":0.011053517,"data_generator_T":10.37},{"data_generator_IKA":0.033338938,"data_generator_T":10.54},{"data_generator_IKA":0.06815391,"data_generator_T":10.71},{"data_generator_IKA":0.11219102,"data_generator_T":10.88},{"data_generator_IKA":0.16123864,"data_generator_T":11.05},{"data_generator_IKA":0.21148354,"data_generator_T":11.22},{"data_generator_IKA":0.260039,"data_generator_T":11.39},{"data_generator_IKA":0.30501062,"data_generator_T":11.56},{"data_generator_IKA":0.34534866,"data_generator_T":11.73},{"data_generator_IKA":0.38063651,"data_generator_T":11.9},{"data_generator_IKA":0.41088831,"data_generator_T":12.07},{"data_generator_IKA":0.43638438,"data_generator_T":12.24},{"data_generator_IKA":0.45754978,"data_generator_T":12.41},{"data_generator_IKA":0.47487089,"data_generator_T":12.58},{"data_generator_IKA":0.48884162,"data_generator_T":12.75},{"data_generator_IKA":0.49993148,"data_generator_T":12.92},{"data_generator_IKA":0.50856864,"data_generator_T":13.09},{"data_generator_IKA":0.51513273,"data_generator_T":13.26},{"data_generator_IKA":0.51995343,"data_generator_T":13.43},{"data_generator_IKA":0.52331346,"data_generator_T":13.6},{"data_generator_IKA":0.52545208,"data_generator_T":13.77},{"data_generator_IKA":0.5265708,"data_generator_T":13.94},{"data_generator_IKA":0.52683783,"data_generator_T":14.11},{"data_generator_IKA":0.52639341,"data_generator_T":14.28},{"data_generator_IKA":0.52535391,"data_generator_T":14.45},{"data_generator_IKA":0.52381587,"data_generator_T":14.62},{"data_generator_IKA":0.52185923,"data_generator_T":14.79},{"data_generator_IKA":0.51955038,"data_generator_T":14.96},{"data_generator_IKA":0.51694423,"data_generator_T":15.13},{"data_generator_IKA":0.51408654,"data_generator_T":15.3},{"data_generator_IKA":0.51101536,"data_generator_T":15.47},{"data_generator_IKA":0.50776249,"data_generator_T":15.64},{"data_generator_IKA":0.50435466,"data_generator_T":15.81},{"data_generator_IKA":0.50081426,"data_generator_T":15.98},{"data_generator_IKA":0.49716032,"data_generator_T":16.15},{"data_generator_IKA":0.49340895,"data_generator_T":16.32},{"data_generator_IKA":0.48957393,"data_generator_T":16.49},{"data_generator_IKA":0.48566714,"data_generator_T":16.66},{"data_generator_IKA":0.48169884,"data_generator_T":16.83},{"data_generator_IKA":0.47767794,"data_generator_T":17.0},{"data_generator_IKA":0.47361222,"data_generator_T":17.17},{"data_generator_IKA":0.46950862,"data_generator_T":17.34},{"data_generator_IKA":0.46537319,"data_generator_T":17.51},{"data_generator_IKA":0.46121138,"data_generator_T":17.68},{"data_generator_IKA":0.45702806,"data_generator_T":17.85},{"data_generator_IKA":0.45282763,"data_generator_T":18.02},{"data_generator_IKA":0.44861409,"data_generator_T":18.190001},{"data_generator_IKA":0.44439104,"data_generator_T":18.360001},{"data_generator_IKA":0.44016176,"data_generator_T":18.530001},{"data_generator_IKA":0.43592933,"data_generator_T":18.700001},{"data_generator_IKA":0.43169653,"data_generator_T":18.870001},{"data_generator_IKA":0.42746592,"data_generator_T":19.040001},{"data_generator_IKA":0.42323986,"data_generator_T":19.209999},{"data_generator_IKA":0.41902059,"data_generator_T":19.379999},{"data_generator_IKA":0.41481012,"data_generator_T":19.549999},{"data_generator_IKA":0.41061038,"data_generator_T":19.719999},{"data_generator_IKA":0.40642312,"data_generator_T":19.889999},{"data_generator_IKA":0.40224996,"data_generator_T":20.059999},{"data_generator_IKA":0.39809248,"data_generator_T":20.23},{"data_generator_IKA":0.39395207,"data_generator_T":20.4},{"data_generator_IKA":0.38983005,"data_generator_T":20.57},{"data_generator_IKA":0.3857277,"data_generator_T":20.74},{"data_generator_IKA":0.3816461,"data_generator_T":20.91},{"data_generator_IKA":0.37758636,"data_generator_T":21.08},{"data_generator_IKA":0.37354949,"data_generator_T":21.25},{"data_generator_IKA":0.36953637,"data_generator_T":21.42},{"data_generator_IKA":0.3655479,"data_generator_T":21.59},{"data_generator_IKA":0.36158481,"data_generator_T":21.76},{"data_generator_IKA":0.3576479,"data_generator_T":21.93},{"data_generator_IKA":0.3537378,"data_generator_T":22.1},{"data_generator_IKA":0.34985515,"data_generator_T":22.27},{"data_generator_IKA":0.34600049,"data_generator_T":22.440001},{"data_generator_IKA":0.34217441,"data_generator_T":22.610001},{"data_generator_IKA":0.3383773,"data_generator_T":22.780001},{"data_generator_IKA":0.33460969,"data_generator_T":22.950001},{"data_generator_IKA":0.33087188,"data_generator_T":23.120001},{"data_generator_IKA":0.32716429,"data_generator_T":23.290001},{"data_generator_IKA":0.32348722,"data_generator_T":23.459999},{"data_generator_IKA":0.31984097,"data_generator_T":23.629999},{"data_generator_IKA":0.31622574,"data_generator_T":23.799999},{"data_generator_IKA":0.3126418,"data_generator_T":23.969999},{"data_generator_IKA":0.3090893,"data_generator_T":24.139999},{"data_generator_IKA":0.30556846,"data_generator_T":24.309999},{"data_generator_IKA":0.30207938,"data_generator_T":24.48},{"data_generator_IKA":0.29862216,"data_generator_T":24.65},{"data_generator_IKA":0.29519692,"data_generator_T":24.82},{"data_generator_IKA":0.29180369,"data_generator_T":24.99},{"data_generator_IKA":0.28844255,"data_generator_T":25.16},{"data_generator_IKA":0.28511348,"data_generator_T":25.33},{"data_generator_IKA":0.28181654,"data_generator_T":25.5},{"data_generator_IKA":0.2785517,"data_generator_T":25.67},{"data_generator_IKA":0.27531889,"data_generator_T":25.84},{"data_generator_IKA":0.27211812,"data_generator_T":26.01},{"data_generator_IKA":0.2689493,"data_generator_T":26.18},{"data_generator_IKA":0.26581237,"data_generator_T":26.35},{"data_generator_IKA":0.2627072,"data_generator_T":26.52},{"data_generator_IKA":0.25963378,"data_generator_T":26.690001},{"data_generator_IKA":0.25659192,"data_generator_T":26.860001},{"data_generator_IKA":0.25358152,"data_generator_T":27.030001},{"data_generator_IKA":0.25060248,"data_generator_T":27.200001},{"data_generator_IKA":0.2476546,"data_generator_T":27.370001},{"data_generator_IKA":0.24473779,"data_generator_T":27.540001},{"data_generator_IKA":0.24185184,"data_generator_T":27.709999},{"data_generator_IKA":0.23899661,"data_generator_T":27.879999},{"data_generator_IKA":0.23617193,"data_generator_T":28.049999},{"data_generator_IKA":0.23337761,"data_generator_T":28.219999},{"data_generator_IKA":0.23061346,"data_generator_T":28.389999},{"data_generator_IKA":0.22787927,"data_generator_T":28.559999},{"data_generator_IKA":0.22517489,"data_generator_T":28.73},{"data_generator_IKA":0.22250007,"data_generator_T":28.9},{"data_generator_IKA":0.21985462,"data_generator_T":29.07},{"data_generator_IKA":0.21723834,"data_generator_T":29.24},{"data_generator_IKA":0.21465099,"data_generator_T":29.41},{"data_generator_IKA":0.21209235,"data_generator_T":29.58},{"data_generator_IKA":0.20956223,"data_generator_T":29.75},{"data_generator_IKA":0.20706037,"data_generator_T":29.92},{"data_generator_IKA":0.20458654,"data_generator_T":30.09},{"data_generator_IKA":0.20214052,"data_generator_T":30.26},{"data_generator_IKA":0.1997221,"data_generator_T":30.43},{"data_generator_IKA":0.19733101,"data_generator_T":30.6},{"data_generator_IKA":0.19496703,"data_generator_T":30.77},{"data_generator_IKA":0.1926299,"data_generator_T":30.940001},{"data_generator_IKA":0.19031942,"data_generator_T":31.110001},{"data_generator_IKA":0.18803531,"data_generator_T":31.280001},{"data_generator_IKA":0.18577737,"data_generator_T":31.450001},{"data_generator_IKA":0.18354531,"data_generator_T":31.620001},{"data_generator_IKA":0.18133892,"data_generator_T":31.790001},{"data_generator_IKA":0.17915794,"data_generator_T":31.959999},{"data_generator_IKA":0.17700215,"data_generator_T":32.130001},{"data_generator_IKA":0.17487128,"data_generator_T":32.299999},{"data_generator_IKA":0.17276511,"data_generator_T":32.470001},{"data_generator_IKA":0.17068338,"data_generator_T":32.639999},{"data_generator_IKA":0.16862586,"data_generator_T":32.810001},{"data_generator_IKA":0.1665923,"data_generator_T":32.98},{"data_generator_IKA":0.16458246,"data_generator_T":33.150002},{"data_generator_IKA":0.16259611,"data_generator_T":33.32},{"data_generator_IKA":0.16063298,"data_generator_T":33.490002},{"data_generator_IKA":0.15869287,"data_generator_T":33.66},{"data_generator_IKA":0.15677552,"data_generator_T":33.830002},{"data_generator_IKA":0.1548807,"data_generator_T":34.0},{"data_generator_IKA":0.15300818,"data_generator_T":34.169998},{"data_generator_IKA":0.15115771,"data_generator_T":34.34},{"data_generator_IKA":0.14932905,"data_generator_T":34.509998},{"data_generator_IKA":0.14752199,"data_generator_T":34.68},{"data_generator_IKA":0.14573629,"data_generator_T":34.849998},{"data_generator_IKA":0.14397173,"data_generator_T":35.02},{"data_generator_IKA":0.14222805,"data_generator_T":35.189999},{"data_generator_IKA":0.14050506,"data_generator_T":35.360001},{"data_generator_IKA":0.13880251,"data_generator_T":35.529999},{"data_generator_IKA":0.13712019,"data_generator_T":35.700001},{"data_generator_IKA":0.13545787,"data_generator_T":35.869999},{"data_generator_IKA":0.13381535,"data_generator_T":36.040001},{"data_generator_IKA":0.13219237,"data_generator_T":36.209999},{"data_generator_IKA":0.13058876,"data_generator_T":36.380001},{"data_generator_IKA":0.12900427,"data_generator_T":36.549999},{"data_generator_IKA":0.12743869,"data_generator_T":36.720001},{"data_generator_IKA":0.12589182,"data_generator_T":36.889999},{"data_generator_IKA":0.12436345,"data_generator_T":37.060001},{"data_generator_IKA":0.12285337,"data_generator_T":37.23},{"data_generator_IKA":0.12136137,"data_generator_T":37.400002},{"data_generator_IKA":0.11988723,"data_generator_T":37.57},{"data_generator_IKA":0.11843078,"data_generator_T":37.740002},{"data_generator_IKA":0.11699179,"data_generator_T":37.91},{"data_generator_IKA":0.11557007,"data_generator_T":38.080002},{"data_generator_IKA":0.11416543,"data_generator_T":38.25},{"data_generator_IKA":0.11277766,"data_generator_T":38.419998},{"data_generator_IKA":0.11140657,"data_generator_T":38.59},{"data_generator_IKA":0.11005198,"data_generator_T":38.759998},{"data_generator_IKA":0.10871369,"data_generator_T":38.93},{"data_generator_IKA":0.10739151,"data_generator_T":39.099998},{"data_generator_IKA":0.10608525,"data_generator_T":39.27},{"data_generator_IKA":0.10479473,"data_generator_T":39.439999},{"data_generator_IKA":0.10351977,"data_generator_T":39.610001},{"data_generator_IKA":0.10226019,"data_generator_T":39.779999},{"data_generator_IKA":0.10101581,"data_generator_T":39.950001},{"data_generator_IKA":0.099786438,"data_generator_T":40.119999},{"data_generator_IKA":0.098571919,"data_generator_T":40.290001},{"data_generator_IKA":0.097372063,"data_generator_T":40.459999},{"data_generator_IKA":0.096186705,"data_generator_T":40.630001},{"data_generator_IKA":0.095015675,"data_generator_T":40.799999},{"data_generator_IKA":0.093858801,"data_generator_T":40.970001},{"data_generator_IKA":0.092715919,"data_generator_T":41.139999},{"data_generator_IKA":0.091586865,"data_generator_T":41.310001},{"data_generator_IKA":0.090471476,"data_generator_T":41.48},{"data_generator_IKA":0.089369588,"data_generator_T":41.650002},{"data_generator_IKA":0.088281043,"data_generator_T":41.82},{"data_generator_IKA":0.087205678,"data_generator_T":41.990002},{"data_generator_IKA":0.086143345,"data_generator_T":42.16},{"data_generator_IKA":0.085093878,"data_generator_T":42.330002},{"data_generator_IKA":0.084057137,"data_generator_T":42.5},{"data_generator_IKA":0.083032958,"data_generator_T":42.669998},{"data_generator_IKA":0.082021207,"data_generator_T":42.84},{"data_generator_IKA":0.081021726,"data_generator_T":43.009998},{"data_generator_IKA":0.08003436,"data_generator_T":43.18},{"data_generator_IKA":0.079058982,"data_generator_T":43.349998},{"data_generator_IKA":0.078095444,"data_generator_T":43.52},{"data_generator_IKA":0.077143595,"data_generator_T":43.689999},{"data_generator_IKA":0.076203309,"data_generator_T":43.860001},{"data_generator_IKA":0.075274438,"data_generator_T":44.029999},{"data_generator_IKA":0.074356847,"data_generator_T":44.200001},{"data_generator_IKA":0.073450401,"data_generator_T":44.369999},{"data_generator_IKA":0.072554968,"data_generator_T":44.540001},{"data_generator_IKA":0.071670413,"data_generator_T":44.709999},{"data_generator_IKA":0.070796609,"data_generator_T":44.880001},{"data_generator_IKA":0.069933429,"data_generator_T":45.049999},{"data_generator_IKA":0.069080733,"data_generator_T":45.220001},{"data_generator_IKA":0.068238415,"data_generator_T":45.389999},{"data_generator_IKA":0.067406327,"data_generator_T":45.560001},{"data_generator_IKA":0.066584364,"data_generator_T":45.73},{"data_generator_IKA":0.065772399,"data_generator_T":45.900002},{"data_generator_IKA":0.064970307,"data_generator_T":46.07},{"data_generator_IKA":0.064177975,"data_generator_T":46.240002},{"data_generator_IKA":0.063395284,"data_generator_T":46.41},{"data_generator_IKA":0.062622115,"data_generator_T":46.580002},{"data_generator_IKA":0.061858352,"data_generator_T":46.75},{"data_generator_IKA":0.061103888,"data_generator_T":46.919998},{"data_generator_IKA":0.060358606,"data_generator_T":47.09},{"data_generator_IKA":0.059622396,"data_generator_T":47.259998},{"data_generator_IKA":0.058895145,"data_generator_T":47.43},{"data_generator_IKA":0.058176752,"data_generator_T":47.599998},{"data_generator_IKA":0.057467103,"data_generator_T":47.77},{"data_generator_IKA":0.056766097,"data_generator_T":47.939999},{"data_generator_IKA":0.056073628,"data_generator_T":48.110001},{"data_generator_IKA":0.055389591,"data_generator_T":48.279999},{"data_generator_IKA":0.054713886,"data_generator_T":48.450001},{"data_generator_IKA":0.054046411,"data_generator_T":48.619999},{"data_generator_IKA":0.053387068,"data_generator_T":48.790001},{"data_generator_IKA":0.052735753,"data_generator_T":48.959999},{"data_generator_IKA":0.052092377,"data_generator_T":49.130001},{"data_generator_IKA":0.051456839,"data_generator_T":49.299999},{"data_generator_IKA":0.050829045,"data_generator_T":49.470001},{"data_generator_IKA":0.0502089,"data_generator_T":49.639999},{"data_generator_IKA":0.04959631,"data_generator_T":49.810001},{"data_generator_IKA":0.048991188,"data_generator_T":49.98},{"data_generator_IKA":0.04839344,"data_generator_T":50.150002},{"data_generator_IKA":0.047802974,"data_generator_T":50.32},{"data_generator_IKA":0.047219709,"data_generator_T":50.490002},{"data_generator_IKA":0.046643551,"data_generator_T":50.66},{"data_generator_IKA":0.046074416,"data_generator_T":50.830002},{"data_generator_IKA":0.045512222,"data_generator_T":51.0},{"data_generator_IKA":0.044956878,"data_generator_T":51.169998},{"data_generator_IKA":0.044408303,"data_generator_T":51.34},{"data_generator_IKA":0.043866418,"data_generator_T":51.509998},{"data_generator_IKA":0.043331143,"data_generator_T":51.68},{"data_generator_IKA":0.04280239,"data_generator_T":51.849998},{"data_generator_IKA":0.042280085,"data_generator_T":52.02},{"data_generator_IKA":0.041764148,"data_generator_T":52.189999},{"data_generator_IKA":0.041254502,"data_generator_T":52.360001},{"data_generator_IKA":0.040751074,"data_generator_T":52.529999},{"data_generator_IKA":0.040253781,"data_generator_T":52.700001},{"data_generator_IKA":0.039762557,"data_generator_T":52.869999},{"data_generator_IKA":0.039277319,"data_generator_T":53.040001},{"data_generator_IKA":0.038798001,"data_generator_T":53.209999},{"data_generator_IKA":0.038324527,"data_generator_T":53.380001},{"data_generator_IKA":0.037856832,"data_generator_T":53.549999},{"data_generator_IKA":0.037394837,"data_generator_T":53.720001},{"data_generator_IKA":0.036938481,"data_generator_T":53.889999},{"data_generator_IKA":0.036487687,"data_generator_T":54.060001},{"data_generator_IKA":0.036042392,"data_generator_T":54.23},{"data_generator_IKA":0.035602532,"data_generator_T":54.400002},{"data_generator_IKA":0.035168037,"data_generator_T":54.57},{"data_generator_IKA":0.034738839,"data_generator_T":54.740002},{"data_generator_IKA":0.034314878,"data_generator_T":54.91},{"data_generator_IKA":0.033896089,"data_generator_T":55.080002},{"data_generator_IKA":0.03348241,"data_generator_T":55.25},{"data_generator_IKA":0.033073775,"data_generator_T":55.419998},{"data_generator_IKA":0.032670129,"data_generator_T":55.59},{"data_generator_IKA":0.032271404,"data_generator_T":55.759998},{"data_generator_IKA":0.031877544,"data_generator_T":55.93},{"data_generator_IKA":0.031488493,"data_generator_T":56.099998},{"data_generator_IKA":0.031104185,"data_generator_T":56.27},{"data_generator_IKA":0.030724565,"data_generator_T":56.439999},{"data_generator_IKA":0.030349579,"data_generator_T":56.610001},{"data_generator_IKA":0.029979168,"data_generator_T":56.779999},{"data_generator_IKA":0.029613275,"data_generator_T":56.950001},{"data_generator_IKA":0.029251846,"data_generator_T":57.119999},{"data_generator_IKA":0.028894829,"data_generator_T":57.290001},{"data_generator_IKA":0.028542167,"data_generator_T":57.459999},{"data_generator_IKA":0.028193807,"data_generator_T":57.630001},{"data_generator_IKA":0.0278497,"data_generator_T":57.799999},{"data_generator_IKA":0.027509792,"data_generator_T":57.970001},{"data_generator_IKA":0.027174029,"data_generator_T":58.139999},{"data_generator_IKA":0.026842365,"data_generator_T":58.310001},{"data_generator_IKA":0.026514748,"data_generator_T":58.48},{"data_generator_IKA":0.026191128,"data_generator_T":58.650002},{"data_generator_IKA":0.025871458,"data_generator_T":58.82},{"data_generator_IKA":0.025555687,"data_generator_T":58.990002},{"data_generator_IKA":0.025243772,"data_generator_T":59.16},{"data_generator_IKA":0.024935661,"data_generator_T":59.330002},{"data_generator_IKA":0.024631312,"data_generator_T":59.5},{"data_generator_IKA":0.024330676,"data_generator_T":59.669998},{"data_generator_IKA":0.024033708,"data_generator_T":59.84},{"data_generator_IKA":0.023740364,"data_generator_T":60.009998},{"data_generator_IKA":0.023450602,"data_generator_T":60.18},{"data_generator_IKA":0.023164375,"data_generator_T":60.349998},{"data_generator_IKA":0.02288164,"data_generator_T":60.52},{"data_generator_IKA":0.022602357,"data_generator_T":60.689999},{"data_generator_IKA":0.022326481,"data_generator_T":60.860001},{"data_generator_IKA":0.022053972,"data_generator_T":61.029999},{"data_generator_IKA":0.02178479,"data_generator_T":61.200001},{"data_generator_IKA":0.021518892,"data_generator_T":61.369999},{"data_generator_IKA":0.021256238,"data_generator_T":61.540001},{"data_generator_IKA":0.020996792,"data_generator_T":61.709999},{"data_generator_IKA":0.020740511,"data_generator_T":61.880001},{"data_generator_IKA":0.020487357,"data_generator_T":62.049999},{"data_generator_IKA":0.020237293,"data_generator_T":62.220001},{"data_generator_IKA":0.019990282,"data_generator_T":62.389999},{"data_generator_IKA":0.019746285,"data_generator_T":62.560001},{"data_generator_IKA":0.019505266,"data_generator_T":62.73},{"data_generator_IKA":0.019267188,"data_generator_T":62.900002},{"data_generator_IKA":0.019032016,"data_generator_T":63.07},{"data_generator_IKA":0.018799715,"data_generator_T":63.240002},{"data_generator_IKA":0.018570248,"data_generator_T":63.41},{"data_generator_IKA":0.018343583,"data_generator_T":63.580002},{"data_generator_IKA":0.018119683,"data_generator_T":63.75},{"data_generator_IKA":0.017898517,"data_generator_T":63.919998},{"data_generator_IKA":0.017680049,"data_generator_T":64.089996},{"data_generator_IKA":0.017464247,"data_generator_T":64.260002},{"data_generator_IKA":0.01725108,"data_generator_T":64.43},{"data_generator_IKA":0.017040515,"data_generator_T":64.599998},{"data_generator_IKA":0.016832519,"data_generator_T":64.769997},{"data_generator_IKA":0.016627062,"data_generator_T":64.940002},{"data_generator_IKA":0.016424114,"data_generator_T":65.110001},{"data_generator_IKA":0.016223641,"data_generator_T":65.279999},{"data_generator_IKA":0.016025616,"data_generator_T":65.449997},{"data_generator_IKA":0.015830006,"data_generator_T":65.620003},{"data_generator_IKA":0.015636787,"data_generator_T":65.790001},{"data_generator_IKA":0.015445923,"data_generator_T":65.959999},{"data_generator_IKA":0.01525739,"data_generator_T":66.129997},{"data_generator_IKA":0.015071158,"data_generator_T":66.300003},{"data_generator_IKA":0.0148872,"data_generator_T":66.470001},{"data_generator_IKA":0.014705487,"data_generator_T":66.639999},{"data_generator_IKA":0.01452599,"data_generator_T":66.809998},{"data_generator_IKA":0.014348686,"data_generator_T":66.980003},{"data_generator_IKA":0.014173545,"data_generator_T":67.150002},{"data_generator_IKA":0.014000542,"data_generator_T":67.32},{"data_generator_IKA":0.01382965,"data_generator_T":67.489998},{"data_generator_IKA":0.013660844,"data_generator_T":67.660004},{"data_generator_IKA":0.013494099,"data_generator_T":67.830002},{"data_generator_IKA":0.01332939,"data_generator_T":68.0},{"data_generator_IKA":0.01316669,"data_generator_T":68.169998},{"data_generator_IKA":0.013005977,"data_generator_T":68.339996},{"data_generator_IKA":0.012847224,"data_generator_T":68.510002},{"data_generator_IKA":0.012690409,"data_generator_T":68.68},{"data_generator_IKA":0.012535509,"data_generator_T":68.849998},{"data_generator_IKA":0.012382499,"data_generator_T":69.019997},{"data_generator_IKA":0.012231357,"data_generator_T":69.190002},{"data_generator_IKA":0.01208206,"data_generator_T":69.360001},{"data_generator_IKA":0.011934585,"data_generator_T":69.529999},{"data_generator_IKA":0.01178891,"data_generator_T":69.699997},{"data_generator_IKA":0.011645013,"data_generator_T":69.870003},{"data_generator_IKA":0.011502872,"data_generator_T":70.040001},{"data_generator_IKA":0.011362467,"data_generator_T":70.209999},{"data_generator_IKA":0.011223775,"data_generator_T":70.379997},{"data_generator_IKA":0.011086776,"data_generator_T":70.550003},{"data_generator_IKA":0.010951449,"data_generator_T":70.720001},{"data_generator_IKA":0.010817775,"data_generator_T":70.889999},{"data_generator_IKA":0.010685731,"data_generator_T":71.059998},{"data_generator_IKA":0.0105553,"data_generator_T":71.230003},{"data_generator_IKA":0.01042646,"data_generator_T":71.400002},{"data_generator_IKA":0.010299193,"data_generator_T":71.57},{"data_generator_IKA":0.010173479,"data_generator_T":71.739998},{"data_generator_IKA":0.0100493,"data_generator_T":71.910004},{"data_generator_IKA":0.0099266367,"data_generator_T":72.080002},{"data_generator_IKA":0.0098054707,"data_generator_T":72.25},{"data_generator_IKA":0.0096857836,"data_generator_T":72.419998},{"data_generator_IKA":0.0095675569,"data_generator_T":72.589996},{"data_generator_IKA":0.0094507737,"data_generator_T":72.760002},{"data_generator_IKA":0.0093354164,"data_generator_T":72.93},{"data_generator_IKA":0.0092214663,"data_generator_T":73.099998},{"data_generator_IKA":0.0091089075,"data_generator_T":73.269997},{"data_generator_IKA":0.0089977225,"data_generator_T":73.440002},{"data_generator_IKA":0.0088878945,"data_generator_T":73.610001},{"data_generator_IKA":0.0087794075,"data_generator_T":73.779999},{"data_generator_IKA":0.0086722448,"data_generator_T":73.949997},{"data_generator_IKA":0.0085663898,"data_generator_T":74.120003},{"data_generator_IKA":0.0084618265,"data_generator_T":74.290001},{"data_generator_IKA":0.00835854,"data_generator_T":74.459999},{"data_generator_IKA":0.0082565136,"data_generator_T":74.629997},{"data_generator_IKA":0.0081557333,"data_generator_T":74.800003},{"data_generator_IKA":0.0080561833,"data_generator_T":74.970001},{"data_generator_IKA":0.0079578478,"data_generator_T":75.139999},{"data_generator_IKA":0.0078607127,"data_generator_T":75.309998},{"data_generator_IKA":0.0077647632,"data_generator_T":75.480003},{"data_generator_IKA":0.0076699848,"data_generator_T":75.650002},{"data_generator_IKA":0.0075763636,"data_generator_T":75.82},{"data_generator_IKA":0.0074838852,"data_generator_T":75.989998},{"data_generator_IKA":0.0073925355,"data_generator_T":76.160004},{"data_generator_IKA":0.0073023005,"data_generator_T":76.330002},{"data_generator_IKA":0.0072131674,"data_generator_T":76.5},{"data_generator_IKA":0.007125122,"data_generator_T":76.669998},{"data_generator_IKA":0.0070381509,"data_generator_T":76.839996},{"data_generator_IKA":0.006952242,"data_generator_T":77.010002},{"data_generator_IKA":0.0068673813,"data_generator_T":77.18},{"data_generator_IKA":0.0067835567,"data_generator_T":77.349998},{"data_generator_IKA":0.0067007551,"data_generator_T":77.519997},{"data_generator_IKA":0.0066189645,"data_generator_T":77.690002},{"data_generator_IKA":0.0065381723,"data_generator_T":77.860001},{"data_generator_IKA":0.0064583658,"data_generator_T":78.029999},{"data_generator_IKA":0.0063795336,"data_generator_T":78.199997},{"data_generator_IKA":0.0063016638,"data_generator_T":78.370003},{"data_generator_IKA":0.006224744,"data_generator_T":78.540001},{"data_generator_IKA":0.0061487635,"data_generator_T":78.709999},{"data_generator_IKA":0.0060737105,"data_generator_T":78.879997},{"data_generator_IKA":0.0059995735,"data_generator_T":79.050003},{"data_generator_IKA":0.0059263413,"data_generator_T":79.220001},{"data_generator_IKA":0.0058540031,"data_generator_T":79.389999},{"data_generator_IKA":0.0057825479,"data_generator_T":79.559998},{"data_generator_IKA":0.0057119648,"data_generator_T":79.730003},{"data_generator_IKA":0.0056422437,"data_generator_T":79.900002},{"data_generator_IKA":0.0055733728,"data_generator_T":80.07},{"data_generator_IKA":0.0055053434,"data_generator_T":80.239998},{"data_generator_IKA":0.0054381439,"data_generator_T":80.410004},{"data_generator_IKA":0.0053717648,"data_generator_T":80.580002},{"data_generator_IKA":0.0053061959,"data_generator_T":80.75},{"data_generator_IKA":0.0052414271,"data_generator_T":80.919998},{"data_generator_IKA":0.005177449,"data_generator_T":81.089996},{"data_generator_IKA":0.0051142522,"data_generator_T":81.260002},{"data_generator_IKA":0.0050518261,"data_generator_T":81.43},{"data_generator_IKA":0.0049901628,"data_generator_T":81.599998},{"data_generator_IKA":0.0049292515,"data_generator_T":81.769997},{"data_generator_IKA":0.0048690839,"data_generator_T":81.940002},{"data_generator_IKA":0.0048096511,"data_generator_T":82.110001},{"data_generator_IKA":0.0047509433,"data_generator_T":82.279999},{"data_generator_IKA":0.0046929521,"data_generator_T":82.449997},{"data_generator_IKA":0.0046356688,"data_generator_T":82.620003},{"data_generator_IKA":0.0045790849,"data_generator_T":82.790001},{"data_generator_IKA":0.0045231916,"data_generator_T":82.959999},{"data_generator_IKA":0.0044679805,"data_generator_T":83.129997},{"data_generator_IKA":0.0044134436,"data_generator_T":83.300003},{"data_generator_IKA":0.0043595717,"data_generator_T":83.470001},{"data_generator_IKA":0.0043063578,"data_generator_T":83.639999},{"data_generator_IKA":0.0042537935,"data_generator_T":83.809998},{"data_generator_IKA":0.0042018709,"data_generator_T":83.980003},{"data_generator_IKA":0.004150582,"data_generator_T":84.150002},{"data_generator_IKA":0.004099919,"data_generator_T":84.32},{"data_generator_IKA":0.0040498744,"data_generator_T":84.489998},{"data_generator_IKA":0.0040004407,"data_generator_T":84.660004},{"data_generator_IKA":0.0039516105,"data_generator_T":84.830002},{"data_generator_IKA":0.0039033762,"data_generator_T":85.0},{"data_generator_IKA":0.0038557306,"data_generator_T":85.169998},{"data_generator_IKA":0.0038086667,"data_generator_T":85.339996},{"data_generator_IKA":0.0037621774,"data_generator_T":85.510002},{"data_generator_IKA":0.0037162553,"data_generator_T":85.68},{"data_generator_IKA":0.0036708938,"data_generator_T":85.849998},{"data_generator_IKA":0.0036260861,"data_generator_T":86.019997},{"data_generator_IKA":0.0035818254,"data_generator_T":86.190002},{"data_generator_IKA":0.0035381047,"data_generator_T":86.360001},{"data_generator_IKA":0.0034949179,"data_generator_T":86.529999},{"data_generator_IKA":0.003452258,"data_generator_T":86.699997},{"data_generator_IKA":0.0034101191,"data_generator_T":86.870003},{"data_generator_IKA":0.0033684943,"data_generator_T":87.040001},{"data_generator_IKA":0.0033273776,"data_generator_T":87.209999},{"data_generator_IKA":0.0032867631,"data_generator_T":87.379997},{"data_generator_IKA":0.003246644,"data_generator_T":87.550003},{"data_generator_IKA":0.0032070146,"data_generator_T":87.720001},{"data_generator_IKA":0.0031678691,"data_generator_T":87.889999},{"data_generator_IKA":0.0031292015,"data_generator_T":88.059998},{"data_generator_IKA":0.0030910056,"data_generator_T":88.230003},{"data_generator_IKA":0.0030532761,"data_generator_T":88.400002},{"data_generator_IKA":0.0030160071,"data_generator_T":88.57},{"data_generator_IKA":0.0029791931,"data_generator_T":88.739998},{"data_generator_IKA":0.0029428285,"data_generator_T":88.910004},{"data_generator_IKA":0.0029069076,"data_generator_T":89.080002},{"data_generator_IKA":0.0028714251,"data_generator_T":89.25},{"data_generator_IKA":0.002836376,"data_generator_T":89.419998},{"data_generator_IKA":0.0028017545,"data_generator_T":89.589996},{"data_generator_IKA":0.0027675556,"data_generator_T":89.760002},{"data_generator_IKA":0.0027337743,"data_generator_T":89.93},{"data_generator_IKA":0.0027004052,"data_generator_T":90.099998},{"data_generator_IKA":0.0026674434,"data_generator_T":90.269997},{"data_generator_IKA":0.0026348839,"data_generator_T":90.440002},{"data_generator_IKA":0.0026027218,"data_generator_T":90.610001},{"data_generator_IKA":0.0025709525,"data_generator_T":90.779999},{"data_generator_IKA":0.0025395709,"data_generator_T":90.949997},{"data_generator_IKA":0.0025085723,"data_generator_T":91.120003},{"data_generator_IKA":0.002477952,"data_generator_T":91.290001},{"data_generator_IKA":0.0024477057,"data_generator_T":91.459999},{"data_generator_IKA":0.0024178284,"data_generator_T":91.629997},{"data_generator_IKA":0.0023883157,"data_generator_T":91.800003},{"data_generator_IKA":0.0023591635,"data_generator_T":91.970001},{"data_generator_IKA":0.002330367,"data_generator_T":92.139999},{"data_generator_IKA":0.0023019221,"data_generator_T":92.309998},{"data_generator_IKA":0.0022738241,"data_generator_T":92.480003},{"data_generator_IKA":0.0022460693,"data_generator_T":92.650002},{"data_generator_IKA":0.0022186532,"data_generator_T":92.82},{"data_generator_IKA":0.002191572,"data_generator_T":92.989998},{"data_generator_IKA":0.0021648211,"data_generator_T":93.160004},{"data_generator_IKA":0.0021383967,"data_generator_T":93.330002},{"data_generator_IKA":0.002112295,"data_generator_T":93.5},{"data_generator_IKA":0.0020865118,"data_generator_T":93.669998},{"data_generator_IKA":0.0020610434,"data_generator_T":93.839996},{"data_generator_IKA":0.0020358858,"data_generator_T":94.010002},{"data_generator_IKA":0.0020110353,"data_generator_T":94.18},{"data_generator_IKA":0.0019864882,"data_generator_T":94.349998},{"data_generator_IKA":0.0019622406,"data_generator_T":94.519997},{"data_generator_IKA":0.001938289,"data_generator_T":94.690002},{"data_generator_IKA":0.0019146298,"data_generator_T":94.860001},{"data_generator_IKA":0.0018912595,"data_generator_T":95.029999},{"data_generator_IKA":0.0018681743,"data_generator_T":95.199997},{"data_generator_IKA":0.001845371,"data_generator_T":95.370003},{"data_generator_IKA":0.0018228459,"data_generator_T":95.540001},{"data_generator_IKA":0.0018005959,"data_generator_T":95.709999},{"data_generator_IKA":0.0017786174,"data_generator_T":95.879997},{"data_generator_IKA":0.0017569071,"data_generator_T":96.050003},{"data_generator_IKA":0.0017354619,"data_generator_T":96.220001},{"data_generator_IKA":0.0017142785,"data_generator_T":96.389999},{"data_generator_IKA":0.0016933536,"data_generator_T":96.559998},{"data_generator_IKA":0.0016726841,"data_generator_T":96.730003},{"data_generator_IKA":0.0016522669,"data_generator_T":96.900002},{"data_generator_IKA":0.001632099,"data_generator_T":97.07},{"data_generator_IKA":0.0016121772,"data_generator_T":97.239998},{"data_generator_IKA":0.0015924986,"data_generator_T":97.410004},{"data_generator_IKA":0.0015730602,"data_generator_T":97.580002},{"data_generator_IKA":0.0015538591,"data_generator_T":97.75},{"data_generator_IKA":0.0015348924,"data_generator_T":97.919998},{"data_generator_IKA":0.0015161571,"data_generator_T":98.089996},{"data_generator_IKA":0.0014976505,"data_generator_T":98.260002},{"data_generator_IKA":0.0014793698,"data_generator_T":98.43},{"data_generator_IKA":0.0014613123,"data_generator_T":98.599998},{"data_generator_IKA":0.0014434753,"data_generator_T":98.769997},{"data_generator_IKA":0.0014258558,"data_generator_T":98.940002},{"data_generator_IKA":0.0014084515,"data_generator_T":99.110001},{"data_generator_IKA":0.0013912596,"data_generator_T":99.279999},{"data_generator_IKA":0.0013742775,"data_generator_T":99.449997},{"data_generator_IKA":0.0013575028,"data_generator_T":99.620003},{"data_generator_IKA":0.0013409328,"data_generator_T":99.790001},{"data_generator_IKA":0.001324565,"data_generator_T":99.959999},{"data_generator_IKA":0.0013083972,"data_generator_T":100.13},{"data_generator_IKA":0.0012924265,"data_generator_T":100.3},{"data_generator_IKA":0.0012766509,"data_generator_T":100.47},{"data_generator_IKA":0.0012610678,"data_generator_T":100.64},{"data_generator_IKA":0.0012456749,"data_generator_T":100.81},{"data_generator_IKA":0.0012304699,"data_generator_T":100.98},{"data_generator_IKA":0.0012154505,"data_generator_T":101.15},{"data_generator_IKA":0.0012006144,"data_generator_T":101.32},{"data_generator_IKA":0.0011859594,"data_generator_T":101.49},{"data_generator_IKA":0.0011714833,"data_generator_T":101.66},{"data_generator_IKA":0.001157184,"data_generator_T":101.83},{"data_generator_IKA":0.0011430591,"data_generator_T":102.0},{"data_generator_IKA":0.0011291066,"data_generator_T":102.17},{"data_generator_IKA":0.0011153246,"data_generator_T":102.34},{"data_generator_IKA":0.0011017106,"data_generator_T":102.51},{"data_generator_IKA":0.0010882629,"data_generator_T":102.68},{"data_generator_IKA":0.0010749793,"data_generator_T":102.85},{"data_generator_IKA":0.0010618578,"data_generator_T":103.02},{"data_generator_IKA":0.0010488966,"data_generator_T":103.19},{"data_generator_IKA":0.0010360935,"data_generator_T":103.36},{"data_generator_IKA":0.0010234467,"data_generator_T":103.53},{"data_generator_IKA":0.0010109543,"data_generator_T":103.7},{"data_generator_IKA":0.0009986144,"data_generator_T":103.87},{"data_generator_IKA":0.000986425,"data_generator_T":104.04},{"data_generator_IKA":0.0009743845,"data_generator_T":104.21},{"data_generator_IKA":0.0009624909,"data_generator_T":104.38},{"data_generator_IKA":0.0009507425,"data_generator_T":104.55},{"data_generator_IKA":0.0009391375,"data_generator_T":104.72},{"data_generator_IKA":0.0009276742,"data_generator_T":104.89},{"data_generator_IKA":0.0009163508,"data_generator_T":105.06},{"data_generator_IKA":0.0009051656,"data_generator_T":105.23},{"data_generator_IKA":0.0008941169,"data_generator_T":105.4},{"data_generator_IKA":0.0008832032,"data_generator_T":105.57},{"data_generator_IKA":0.0008724226,"data_generator_T":105.74},{"data_generator_IKA":0.0008617736,"data_generator_T":105.91},{"data_generator_IKA":0.0008512546,"data_generator_T":106.08},{"data_generator_IKA":0.000840864,"data_generator_T":106.25},{"data_generator_IKA":0.0008306002,"data_generator_T":106.42},{"data_generator_IKA":0.0008204617,"data_generator_T":106.59},{"data_generator_IKA":0.0008104469,"data_generator_T":106.76},{"data_generator_IKA":0.0008005545,"data_generator_T":106.93},{"data_generator_IKA":0.0007907827,"data_generator_T":107.1},{"data_generator_IKA":0.0007811302,"data_generator_T":107.27},{"data_generator_IKA":0.0007715956,"data_generator_T":107.44},{"data_generator_IKA":0.0007621773,"data_generator_T":107.61},{"data_generator_IKA":0.000752874,"data_generator_T":107.78},{"data_generator_IKA":0.0007436842,"data_generator_T":107.95},{"data_generator_IKA":0.0007346066,"data_generator_T":108.12},{"data_generator_IKA":0.0007256399,"data_generator_T":108.29},{"data_generator_IKA":0.0007167825,"data_generator_T":108.46},{"data_generator_IKA":0.0007080333,"data_generator_T":108.63},{"data_generator_IKA":0.0006993909,"data_generator_T":108.8},{"data_generator_IKA":0.000690854,"data_generator_T":108.97},{"data_generator_IKA":0.0006824213,"data_generator_T":109.14},{"data_generator_IKA":0.0006740914,"data_generator_T":109.31},{"data_generator_IKA":0.0006658633,"data_generator_T":109.48},{"data_generator_IKA":0.0006577356,"data_generator_T":109.65},{"data_generator_IKA":0.0006497072,"data_generator_T":109.82},{"data_generator_IKA":0.0006417767,"data_generator_T":109.99},{"data_generator_IKA":0.000633943,"data_generator_T":110.16},{"data_generator_IKA":0.0006262049,"data_generator_T":110.33},{"data_generator_IKA":0.0006185614,"data_generator_T":110.5},{"data_generator_IKA":0.0006110111,"data_generator_T":110.67},{"data_generator_IKA":0.0006035529,"data_generator_T":110.84},{"data_generator_IKA":0.0005961858,"data_generator_T":111.01},{"data_generator_IKA":0.0005889086,"data_generator_T":111.18},{"data_generator_IKA":0.0005817203,"data_generator_T":111.35},{"data_generator_IKA":0.0005746197,"data_generator_T":111.52},{"data_generator_IKA":0.0005676057,"data_generator_T":111.69},{"data_generator_IKA":0.0005606774,"data_generator_T":111.86},{"data_generator_IKA":0.0005538337,"data_generator_T":112.03},{"data_generator_IKA":0.0005470734,"data_generator_T":112.2},{"data_generator_IKA":0.0005403957,"data_generator_T":112.37},{"data_generator_IKA":0.0005337995,"data_generator_T":112.54},{"data_generator_IKA":0.0005272838,"data_generator_T":112.71},{"data_generator_IKA":0.0005208477,"data_generator_T":112.88},{"data_generator_IKA":0.0005144901,"data_generator_T":113.05},{"data_generator_IKA":0.0005082101,"data_generator_T":113.22},{"data_generator_IKA":0.0005020068,"data_generator_T":113.39},{"data_generator_IKA":0.0004958792,"data_generator_T":113.56},{"data_generator_IKA":0.0004898264,"data_generator_T":113.73},{"data_generator_IKA":0.0004838474,"data_generator_T":113.9},{"data_generator_IKA":0.0004779415,"data_generator_T":114.07},{"data_generator_IKA":0.0004721076,"data_generator_T":114.24},{"data_generator_IKA":0.000466345,"data_generator_T":114.41},{"data_generator_IKA":0.0004606526,"data_generator_T":114.58},{"data_generator_IKA":0.0004550298,"data_generator_T":114.75},{"data_generator_IKA":0.0004494756,"data_generator_T":114.92},{"data_generator_IKA":0.0004439892,"data_generator_T":115.09},{"data_generator_IKA":0.0004385698,"data_generator_T":115.26},{"data_generator_IKA":0.0004332165,"data_generator_T":115.43},{"data_generator_IKA":0.0004279286,"data_generator_T":115.6},{"data_generator_IKA":0.0004227051,"data_generator_T":115.77},{"data_generator_IKA":0.0004175455,"data_generator_T":115.94},{"data_generator_IKA":0.0004124489,"data_generator_T":116.11},{"data_generator_IKA":0.0004074144,"data_generator_T":116.28},{"data_generator_IKA":0.0004024414,"data_generator_T":116.45},{"data_generator_IKA":0.0003975291,"data_generator_T":116.62},{"data_generator_IKA":0.0003926768,"data_generator_T":116.79},{"data_generator_IKA":0.0003878837,"data_generator_T":116.96},{"data_generator_IKA":0.0003831491,"data_generator_T":117.13},{"data_generator_IKA":0.0003784723,"data_generator_T":117.3},{"data_generator_IKA":0.0003738526,"data_generator_T":117.47},{"data_generator_IKA":0.0003692892,"data_generator_T":117.64},{"data_generator_IKA":0.0003647816,"data_generator_T":117.81},{"data_generator_IKA":0.000360329,"data_generator_T":117.98},{"data_generator_IKA":0.0003559307,"data_generator_T":118.15},{"data_generator_IKA":0.0003515861,"data_generator_T":118.32},{"data_generator_IKA":0.0003472946,"data_generator_T":118.49},{"data_generator_IKA":0.0003430555,"data_generator_T":118.66},{"data_generator_IKA":0.000338868,"data_generator_T":118.83},{"data_generator_IKA":0.0003347317,"data_generator_T":119.0},{"data_generator_IKA":0.0003306459,"data_generator_T":119.17},{"data_generator_IKA":0.00032661,"data_generator_T":119.34},{"data_generator_IKA":0.0003226233,"data_generator_T":119.51},{"data_generator_IKA":0.0003186853,"data_generator_T":119.68},{"data_generator_IKA":0.0003147954,"data_generator_T":119.85},{"data_generator_IKA":0.0003109529,"data_generator_T":120.02},{"data_generator_IKA":0.0003071573,"data_generator_T":120.19},{"data_generator_IKA":0.0003034081,"data_generator_T":120.36},{"data_generator_IKA":0.0002997046,"data_generator_T":120.53},{"data_generator_IKA":0.0002960464,"data_generator_T":120.7},{"data_generator_IKA":0.0002924328,"data_generator_T":120.87},{"data_generator_IKA":0.0002888632,"data_generator_T":121.04},{"data_generator_IKA":0.0002853373,"data_generator_T":121.21},{"data_generator_IKA":0.0002818544,"data_generator_T":121.38},{"data_generator_IKA":0.000278414,"data_generator_T":121.55},{"data_generator_IKA":0.0002750157,"data_generator_T":121.72},{"data_generator_IKA":0.0002716587,"data_generator_T":121.89},{"data_generator_IKA":0.0002683428,"data_generator_T":122.06},{"data_generator_IKA":0.0002650674,"data_generator_T":122.23},{"data_generator_IKA":0.0002618319,"data_generator_T":122.4},{"data_generator_IKA":0.0002586359,"data_generator_T":122.57},{"data_generator_IKA":0.0002554789,"data_generator_T":122.74},{"data_generator_IKA":0.0002523605,"data_generator_T":122.91},{"data_generator_IKA":0.0002492801,"data_generator_T":123.08},{"data_generator_IKA":0.0002462374,"data_generator_T":123.25},{"data_generator_IKA":0.0002432317,"data_generator_T":123.42},{"data_generator_IKA":0.0002402628,"data_generator_T":123.59},{"data_generator_IKA":0.0002373301,"data_generator_T":123.76},{"data_generator_IKA":0.0002344332,"data_generator_T":123.93},{"data_generator_IKA":0.0002315716,"data_generator_T":124.1},{"data_generator_IKA":0.000228745,"data_generator_T":124.27},{"data_generator_IKA":0.0002259529,"data_generator_T":124.44},{"data_generator_IKA":0.0002231949,"data_generator_T":124.61},{"data_generator_IKA":0.0002204705,"data_generator_T":124.78},{"data_generator_IKA":0.0002177794,"data_generator_T":124.95},{"data_generator_IKA":0.0002151211,"data_generator_T":125.12},{"data_generator_IKA":0.0002124953,"data_generator_T":125.29},{"data_generator_IKA":0.0002099015,"data_generator_T":125.46},{"data_generator_IKA":0.0002073394,"data_generator_T":125.63},{"data_generator_IKA":0.0002048086,"data_generator_T":125.8},{"data_generator_IKA":0.0002023087,"data_generator_T":125.97},{"data_generator_IKA":0.0001998392,"data_generator_T":126.14},{"data_generator_IKA":0.0001974,"data_generator_T":126.31},{"data_generator_IKA":0.0001949904,"data_generator_T":126.48},{"data_generator_IKA":0.0001926103,"data_generator_T":126.65},{"data_generator_IKA":0.0001902593,"data_generator_T":126.82},{"data_generator_IKA":0.0001879369,"data_generator_T":126.99},{"data_generator_IKA":0.0001856429,"data_generator_T":127.16},{"data_generator_IKA":0.0001833769,"data_generator_T":127.33},{"data_generator_IKA":0.0001811386,"data_generator_T":127.5},{"data_generator_IKA":0.0001789276,"data_generator_T":127.67},{"data_generator_IKA":0.0001767436,"data_generator_T":127.84},{"data_generator_IKA":0.0001745862,"data_generator_T":128.00999},{"data_generator_IKA":0.0001724551,"data_generator_T":128.17999},{"data_generator_IKA":0.0001703501,"data_generator_T":128.35001},{"data_generator_IKA":0.0001682708,"data_generator_T":128.52},{"data_generator_IKA":0.0001662168,"data_generator_T":128.69},{"data_generator_IKA":0.0001641879,"data_generator_T":128.86},{"data_generator_IKA":0.0001621838,"data_generator_T":129.03},{"data_generator_IKA":0.0001602042,"data_generator_T":129.2},{"data_generator_IKA":0.0001582487,"data_generator_T":129.37},{"data_generator_IKA":0.0001563171,"data_generator_T":129.53999},{"data_generator_IKA":0.000154409,"data_generator_T":129.71001},{"data_generator_IKA":0.0001525243,"data_generator_T":129.88},{"data_generator_IKA":0.0001506625,"data_generator_T":130.05},{"data_generator_IKA":0.0001488235,"data_generator_T":130.22},{"data_generator_IKA":0.0001470069,"data_generator_T":130.39},{"data_generator_IKA":0.0001452125,"data_generator_T":130.56},{"data_generator_IKA":0.00014344,"data_generator_T":130.73},{"data_generator_IKA":0.0001416892,"data_generator_T":130.89999},{"data_generator_IKA":0.0001399597,"data_generator_T":131.07001},{"data_generator_IKA":0.0001382513,"data_generator_T":131.24001},{"data_generator_IKA":0.0001365638,"data_generator_T":131.41},{"data_generator_IKA":0.0001348968,"data_generator_T":131.58},{"data_generator_IKA":0.0001332503,"data_generator_T":131.75},{"data_generator_IKA":0.0001316238,"data_generator_T":131.92},{"data_generator_IKA":0.0001300171,"data_generator_T":132.09},{"data_generator_IKA":0.0001284301,"data_generator_T":132.25999},{"data_generator_IKA":0.0001268625,"data_generator_T":132.42999},{"data_generator_IKA":0.000125314,"data_generator_T":132.60001},{"data_generator_IKA":0.0001237844,"data_generator_T":132.77},{"data_generator_IKA":0.0001222734,"data_generator_T":132.94},{"data_generator_IKA":0.0001207809,"data_generator_T":133.11},{"data_generator_IKA":0.0001193066,"data_generator_T":133.28},{"data_generator_IKA":0.0001178504,"data_generator_T":133.45},{"data_generator_IKA":0.0001164118,"data_generator_T":133.62},{"data_generator_IKA":0.0001149909,"data_generator_T":133.78999},{"data_generator_IKA":0.0001135873,"data_generator_T":133.96001},{"data_generator_IKA":0.0001122008,"data_generator_T":134.13},{"data_generator_IKA":0.0001108313,"data_generator_T":134.3},{"data_generator_IKA":0.0001094784,"data_generator_T":134.47},{"data_generator_IKA":0.0001081421,"data_generator_T":134.64},{"data_generator_IKA":0.0001068221,"data_generator_T":134.81},{"data_generator_IKA":0.0001055182,"data_generator_T":134.98},{"data_generator_IKA":0.0001042302,"data_generator_T":135.14999},{"data_generator_IKA":0.000102958,"data_generator_T":135.32001},{"data_generator_IKA":0.0001017012,"data_generator_T":135.49001},{"data_generator_IKA":0.0001004598,"data_generator_T":135.66},{"data_generator_IKA":0.0000992336,"data_generator_T":135.83},{"data_generator_IKA":0.0000980223,"data_generator_T":136.0},{"data_generator_IKA":0.0000968259,"data_generator_T":136.17},{"data_generator_IKA":0.000095644,"data_generator_T":136.34},{"data_generator_IKA":0.0000944765,"data_generator_T":136.50999},{"data_generator_IKA":0.0000933233,"data_generator_T":136.67999},{"data_generator_IKA":0.0000921842,"data_generator_T":136.85001},{"data_generator_IKA":0.000091059,"data_generator_T":137.02},{"data_generator_IKA":0.0000899475,"data_generator_T":137.19},{"data_generator_IKA":0.0000888496,"data_generator_T":137.36},{"data_generator_IKA":0.0000877651,"data_generator_T":137.53},{"data_generator_IKA":0.0000866938,"data_generator_T":137.7},{"data_generator_IKA":0.0000856356,"data_generator_T":137.87},{"data_generator_IKA":0.0000845903,"data_generator_T":138.03999},{"data_generator_IKA":0.0000835578,"data_generator_T":138.21001},{"data_generator_IKA":0.0000825378,"data_generator_T":138.38},{"data_generator_IKA":0.0000815304,"data_generator_T":138.55},{"data_generator_IKA":0.0000805352,"data_generator_T":138.72},{"data_generator_IKA":0.0000795521,"data_generator_T":138.89},{"data_generator_IKA":0.0000785811,"data_generator_T":139.06},{"data_generator_IKA":0.0000776219,"data_generator_T":139.23},{"data_generator_IKA":0.0000766745,"data_generator_T":139.39999},{"data_generator_IKA":0.0000757386,"data_generator_T":139.57001},{"data_generator_IKA":0.0000748141,"data_generator_T":139.74001},{"data_generator_IKA":0.0000739009,"data_generator_T":139.91},{"data_generator_IKA":0.0000729988,"data_generator_T":140.08},{"data_generator_IKA":0.0000721078,"data_generator_T":140.25},{"data_generator_IKA":0.0000712276,"data_generator_T":140.42},{"data_generator_IKA":0.0000703582,"data_generator_T":140.59},{"data_generator_IKA":0.0000694994,"data_generator_T":140.75999},{"data_generator_IKA":0.0000686511,"data_generator_T":140.92999},{"data_generator_IKA":0.0000678131,"data_generator_T":141.10001},{"data_generator_IKA":0.0000669854,"data_generator_T":141.27},{"data_generator_IKA":0.0000661677,"data_generator_T":141.44},{"data_generator_IKA":0.0000653601,"data_generator_T":141.61},{"data_generator_IKA":0.0000645623,"data_generator_T":141.78},{"data_generator_IKA":0.0000637742,"data_generator_T":141.95},{"data_generator_IKA":0.0000629958,"data_generator_T":142.12},{"data_generator_IKA":0.0000622268,"data_generator_T":142.28999},{"data_generator_IKA":0.0000614673,"data_generator_T":142.46001},{"data_generator_IKA":0.000060717,"data_generator_T":142.63},{"data_generator_IKA":0.0000599758,"data_generator_T":142.8},{"data_generator_IKA":0.0000592438,"data_generator_T":142.97},{"data_generator_IKA":0.0000585206,"data_generator_T":143.14},{"data_generator_IKA":0.0000578063,"data_generator_T":143.31},{"data_generator_IKA":0.0000571007,"data_generator_T":143.48},{"data_generator_IKA":0.0000564037,"data_generator_T":143.64999},{"data_generator_IKA":0.0000557152,"data_generator_T":143.82001},{"data_generator_IKA":0.0000550352,"data_generator_T":143.99001},{"data_generator_IKA":0.0000543634,"data_generator_T":144.16},{"data_generator_IKA":0.0000536998,"data_generator_T":144.33},{"data_generator_IKA":0.0000530444,"data_generator_T":144.5},{"data_generator_IKA":0.0000523969,"data_generator_T":144.67},{"data_generator_IKA":0.0000517573,"data_generator_T":144.84},{"data_generator_IKA":0.0000511256,"data_generator_T":145.00999},{"data_generator_IKA":0.0000505015,"data_generator_T":145.17999},{"data_generator_IKA":0.0000498851,"data_generator_T":145.35001},{"data_generator_IKA":0.0000492762,"data_generator_T":145.52},{"data_generator_IKA":0.0000486747,"data_generator_T":145.69},{"data_generator_IKA":0.0000480806,"data_generator_T":145.86},{"data_generator_IKA":0.0000474937,"data_generator_T":146.03},{"data_generator_IKA":0.000046914,"data_generator_T":146.2},{"data_generator_IKA":0.0000463413,"data_generator_T":146.37},{"data_generator_IKA":0.0000457757,"data_generator_T":146.53999},{"data_generator_IKA":0.0000452169,"data_generator_T":146.71001},{"data_generator_IKA":0.000044665,"data_generator_T":146.88},{"data_generator_IKA":0.0000441198,"data_generator_T":147.05},{"data_generator_IKA":0.0000435813,"data_generator_T":147.22},{"data_generator_IKA":0.0000430493,"data_generator_T":147.39},{"data_generator_IKA":0.0000425238,"data_generator_T":147.56},{"data_generator_IKA":0.0000420048,"data_generator_T":147.73},{"data_generator_IKA":0.000041492,"data_generator_T":147.89999},{"data_generator_IKA":0.0000409856,"data_generator_T":148.07001},{"data_generator_IKA":0.0000404853,"data_generator_T":148.24001},{"data_generator_IKA":0.0000399911,"data_generator_T":148.41},{"data_generator_IKA":0.000039503,"data_generator_T":148.58},{"data_generator_IKA":0.0000390208,"data_generator_T":148.75},{"data_generator_IKA":0.0000385445,"data_generator_T":148.92},{"data_generator_IKA":0.000038074,"data_generator_T":149.09},{"data_generator_IKA":0.0000376093,"data_generator_T":149.25999},{"data_generator_IKA":0.0000371502,"data_generator_T":149.42999},{"data_generator_IKA":0.0000366968,"data_generator_T":149.60001},{"data_generator_IKA":0.0000362488,"data_generator_T":149.77},{"data_generator_IKA":0.0000358064,"data_generator_T":149.94},{"data_generator_IKA":0.0000353693,"data_generator_T":150.11},{"data_generator_IKA":0.0000349376,"data_generator_T":150.28},{"data_generator_IKA":0.0000345111,"data_generator_T":150.45},{"data_generator_IKA":0.0000340899,"data_generator_T":150.62},{"data_generator_IKA":0.0000336738,"data_generator_T":150.78999},{"data_generator_IKA":0.0000332627,"data_generator_T":150.96001},{"data_generator_IKA":0.0000328567,"data_generator_T":151.13},{"data_generator_IKA":0.0000324557,"data_generator_T":151.3},{"data_generator_IKA":0.0000320595,"data_generator_T":151.47},{"data_generator_IKA":0.0000316682,"data_generator_T":151.64},{"data_generator_IKA":0.0000312816,"data_generator_T":151.81},{"data_generator_IKA":0.0000308998,"data_generator_T":151.98},{"data_generator_IKA":0.0000305226,"data_generator_T":152.14999},{"data_generator_IKA":0.0000301501,"data_generator_T":152.32001},{"data_generator_IKA":0.000029782,"data_generator_T":152.49001},{"data_generator_IKA":0.0000294185,"data_generator_T":152.66},{"data_generator_IKA":0.0000290594,"data_generator_T":152.83},{"data_generator_IKA":0.0000287047,"data_generator_T":153.0},{"data_generator_IKA":0.0000283543,"data_generator_T":153.17},{"data_generator_IKA":0.0000280082,"data_generator_T":153.34},{"data_generator_IKA":0.0000276664,"data_generator_T":153.50999},{"data_generator_IKA":0.0000273287,"data_generator_T":153.67999},{"data_generator_IKA":0.0000269951,"data_generator_T":153.85001},{"data_generator_IKA":0.0000266656,"data_generator_T":154.02},{"data_generator_IKA":0.0000263401,"data_generator_T":154.19},{"data_generator_IKA":0.0000260186,"data_generator_T":154.36},{"data_generator_IKA":0.000025701,"data_generator_T":154.53},{"data_generator_IKA":0.0000253873,"data_generator_T":154.7},{"data_generator_IKA":0.0000250774,"data_generator_T":154.87},{"data_generator_IKA":0.0000247713,"data_generator_T":155.03999},{"data_generator_IKA":0.0000244689,"data_generator_T":155.21001},{"data_generator_IKA":0.0000241703,"data_generator_T":155.38},{"data_generator_IKA":0.0000238752,"data_generator_T":155.55},{"data_generator_IKA":0.0000235838,"data_generator_T":155.72},{"data_generator_IKA":0.0000232959,"data_generator_T":155.89},{"data_generator_IKA":0.0000230116,"data_generator_T":156.06},{"data_generator_IKA":0.0000227307,"data_generator_T":156.23},{"data_generator_IKA":0.0000224532,"data_generator_T":156.39999},{"data_generator_IKA":0.0000221792,"data_generator_T":156.57001},{"data_generator_IKA":0.0000219084,"data_generator_T":156.74001},{"data_generator_IKA":0.000021641,"data_generator_T":156.91},{"data_generator_IKA":0.0000213769,"data_generator_T":157.08},{"data_generator_IKA":0.0000211159,"data_generator_T":157.25},{"data_generator_IKA":0.0000208582,"data_generator_T":157.42},{"data_generator_IKA":0.0000206036,"data_generator_T":157.59},{"data_generator_IKA":0.0000203521,"data_generator_T":157.75999},{"data_generator_IKA":0.0000201037,"data_generator_T":157.92999},{"data_generator_IKA":0.0000198583,"data_generator_T":158.10001},{"data_generator_IKA":0.0000196159,"data_generator_T":158.27},{"data_generator_IKA":0.0000193765,"data_generator_T":158.44},{"data_generator_IKA":0.0000191399,"data_generator_T":158.61},{"data_generator_IKA":0.0000189063,"data_generator_T":158.78},{"data_generator_IKA":0.0000186755,"data_generator_T":158.95},{"data_generator_IKA":0.0000184476,"data_generator_T":159.12},{"data_generator_IKA":0.0000182224,"data_generator_T":159.28999},{"data_generator_IKA":0.000018,"data_generator_T":159.46001},{"data_generator_IKA":0.0000177803,"data_generator_T":159.63},{"data_generator_IKA":0.0000175632,"data_generator_T":159.8},{"data_generator_IKA":0.0000173489,"data_generator_T":159.97},{"data_generator_IKA":0.0,"data_generator_T":160.14},{"data_generator_IKA":0.0,"data_generator_T":160.31},{"data_generator_IKA":0.0,"data_generator_T":160.48},{"data_generator_IKA":0.0,"data_generator_T":160.64999},{"data_generator_IKA":0.0,"data_generator_T":160.82001},{"data_generator_IKA":0.0,"data_generator_T":160.99001},{"data_generator_IKA":0.0,"data_generator_T":161.16},{"data_generator_IKA":0.0,"data_generator_T":161.33},{"data_generator_IKA":0.0,"data_generator_T":161.5},{"data_generator_IKA":0.0,"data_generator_T":161.67},{"data_generator_IKA":0.0,"data_generator_T":161.84},{"data_generator_IKA":0.0,"data_generator_T":162.00999},{"data_generator_IKA":0.0,"data_generator_T":162.17999},{"data_generator_IKA":0.0,"data_generator_T":162.35001},{"data_generator_IKA":0.0,"data_generator_T":162.52},{"data_generator_IKA":0.0,"data_generator_T":162.69},{"data_generator_IKA":0.0,"data_generator_T":162.86},{"data_generator_IKA":0.0,"data_generator_T":163.03},{"data_generator_IKA":0.0,"data_generator_T":163.2},{"data_generator_IKA":0.0,"data_generator_T":163.37},{"data_generator_IKA":0.0,"data_generator_T":163.53999},{"data_generator_IKA":0.0,"data_generator_T":163.71001},{"data_generator_IKA":0.0,"data_generator_T":163.88},{"data_generator_IKA":0.0,"data_generator_T":164.05},{"data_generator_IKA":0.0,"data_generator_T":164.22},{"data_generator_IKA":0.0,"data_generator_T":164.39},{"data_generator_IKA":0.0,"data_generator_T":164.56},{"data_generator_IKA":0.0,"data_generator_T":164.73},{"data_generator_IKA":0.0,"data_generator_T":164.89999},{"data_generator_IKA":0.0,"data_generator_T":165.07001},{"data_generator_IKA":0.0,"data_generator_T":165.24001},{"data_generator_IKA":0.0,"data_generator_T":165.41},{"data_generator_IKA":0.0,"data_generator_T":165.58},{"data_generator_IKA":0.0,"data_generator_T":165.75},{"data_generator_IKA":0.0,"data_generator_T":165.92},{"data_generator_IKA":0.0,"data_generator_T":166.09},{"data_generator_IKA":0.0,"data_generator_T":166.25999},{"data_generator_IKA":0.0,"data_generator_T":166.42999},{"data_generator_IKA":0.0,"data_generator_T":166.60001},{"data_generator_IKA":0.0,"data_generator_T":166.77},{"data_generator_IKA":0.0,"data_generator_T":166.94},{"data_generator_IKA":0.0,"data_generator_T":167.11},{"data_generator_IKA":0.0,"data_generator_T":167.28},{"data_generator_IKA":0.0,"data_generator_T":167.45},{"data_generator_IKA":0.0,"data_generator_T":167.62},{"data_generator_IKA":0.0,"data_generator_T":167.78999},{"data_generator_IKA":0.0,"data_generator_T":167.96001},{"data_generator_IKA":0.0,"data_generator_T":168.13},{"data_generator_IKA":0.0,"data_generator_T":168.3},{"data_generator_IKA":0.0,"data_generator_T":168.47},{"data_generator_IKA":0.0,"data_generator_T":168.64},{"data_generator_IKA":0.0,"data_generator_T":168.81},{"data_generator_IKA":0.0,"data_generator_T":168.98},{"data_generator_IKA":0.0,"data_generator_T":169.14999},{"data_generator_IKA":0.0,"data_generator_T":169.32001},{"data_generator_IKA":0.0,"data_generator_T":169.49001},{"data_generator_IKA":0.0,"data_generator_T":169.66},{"data_generator_IKA":0.0,"data_generator_T":169.83},{"data_generator_IKA":0.0,"data_generator_T":170.0}]