[{"data_set_value_component_environment_variable_time":0.0,"data_set_value_component_T_variable_T":500.0,"data_set_value_component_LT_variable_LT":0.0,"data_set_value_component_RT_variable_RT":10000.0,"data_set_value_component_m_variable_m":500.0,"data_set_value_component_Lm_variable_Lm":1000.0,"data_set_value_component_Rm_variable_Rm":1000.0,"data_set_value_component_SL_variable_SL":0.0,"data_set_value_component_model_parameters_variable_k1":0.0000000008,"data_set_value_component_model_parameters_variable_k2":0.006,"data_set_value_component_model_parameters_variable_k3":5.9413,"data_set_value_component_model_parameters_variable_k4":0.35,"data_set_value_component_model_parameters_variable_k5":0.0000000025,"data_set_value_component_model_parameters_variable_k6":2244.0,"data_set_value_component_model_parameters_variable_k7":0.35,"data_set_value_component_model_parameters_variable_k8":19200000000.0,"data_set_value_component_model_parameters_variable_k9":8730000000.0,"data_set_value_component_model_parameters_variable_k10":3110.0,"data_set_value_component_model_parameters_variable_k11":13.9},{"data_set_value_component_environment_variable_time":0.1,"data_set_value_component_T_variable_T":379.0866002813,"data_set_value_component_LT_variable_LT":91.7095657477,"data_set_value_component_RT_variable_RT":8900.1859682409,"data_set_value_component_m_variable_m":499.0253094745,"data_set_value_component_Lm_variable_Lm":508.7448252495,"data_set_value_component_Rm_variable_Rm":1078.7948430504,"data_set_value_component_SL_variable_SL":0.0000000001,"data_set_value_component_model_parameters_variable_k1":0.0000000008,"data_set_value_component_model_parameters_variable_k2":0.006,"data_set_value_component_model_parameters_variable_k3":5.9413,"data_set_value_component_model_parameters_variable_k4":0.35,"data_set_value_component_model_parameters_variable_k5":0.0000000025,"data_set_value_component_model_parameters_variable_k6":2244.0,"data_set_value_component_model_parameters_variable_k7":0.35,"data_set_value_component_model_parameters_variable_k8":19200000000.0,"data_set_value_component_model_parameters_variable_k9":8730000000.0,"data_set_value_component_model_parameters_variable_k10":3110.0,"data_set_value_component_model_parameters_variable_k11":13.9},{"data_set_value_component_environment_variable_time":0.2,"data_set_value_component_T_variable_T":325.1965965424,"data_set_value_component_LT_variable_LT":121.8171108779,"data_set_value_component_RT_variable_RT":8030.7841775484,"data_set_value_component_m_variable_m":497.2367118218,"data_set_value_component_Lm_variable_Lm":385.0606248066,"data_set_value_component_Rm_variable_Rm":1158.4183100129,"data_set_value_component_SL_variable_SL":0.0,"data_set_value_component_model_parameters_variable_k1":0.0000000008,"data_set_value_component_model_parameters_variable_k2":0.006,"data_set_value_component_model_parameters_variable_k3":5.9413,"data_set_value_component_model_parameters_variable_k4":0.35,"data_set_value_component_model_parameters_variable_k5":0.0000000025,"data_set_value_component_model_parameters_variable_k6":2244.0,"data_set_value_component_model_parameters_variable_k7":0.35,"data_set_value_component_model_parameters_variable_k8":19200000000.0,"data_set_value_component_model_parameters_variable_k9":8730000000.0,"data_set_value_component_model_parameters_variable_k10":3110.0,"data_set_value_component_model_parameters_variable_k11":13.9},{"data_set_value_component_environment_variable_time":0.3,"data_set_value_component_T_variable_T":289.4056177573,"data_set_value_component_LT_variable_LT":127.9637753311,"data_set_value_component_RT_variable_RT":7236.8133157281,"data_set_value_component_m_variable_m":495.3217138336,"data_set_value_component_Lm_variable_Lm":357.4300131091,"data_set_value_component_Rm_variable_Rm":1223.5168055897,"data_set_value_component_SL_variable_SL":0.0000000001,"data_set_value_component_model_parameters_variable_k1":0.0000000008,"data_set_value_component_model_parameters_variable_k2":0.006,"data_set_value_component_model_parameters_variable_k3":5.9413,"data_set_value_component_model_parameters_variable_k4":0.35,"data_set_value_component_model_parameters_variable_k5":0.0000000025,"data_set_value_component_model_parameters_variable_k6":2244.0,"data_set_value_component_model_parameters_variable_k7":0.35,"data_set_value_component_model_parameters_variable_k8":19200000000.0,"data_set_value_component_model_parameters_variable_k9":8730000000.0,"data_set_value_component_model_parameters_variable_k10":3110.0,"data_set_value_component_model_parameters_variable_k11":13.9},{"data_set_value_component_environment_variable_time":0.4,"data_set_value_component_T_variable_T":261.502365332,"data_set_value_component_LT_variable_LT":124.427595578,"data_set_value_component_RT_variable_RT":6464.5441347217,"data_set_value_component_m_variable_m":493.5224163784,"data_set_value_component_Lm_variable_Lm":359.758108133,"data_set_value_component_Rm_variable_Rm":1266.2521874905,"data_set_value_component_SL_variable_SL":0.0000000001,"data_set_value_component_model_parameters_variable_k1":0.0000000008,"data_set_value_component_model_parameters_variable_k2":0.006,"data_set_value_component_model_parameters_variable_k3":5.9413,"data_set_value_component_model_parameters_variable_k4":0.35,"data_set_value_component_model_parameters_variable_k5":0.0000000025,"data_set_value_component_model_parameters_variable_k6":2244.0,"data_set_value_component_model_parameters_variable_k7":0.35,"data_set_value_component_model_parameters_variable_k8":19200000000.0,"data_set_value_component_model_parameters_variable_k9":8730000000.0,"data_set_value_component_model_parameters_variable_k10":3110.0,"data_set_value_component_model_parameters_variable_k11":13.9},{"data_set_value_component_environment_variable_time":0.5,"data_set_value_component_T_variable_T":238.5844852542,"data_set_value_component_LT_variable_LT":117.3122428462,"data_set_value_component_RT_variable_RT":5698.2985509871,"data_set_value_component_m_variable_m":491.9290719407,"data_set_value_component_Lm_variable_Lm":371.9442137629,"data_set_value_component_Rm_variable_Rm":1282.3848622185,"data_set_value_component_SL_variable_SL":0.0000000001,"data_set_value_component_model_parameters_variable_k1":0.0000000008,"data_set_value_component_model_parameters_variable_k2":0.006,"data_set_value_component_model_parameters_variable_k3":5.9413,"data_set_value_component_model_parameters_variable_k4":0.35,"data_set_value_component_model_parameters_variable_k5":0.0000000025,"data_set_value_component_model_parameters_variable_k6":2244.0,"data_set_value_component_model_parameters_variable_k7":0.35,"data_set_value_component_model_parameters_variable_k8":19200000000.0,"data_set_value_component_model_parameters_variable_k9":8730000000.0,"data_set_value_component_model_parameters_variable_k10":3110.0,"data_set_value_component_model_parameters_variable_k11":13.9},{"data_set_value_component_environment_variable_time":0.6,"data_set_value_component_T_variable_T":219.5795462554,"data_set_value_component_LT_variable_LT":109.338139151,"data_set_value_component_RT_variable_RT":4937.2386229164,"data_set_value_component_m_variable_m":490.5636766805,"data_set_value_component_Lm_variable_Lm":387.0919123976,"data_set_value_component_Rm_variable_Rm":1269.489867283,"data_set_value_component_SL_variable_SL":0.0000000001,"data_set_value_component_model_parameters_variable_k1":0.0000000008,"data_set_value_component_model_parameters_variable_k2":0.006,"data_set_value_component_model_parameters_variable_k3":5.9413,"data_set_value_component_model_parameters_variable_k4":0.35,"data_set_value_component_model_parameters_variable_k5":0.0000000025,"data_set_value_component_model_parameters_variable_k6":2244.0,"data_set_value_component_model_parameters_variable_k7":0.35,"data_set_value_component_model_parameters_variable_k8":19200000000.0,"data_set_value_component_model_parameters_variable_k9":8730000000.0,"data_set_value_component_model_parameters_variable_k10":3110.0,"data_set_value_component_model_parameters_variable_k11":13.9},{"data_set_value_component_environment_variable_time":0.7,"data_set_value_component_T_variable_T":203.9353106362,"data_set_value_component_LT_variable_LT":101.7144653678,"data_set_value_component_RT_variable_RT":4187.2052696925,"data_set_value_component_m_variable_m":489.4173799862,"data_set_value_component_Lm_variable_Lm":402.6164794877,"data_set_value_component_Rm_variable_Rm":1226.3037849185,"data_set_value_component_SL_variable_SL":0.0000000001,"data_set_value_component_model_parameters_variable_k1":0.0000000008,"data_set_value_component_model_parameters_variable_k2":0.006,"data_set_value_component_model_parameters_variable_k3":5.9413,"data_set_value_component_model_parameters_variable_k4":0.35,"data_set_value_component_model_parameters_variable_k5":0.0000000025,"data_set_value_component_model_parameters_variable_k6":2244.0,"data_set_value_component_model_parameters_variable_k7":0.35,"data_set_value_component_model_parameters_variable_k8":19200000000.0,"data_set_value_component_model_parameters_variable_k9":8730000000.0,"data_set_value_component_model_parameters_variable_k10":3110.0,"data_set_value_component_model_parameters_variable_k11":13.9},{"data_set_value_component_environment_variable_time":0.8,"data_set_value_component_T_variable_T":191.2621009682,"data_set_value_component_LT_variable_LT":94.9506554431,"data_set_value_component_RT_variable_RT":3457.3890041477,"data_set_value_component_m_variable_m":488.4693670858,"data_set_value_component_Lm_variable_Lm":417.4824335177,"data_set_value_component_Rm_variable_Rm":1152.4518141322,"data_set_value_component_SL_variable_SL":0.0000000001,"data_set_value_component_model_parameters_variable_k1":0.0000000008,"data_set_value_component_model_parameters_variable_k2":0.006,"data_set_value_component_model_parameters_variable_k3":5.9413,"data_set_value_component_model_parameters_variable_k4":0.35,"data_set_value_component_model_parameters_variable_k5":0.0000000025,"data_set_value_component_model_parameters_variable_k6":2244.0,"data_set_value_component_model_parameters_variable_k7":0.35,"data_set_value_component_model_parameters_variable_k8":19200000000.0,"data_set_value_component_model_parameters_variable_k9":8730000000.0,"data_set_value_component_model_parameters_variable_k10":3110.0,"data_set_value_component_model_parameters_variable_k11":13.9},{"data_set_value_component_environment_variable_time":0.9,"data_set_value_component_T_variable_T":181.2307877477,"data_set_value_component_LT_variable_LT":89.2269235225,"data_set_value_component_RT_variable_RT":2758.5764077544,"data_set_value_component_m_variable_m":487.6963933817,"data_set_value_component_Lm_variable_Lm":431.2672664754,"data_set_value_component_Rm_variable_Rm":1048.2705999143,"data_set_value_component_SL_variable_SL":0.0000000002,"data_set_value_component_model_parameters_variable_k1":0.0000000008,"data_set_value_component_model_parameters_variable_k2":0.006,"data_set_value_component_model_parameters_variable_k3":5.9413,"data_set_value_component_model_parameters_variable_k4":0.35,"data_set_value_component_model_parameters_variable_k5":0.0000000025,"data_set_value_component_model_parameters_variable_k6":2244.0,"data_set_value_component_model_parameters_variable_k7":0.35,"data_set_value_component_model_parameters_variable_k8":19200000000.0,"data_set_value_component_model_parameters_variable_k9":8730000000.0,"data_set_value_component_model_parameters_variable_k10":3110.0,"data_set_value_component_model_parameters_variable_k11":13.9},{"data_set_value_component_environment_variable_time":1.0,"data_set_value_component_T_variable_T":173.5436994955,"data_set_value_component_LT_variable_LT":84.569570577,"data_set_value_component_RT_variable_RT":2102.0232436778,"data_set_value_component_m_variable_m":487.0774534598,"data_set_value_component_Lm_variable_Lm":443.8143655485,"data_set_value_component_Rm_variable_Rm":914.5806246305,"data_set_value_component_SL_variable_SL":0.0000000002,"data_set_value_component_model_parameters_variable_k1":0.0000000008,"data_set_value_component_model_parameters_variable_k2":0.006,"data_set_value_component_model_parameters_variable_k3":5.9413,"data_set_value_component_model_parameters_variable_k4":0.35,"data_set_value_component_model_parameters_variable_k5":0.0000000025,"data_set_value_component_model_parameters_variable_k6":2244.0,"data_set_value_component_model_parameters_variable_k7":0.35,"data_set_value_component_model_parameters_variable_k8":19200000000.0,"data_set_value_component_model_parameters_variable_k9":8730000000.0,"data_set_value_component_model_parameters_variable_k10":3110.0,"data_set_value_component_model_parameters_variable_k11":13.9}]