[{"data_set_value_component_Environment_variable_t":0.0,"data_set_value_component_Environment_variable_Mg_tot":0.005,"data_set_value_component_Environment_variable_Pi_e":0.000125,"data_set_value_component_Environment_variable_ADP_e":0.0,"data_set_value_component_Fixed_parameters_variable_RT":2.4734,"data_set_value_component_Fixed_parameters_variable_F":0.096484,"data_set_value_component_Fixed_parameters_variable_n_A":3.0,"data_set_value_component_Fixed_parameters_variable_dG_C1o":-69.37,"data_set_value_component_Fixed_parameters_variable_dG_C3o":-32.53,"data_set_value_component_Fixed_parameters_variable_dG_C4o":-122.94,"data_set_value_component_Fixed_parameters_variable_dG_F1o":36.03,"data_set_value_component_Fixed_parameters_variable_pH_e":7.1,"data_set_value_component_Fixed_parameters_variable_H_e":0.0000000794,"data_set_value_component_Fixed_parameters_variable_K_e":0.15,"data_set_value_component_Fixed_parameters_variable_ATP_e":0.0,"data_set_value_component_Fixed_parameters_variable_AMP_e":0.0,"data_set_value_component_Fixed_parameters_variable_k_dHPi":0.0000001778,"data_set_value_component_Fixed_parameters_variable_k_dHatp":0.0000003311,"data_set_value_component_Fixed_parameters_variable_k_dHadp":0.0000005129,"data_set_value_component_Fixed_parameters_variable_K_DT":0.000024,"data_set_value_component_Fixed_parameters_variable_K_DD":0.000347,"data_set_value_component_Fixed_parameters_variable_K_AK":0.4331,"data_set_value_component_Fixed_parameters_variable_W_m":0.72376,"data_set_value_component_Fixed_parameters_variable_W_x":0.651384,"data_set_value_component_Fixed_parameters_variable_W_i":0.072376,"data_set_value_component_Fixed_parameters_variable_gamma":5.99,"data_set_value_component_Fixed_parameters_variable_Ctot":0.0027,"data_set_value_component_Fixed_parameters_variable_Qtot":0.00135,"data_set_value_component_Fixed_parameters_variable_NADtot":0.00297,"data_set_value_component_Fixed_parameters_variable_H_i":0.0000000794,"data_set_value_component_Fixed_parameters_variable_K_i":0.15,"data_set_value_component_Adjustable_parameters_variable_k_Pi1":0.00013413,"data_set_value_component_Adjustable_parameters_variable_k_Pi2":0.00067668,"data_set_value_component_Adjustable_parameters_variable_k_Pi3":0.00019172,"data_set_value_component_Adjustable_parameters_variable_k_Pi4":0.02531,"data_set_value_component_Adjustable_parameters_variable_k_PiH":0.00045082,"data_set_value_component_Adjustable_parameters_variable_r":4.5807,"data_set_value_component_Adjustable_parameters_variable_x_DH":0.09183,"data_set_value_component_Adjustable_parameters_variable_x_C1":0.36923,"data_set_value_component_Adjustable_parameters_variable_x_C3":0.091737,"data_set_value_component_Adjustable_parameters_variable_x_C4":0.000032562,"data_set_value_component_Adjustable_parameters_variable_x_F1":150.93,"data_set_value_component_Adjustable_parameters_variable_x_ANT":0.0079204,"data_set_value_component_Adjustable_parameters_variable_x_Pi1":339430.0,"data_set_value_component_Adjustable_parameters_variable_x_KH":29802000.0,"data_set_value_component_Adjustable_parameters_variable_x_Hle":250.0,"data_set_value_component_Adjustable_parameters_variable_x_K":0.0,"data_set_value_component_Adjustable_parameters_variable_k_mADP":0.0000035,"data_set_value_component_Adjustable_parameters_variable_x_AK":0.0,"data_set_value_component_Adjustable_parameters_variable_p_A":85.0,"data_set_value_component_Adjustable_parameters_variable_k_O2":0.00012,"data_set_value_component_Adjustable_parameters_variable_x_buff":100.0,"data_set_value_component_Adjustable_parameters_variable_x_MgA":1000000.0,"data_set_value_component_Adjustable_parameters_variable_x_Pi2":327.0,"data_set_value_component_Proton_motive_force_variable_dG_H":16.0069613969,"data_set_value_component_Dehydrogenase_flux_variable_J_DH":0.0016400519,"data_set_value_component_Electron_flux_complex_I_variable_J_C1":0.0015401328,"data_set_value_component_Electron_flux_complex_I_variable_dG_C1op":-67.3041904283,"data_set_value_component_Electron_flux_complex_III_variable_J_C3":0.0010230461,"data_set_value_component_Electron_flux_complex_III_variable_dG_C3op":-35.7348523655,"data_set_value_component_Electron_flux_complex_IV_variable_J_C4":0.0092960386,"data_set_value_component_Electron_flux_complex_IV_variable_dG_C4op":-107.6055604939,"data_set_value_component_ATP_synthesis_flux_variable_J_F1":0.0,"data_set_value_component_ANT_flux_variable_J_ANT":0.0,"data_set_value_component_ANT_flux_variable_Psi_x":-104.0,"data_set_value_component_ANT_flux_variable_Psi_i":56.0,"data_set_value_component_ANT_flux_variable_mincond":0.0,"data_set_value_component_MgATPx_binding_flux_variable_J_MgATPx":0.0,"data_set_value_component_MgATPx_binding_flux_variable_ATP_fx":0.0,"data_set_value_component_MgADPx_binding_flux_variable_J_MgADPx":50.0,"data_set_value_component_MgADPx_binding_flux_variable_ADP_fx":0.01,"data_set_value_component_MgATPi_binding_flux_variable_J_MgATPi":0.0,"data_set_value_component_MgATPi_binding_flux_variable_ATP_fi":0.0,"data_set_value_component_MgADPi_binding_flux_variable_J_MgADPi":0.0,"data_set_value_component_MgADPi_binding_flux_variable_ADP_fi":0.0,"data_set_value_component_ATP_substrate_flux_variable_J_ATP":0.0,"data_set_value_component_ADP_substrate_flux_variable_J_ADP":0.0,"data_set_value_component_AMP_substrate_flux_variable_J_AMP":0.0,"data_set_value_component_Pi_substrate_flux_variable_J_Pi2":-1.71388875,"data_set_value_component_Phosphate_hydrogen_cotransporter_flux_variable_J_Pi1":-0.0005903318,"data_set_value_component_Phosphate_hydrogen_cotransporter_flux_variable_H2PIi":0.0003087638,"data_set_value_component_Phosphate_hydrogen_cotransporter_flux_variable_H2PIx":0.000261891,"data_set_value_component_Adenylate_kinase_flux_variable_J_AKi":0.0,"data_set_value_component_Hydrogen_leak_flux_variable_J_Hle":0.0031785879,"data_set_value_component_Passive_potassium_flux_variable_J_K":0.0,"data_set_value_component_Potassium_hydrogen_flux_variable_J_KH":-0.049359119,"data_set_value_component_NAD_x_concentration_variable_NAD_x":0.00147,"data_set_value_component_Q_concentration_variable_Q":0.00055,"data_set_value_component_Cox_concentration_variable_Cox":0.0017,"data_set_value_component_ADP_binding_variable_ADP_me":0.0,"data_set_value_component_ADP_binding_variable_ADP_fe":0.0,"data_set_value_component_Mg_binding_variable_Mg_e":0.005,"data_set_value_component_Mg_binding_variable_Mg_i":0.005,"data_set_value_component_dH_x_dt_variable_H_x":0.0000000631,"data_set_value_component_dK_x_dt_variable_K_x":0.14,"data_set_value_component_dMg_x_dt_variable_Mg_x":0.005,"data_set_value_component_dNADH_x_dt_variable_NADH_x":0.0015,"data_set_value_component_dQH2_dt_variable_QH2":0.0008,"data_set_value_component_dCred_dt_variable_Cred":0.001,"data_set_value_component_dATP_x_dt_variable_ATP_x":0.0,"data_set_value_component_dADP_x_dt_variable_ADP_x":0.01,"data_set_value_component_dATP_mx_dt_variable_ATP_mx":0.0,"data_set_value_component_dADP_mx_dt_variable_ADP_mx":0.0,"data_set_value_component_dPi_x_dt_variable_Pi_x":0.001,"data_set_value_component_dATP_i_dt_variable_ATP_i":0.0,"data_set_value_component_dADP_i_dt_variable_ADP_i":0.0,"data_set_value_component_dAMP_i_dt_variable_AMP_i":0.0,"data_set_value_component_dATP_mi_dt_variable_ATP_mi":0.0,"data_set_value_component_dADP_mi_dt_variable_ADP_mi":0.0,"data_set_value_component_dPi_i_dt_variable_Pi_i":0.001,"data_set_value_component_dPsi_dt_variable_dPsi":160.0,"data_set_value_component_dPsi_dt_variable_C_im":0.0000067568,"data_set_value_component_dO2_dt_variable_O2":0.000026},{"data_set_value_component_Environment_variable_t":0.1,"data_set_value_component_Environment_variable_Mg_tot":0.005,"data_set_value_component_Environment_variable_Pi_e":0.000125,"data_set_value_component_Environment_variable_ADP_e":0.0,"data_set_value_component_Fixed_parameters_variable_RT":2.4734,"data_set_value_component_Fixed_parameters_variable_F":0.096484,"data_set_value_component_Fixed_parameters_variable_n_A":3.0,"data_set_value_component_Fixed_parameters_variable_dG_C1o":-69.37,"data_set_value_component_Fixed_parameters_variable_dG_C3o":-32.53,"data_set_value_component_Fixed_parameters_variable_dG_C4o":-122.94,"data_set_value_component_Fixed_parameters_variable_dG_F1o":36.03,"data_set_value_component_Fixed_parameters_variable_pH_e":7.1,"data_set_value_component_Fixed_parameters_variable_H_e":0.0000000794,"data_set_value_component_Fixed_parameters_variable_K_e":0.15,"data_set_value_component_Fixed_parameters_variable_ATP_e":0.0,"data_set_value_component_Fixed_parameters_variable_AMP_e":0.0,"data_set_value_component_Fixed_parameters_variable_k_dHPi":0.0000001778,"data_set_value_component_Fixed_parameters_variable_k_dHatp":0.0000003311,"data_set_value_component_Fixed_parameters_variable_k_dHadp":0.0000005129,"data_set_value_component_Fixed_parameters_variable_K_DT":0.000024,"data_set_value_component_Fixed_parameters_variable_K_DD":0.000347,"data_set_value_component_Fixed_parameters_variable_K_AK":0.4331,"data_set_value_component_Fixed_parameters_variable_W_m":0.72376,"data_set_value_component_Fixed_parameters_variable_W_x":0.651384,"data_set_value_component_Fixed_parameters_variable_W_i":0.072376,"data_set_value_component_Fixed_parameters_variable_gamma":5.99,"data_set_value_component_Fixed_parameters_variable_Ctot":0.0027,"data_set_value_component_Fixed_parameters_variable_Qtot":0.00135,"data_set_value_component_Fixed_parameters_variable_NADtot":0.00297,"data_set_value_component_Fixed_parameters_variable_H_i":0.0000000794,"data_set_value_component_Fixed_parameters_variable_K_i":0.15,"data_set_value_component_Adjustable_parameters_variable_k_Pi1":0.00013413,"data_set_value_component_Adjustable_parameters_variable_k_Pi2":0.00067668,"data_set_value_component_Adjustable_parameters_variable_k_Pi3":0.00019172,"data_set_value_component_Adjustable_parameters_variable_k_Pi4":0.02531,"data_set_value_component_Adjustable_parameters_variable_k_PiH":0.00045082,"data_set_value_component_Adjustable_parameters_variable_r":4.5807,"data_set_value_component_Adjustable_parameters_variable_x_DH":0.09183,"data_set_value_component_Adjustable_parameters_variable_x_C1":0.36923,"data_set_value_component_Adjustable_parameters_variable_x_C3":0.091737,"data_set_value_component_Adjustable_parameters_variable_x_C4":0.000032562,"data_set_value_component_Adjustable_parameters_variable_x_F1":150.93,"data_set_value_component_Adjustable_parameters_variable_x_ANT":0.0079204,"data_set_value_component_Adjustable_parameters_variable_x_Pi1":339430.0,"data_set_value_component_Adjustable_parameters_variable_x_KH":29802000.0,"data_set_value_component_Adjustable_parameters_variable_x_Hle":250.0,"data_set_value_component_Adjustable_parameters_variable_x_K":0.0,"data_set_value_component_Adjustable_parameters_variable_k_mADP":0.0000035,"data_set_value_component_Adjustable_parameters_variable_x_AK":0.0,"data_set_value_component_Adjustable_parameters_variable_p_A":85.0,"data_set_value_component_Adjustable_parameters_variable_k_O2":0.00012,"data_set_value_component_Adjustable_parameters_variable_x_buff":100.0,"data_set_value_component_Adjustable_parameters_variable_x_MgA":1000000.0,"data_set_value_component_Adjustable_parameters_variable_x_Pi2":327.0,"data_set_value_component_Proton_motive_force_variable_dG_H":16.1045949576,"data_set_value_component_Dehydrogenase_flux_variable_J_DH":0.000881795,"data_set_value_component_Electron_flux_complex_I_variable_J_C1":0.0002268269,"data_set_value_component_Electron_flux_complex_I_variable_dG_C1op":-65.9163335872,"data_set_value_component_Electron_flux_complex_III_variable_J_C3":0.0007132079,"data_set_value_component_Electron_flux_complex_III_variable_dG_C3op":-36.7736487024,"data_set_value_component_Electron_flux_complex_IV_variable_J_C4":0.0007236819,"data_set_value_component_Electron_flux_complex_IV_variable_dG_C4op":-108.3036815023,"data_set_value_component_ATP_synthesis_flux_variable_J_F1":0.0005948937,"data_set_value_component_ANT_flux_variable_J_ANT":0.0,"data_set_value_component_ANT_flux_variable_Psi_x":-107.0093190807,"data_set_value_component_ANT_flux_variable_Psi_i":57.6204025819,"data_set_value_component_ANT_flux_variable_mincond":0.0,"data_set_value_component_MgATPx_binding_flux_variable_J_MgATPx":0.0005423422,"data_set_value_component_MgATPx_binding_flux_variable_ATP_fx":0.0000677136,"data_set_value_component_MgADPx_binding_flux_variable_J_MgADPx":-0.000512546,"data_set_value_component_MgADPx_binding_flux_variable_ADP_fx":0.0051992974,"data_set_value_component_MgATPi_binding_flux_variable_J_MgATPi":0.0,"data_set_value_component_MgATPi_binding_flux_variable_ATP_fi":0.0,"data_set_value_component_MgADPi_binding_flux_variable_J_MgADPi":0.0,"data_set_value_component_MgADPi_binding_flux_variable_ADP_fi":0.0,"data_set_value_component_ATP_substrate_flux_variable_J_ATP":0.0,"data_set_value_component_ADP_substrate_flux_variable_J_ADP":0.0,"data_set_value_component_AMP_substrate_flux_variable_J_AMP":0.0,"data_set_value_component_Pi_substrate_flux_variable_J_Pi2":0.0005269169,"data_set_value_component_Phosphate_hydrogen_cotransporter_flux_variable_J_Pi1":0.0005269839,"data_set_value_component_Phosphate_hydrogen_cotransporter_flux_variable_H2PIi":0.0000385124,"data_set_value_component_Phosphate_hydrogen_cotransporter_flux_variable_H2PIx":0.000025664,"data_set_value_component_Adenylate_kinase_flux_variable_J_AKi":0.0,"data_set_value_component_Hydrogen_leak_flux_variable_J_Hle":0.0032697048,"data_set_value_component_Passive_potassium_flux_variable_J_K":0.0,"data_set_value_component_Potassium_hydrogen_flux_variable_J_KH":-0.0001727637,"data_set_value_component_NAD_x_concentration_variable_NAD_x":0.0017045266,"data_set_value_component_Q_concentration_variable_Q":0.0003430175,"data_set_value_component_Cox_concentration_variable_Cox":0.002434684,"data_set_value_component_ADP_binding_variable_ADP_me":0.0,"data_set_value_component_ADP_binding_variable_ADP_fe":0.0,"data_set_value_component_Mg_binding_variable_Mg_e":0.005,"data_set_value_component_Mg_binding_variable_Mg_i":0.005,"data_set_value_component_dH_x_dt_variable_H_x":0.0000000727,"data_set_value_component_dK_x_dt_variable_K_x":0.1372816038,"data_set_value_component_dMg_x_dt_variable_Mg_x":0.0002670103,"data_set_value_component_dNADH_x_dt_variable_NADH_x":0.0012654734,"data_set_value_component_dQH2_dt_variable_QH2":0.0010069825,"data_set_value_component_dCred_dt_variable_Cred":0.000265316,"data_set_value_component_dATP_x_dt_variable_ATP_x":0.0007984586,"data_set_value_component_dADP_x_dt_variable_ADP_x":0.0092015414,"data_set_value_component_dATP_mx_dt_variable_ATP_mx":0.000730745,"data_set_value_component_dADP_mx_dt_variable_ADP_mx":0.0040022441,"data_set_value_component_dPi_x_dt_variable_Pi_x":0.0000884747,"data_set_value_component_dATP_i_dt_variable_ATP_i":0.0,"data_set_value_component_dADP_i_dt_variable_ADP_i":0.0,"data_set_value_component_dAMP_i_dt_variable_AMP_i":0.0,"data_set_value_component_dATP_mi_dt_variable_ATP_mi":0.0,"data_set_value_component_dADP_mi_dt_variable_ADP_mi":0.0,"data_set_value_component_dPi_i_dt_variable_Pi_i":0.000124731,"data_set_value_component_dPsi_dt_variable_dPsi":164.6297216626,"data_set_value_component_dPsi_dt_variable_C_im":0.0000067568,"data_set_value_component_dO2_dt_variable_O2":0.000026},{"data_set_value_component_Environment_variable_t":0.2,"data_set_value_component_Environment_variable_Mg_tot":0.005,"data_set_value_component_Environment_variable_Pi_e":0.000125,"data_set_value_component_Environment_variable_ADP_e":0.0,"data_set_value_component_Fixed_parameters_variable_RT":2.4734,"data_set_value_component_Fixed_parameters_variable_F":0.096484,"data_set_value_component_Fixed_parameters_variable_n_A":3.0,"data_set_value_component_Fixed_parameters_variable_dG_C1o":-69.37,"data_set_value_component_Fixed_parameters_variable_dG_C3o":-32.53,"data_set_value_component_Fixed_parameters_variable_dG_C4o":-122.94,"data_set_value_component_Fixed_parameters_variable_dG_F1o":36.03,"data_set_value_component_Fixed_parameters_variable_pH_e":7.1,"data_set_value_component_Fixed_parameters_variable_H_e":0.0000000794,"data_set_value_component_Fixed_parameters_variable_K_e":0.15,"data_set_value_component_Fixed_parameters_variable_ATP_e":0.0,"data_set_value_component_Fixed_parameters_variable_AMP_e":0.0,"data_set_value_component_Fixed_parameters_variable_k_dHPi":0.0000001778,"data_set_value_component_Fixed_parameters_variable_k_dHatp":0.0000003311,"data_set_value_component_Fixed_parameters_variable_k_dHadp":0.0000005129,"data_set_value_component_Fixed_parameters_variable_K_DT":0.000024,"data_set_value_component_Fixed_parameters_variable_K_DD":0.000347,"data_set_value_component_Fixed_parameters_variable_K_AK":0.4331,"data_set_value_component_Fixed_parameters_variable_W_m":0.72376,"data_set_value_component_Fixed_parameters_variable_W_x":0.651384,"data_set_value_component_Fixed_parameters_variable_W_i":0.072376,"data_set_value_component_Fixed_parameters_variable_gamma":5.99,"data_set_value_component_Fixed_parameters_variable_Ctot":0.0027,"data_set_value_component_Fixed_parameters_variable_Qtot":0.00135,"data_set_value_component_Fixed_parameters_variable_NADtot":0.00297,"data_set_value_component_Fixed_parameters_variable_H_i":0.0000000794,"data_set_value_component_Fixed_parameters_variable_K_i":0.15,"data_set_value_component_Adjustable_parameters_variable_k_Pi1":0.00013413,"data_set_value_component_Adjustable_parameters_variable_k_Pi2":0.00067668,"data_set_value_component_Adjustable_parameters_variable_k_Pi3":0.00019172,"data_set_value_component_Adjustable_parameters_variable_k_Pi4":0.02531,"data_set_value_component_Adjustable_parameters_variable_k_PiH":0.00045082,"data_set_value_component_Adjustable_parameters_variable_r":4.5807,"data_set_value_component_Adjustable_parameters_variable_x_DH":0.09183,"data_set_value_component_Adjustable_parameters_variable_x_C1":0.36923,"data_set_value_component_Adjustable_parameters_variable_x_C3":0.091737,"data_set_value_component_Adjustable_parameters_variable_x_C4":0.000032562,"data_set_value_component_Adjustable_parameters_variable_x_F1":150.93,"data_set_value_component_Adjustable_parameters_variable_x_ANT":0.0079204,"data_set_value_component_Adjustable_parameters_variable_x_Pi1":339430.0,"data_set_value_component_Adjustable_parameters_variable_x_KH":29802000.0,"data_set_value_component_Adjustable_parameters_variable_x_Hle":250.0,"data_set_value_component_Adjustable_parameters_variable_x_K":0.0,"data_set_value_component_Adjustable_parameters_variable_k_mADP":0.0000035,"data_set_value_component_Adjustable_parameters_variable_x_AK":0.0,"data_set_value_component_Adjustable_parameters_variable_p_A":85.0,"data_set_value_component_Adjustable_parameters_variable_k_O2":0.00012,"data_set_value_component_Adjustable_parameters_variable_x_buff":100.0,"data_set_value_component_Adjustable_parameters_variable_x_MgA":1000000.0,"data_set_value_component_Adjustable_parameters_variable_x_Pi2":327.0,"data_set_value_component_Proton_motive_force_variable_dG_H":16.2218761867,"data_set_value_component_Dehydrogenase_flux_variable_J_DH":0.0008124502,"data_set_value_component_Electron_flux_complex_I_variable_J_C1":0.0003389673,"data_set_value_component_Electron_flux_complex_I_variable_dG_C1op":-66.4457262702,"data_set_value_component_Electron_flux_complex_III_variable_J_C3":0.0006096179,"data_set_value_component_Electron_flux_complex_III_variable_dG_C3op":-36.2338797432,"data_set_value_component_Electron_flux_complex_IV_variable_J_C4":0.0006130236,"data_set_value_component_Electron_flux_complex_IV_variable_dG_C4op":-108.3244340548,"data_set_value_component_ATP_synthesis_flux_variable_J_F1":0.0005563415,"data_set_value_component_ANT_flux_variable_J_ANT":0.0,"data_set_value_component_ANT_flux_variable_Psi_x":-107.86933088,"data_set_value_component_ANT_flux_variable_Psi_i":58.0834858585,"data_set_value_component_ANT_flux_variable_mincond":0.0,"data_set_value_component_MgATPx_binding_flux_variable_J_MgATPx":0.0005028764,"data_set_value_component_MgATPx_binding_flux_variable_ATP_fx":0.0000759098,"data_set_value_component_MgADPx_binding_flux_variable_J_MgADPx":-0.0004752151,"data_set_value_component_MgADPx_binding_flux_variable_ADP_fx":0.0051867542,"data_set_value_component_MgATPi_binding_flux_variable_J_MgATPi":0.0,"data_set_value_component_MgATPi_binding_flux_variable_ATP_fi":0.0,"data_set_value_component_MgADPi_binding_flux_variable_J_MgADPi":0.0,"data_set_value_component_MgADPi_binding_flux_variable_ADP_fi":0.0,"data_set_value_component_ATP_substrate_flux_variable_J_ATP":0.0,"data_set_value_component_ADP_substrate_flux_variable_J_ADP":0.0,"data_set_value_component_AMP_substrate_flux_variable_J_AMP":0.0,"data_set_value_component_Pi_substrate_flux_variable_J_Pi2":0.0005608119,"data_set_value_component_Phosphate_hydrogen_cotransporter_flux_variable_J_Pi1":0.0005608081,"data_set_value_component_Phosphate_hydrogen_cotransporter_flux_variable_H2PIi":0.0000385071,"data_set_value_component_Phosphate_hydrogen_cotransporter_flux_variable_H2PIx":0.0000251934,"data_set_value_component_Adenylate_kinase_flux_variable_J_AKi":0.0,"data_set_value_component_Hydrogen_leak_flux_variable_J_Hle":0.0032959401,"data_set_value_component_Passive_potassium_flux_variable_J_K":0.0,"data_set_value_component_Potassium_hydrogen_flux_variable_J_KH":0.0009240057,"data_set_value_component_NAD_x_concentration_variable_NAD_x":0.0016188584,"data_set_value_component_Q_concentration_variable_Q":0.0003994104,"data_set_value_component_Cox_concentration_variable_Cox":0.0024504492,"data_set_value_component_ADP_binding_variable_ADP_me":0.0,"data_set_value_component_ADP_binding_variable_ADP_fe":0.0,"data_set_value_component_Mg_binding_variable_Mg_e":0.005,"data_set_value_component_Mg_binding_variable_Mg_i":0.005,"data_set_value_component_dH_x_dt_variable_H_x":0.000000073,"data_set_value_component_dK_x_dt_variable_K_x":0.137395115,"data_set_value_component_dMg_x_dt_variable_Mg_x":0.0002626634,"data_set_value_component_dNADH_x_dt_variable_NADH_x":0.0013511416,"data_set_value_component_dQH2_dt_variable_QH2":0.0009505896,"data_set_value_component_dCred_dt_variable_Cred":0.0002495508,"data_set_value_component_dATP_x_dt_variable_ATP_x":0.0008857371,"data_set_value_component_dADP_x_dt_variable_ADP_x":0.0091142629,"data_set_value_component_dATP_mx_dt_variable_ATP_mx":0.0008098273,"data_set_value_component_dADP_mx_dt_variable_ADP_mx":0.0039275087,"data_set_value_component_dPi_x_dt_variable_Pi_x":0.0000865943,"data_set_value_component_dATP_i_dt_variable_ATP_i":0.0,"data_set_value_component_dADP_i_dt_variable_ADP_i":0.0,"data_set_value_component_dAMP_i_dt_variable_AMP_i":0.0,"data_set_value_component_dATP_mi_dt_variable_ATP_mi":0.0,"data_set_value_component_dADP_mi_dt_variable_ADP_mi":0.0,"data_set_value_component_dPi_i_dt_variable_Pi_i":0.0001247137,"data_set_value_component_dPsi_dt_variable_dPsi":165.9528167384,"data_set_value_component_dPsi_dt_variable_C_im":0.0000067568,"data_set_value_component_dO2_dt_variable_O2":0.000026},{"data_set_value_component_Environment_variable_t":0.3,"data_set_value_component_Environment_variable_Mg_tot":0.005,"data_set_value_component_Environment_variable_Pi_e":0.000125,"data_set_value_component_Environment_variable_ADP_e":0.0,"data_set_value_component_Fixed_parameters_variable_RT":2.4734,"data_set_value_component_Fixed_parameters_variable_F":0.096484,"data_set_value_component_Fixed_parameters_variable_n_A":3.0,"data_set_value_component_Fixed_parameters_variable_dG_C1o":-69.37,"data_set_value_component_Fixed_parameters_variable_dG_C3o":-32.53,"data_set_value_component_Fixed_parameters_variable_dG_C4o":-122.94,"data_set_value_component_Fixed_parameters_variable_dG_F1o":36.03,"data_set_value_component_Fixed_parameters_variable_pH_e":7.1,"data_set_value_component_Fixed_parameters_variable_H_e":0.0000000794,"data_set_value_component_Fixed_parameters_variable_K_e":0.15,"data_set_value_component_Fixed_parameters_variable_ATP_e":0.0,"data_set_value_component_Fixed_parameters_variable_AMP_e":0.0,"data_set_value_component_Fixed_parameters_variable_k_dHPi":0.0000001778,"data_set_value_component_Fixed_parameters_variable_k_dHatp":0.0000003311,"data_set_value_component_Fixed_parameters_variable_k_dHadp":0.0000005129,"data_set_value_component_Fixed_parameters_variable_K_DT":0.000024,"data_set_value_component_Fixed_parameters_variable_K_DD":0.000347,"data_set_value_component_Fixed_parameters_variable_K_AK":0.4331,"data_set_value_component_Fixed_parameters_variable_W_m":0.72376,"data_set_value_component_Fixed_parameters_variable_W_x":0.651384,"data_set_value_component_Fixed_parameters_variable_W_i":0.072376,"data_set_value_component_Fixed_parameters_variable_gamma":5.99,"data_set_value_component_Fixed_parameters_variable_Ctot":0.0027,"data_set_value_component_Fixed_parameters_variable_Qtot":0.00135,"data_set_value_component_Fixed_parameters_variable_NADtot":0.00297,"data_set_value_component_Fixed_parameters_variable_H_i":0.0000000794,"data_set_value_component_Fixed_parameters_variable_K_i":0.15,"data_set_value_component_Adjustable_parameters_variable_k_Pi1":0.00013413,"data_set_value_component_Adjustable_parameters_variable_k_Pi2":0.00067668,"data_set_value_component_Adjustable_parameters_variable_k_Pi3":0.00019172,"data_set_value_component_Adjustable_parameters_variable_k_Pi4":0.02531,"data_set_value_component_Adjustable_parameters_variable_k_PiH":0.00045082,"data_set_value_component_Adjustable_parameters_variable_r":4.5807,"data_set_value_component_Adjustable_parameters_variable_x_DH":0.09183,"data_set_value_component_Adjustable_parameters_variable_x_C1":0.36923,"data_set_value_component_Adjustable_parameters_variable_x_C3":0.091737,"data_set_value_component_Adjustable_parameters_variable_x_C4":0.000032562,"data_set_value_component_Adjustable_parameters_variable_x_F1":150.93,"data_set_value_component_Adjustable_parameters_variable_x_ANT":0.0079204,"data_set_value_component_Adjustable_parameters_variable_x_Pi1":339430.0,"data_set_value_component_Adjustable_parameters_variable_x_KH":29802000.0,"data_set_value_component_Adjustable_parameters_variable_x_Hle":250.0,"data_set_value_component_Adjustable_parameters_variable_x_K":0.0,"data_set_value_component_Adjustable_parameters_variable_k_mADP":0.0000035,"data_set_value_component_Adjustable_parameters_variable_x_AK":0.0,"data_set_value_component_Adjustable_parameters_variable_p_A":85.0,"data_set_value_component_Adjustable_parameters_variable_k_O2":0.00012,"data_set_value_component_Adjustable_parameters_variable_x_buff":100.0,"data_set_value_component_Adjustable_parameters_variable_x_MgA":1000000.0,"data_set_value_component_Adjustable_parameters_variable_x_Pi2":327.0,"data_set_value_component_Proton_motive_force_variable_dG_H":16.2986767016,"data_set_value_component_Dehydrogenase_flux_variable_J_DH":0.0007675208,"data_set_value_component_Electron_flux_complex_I_variable_J_C1":0.0003965125,"data_set_value_component_Electron_flux_complex_I_variable_dG_C1op":-66.7263162703,"data_set_value_component_Electron_flux_complex_III_variable_J_C3":0.0005607427,"data_set_value_component_Electron_flux_complex_III_variable_dG_C3op":-35.9515749765,"data_set_value_component_Electron_flux_complex_IV_variable_J_C4":0.0005625156,"data_set_value_component_Electron_flux_complex_IV_variable_dG_C4op":-108.3278635879,"data_set_value_component_ATP_synthesis_flux_variable_J_F1":0.0005328055,"data_set_value_component_ANT_flux_variable_J_ANT":0.0,"data_set_value_component_ANT_flux_variable_Psi_x":-108.3982779903,"data_set_value_component_ANT_flux_variable_Psi_i":58.3683035332,"data_set_value_component_ANT_flux_variable_mincond":0.0,"data_set_value_component_MgATPx_binding_flux_variable_J_MgATPx":0.0004796814,"data_set_value_component_MgATPx_binding_flux_variable_ATP_fx":0.0000840513,"data_set_value_component_MgADPx_binding_flux_variable_J_MgADPx":-0.0004532585,"data_set_value_component_MgADPx_binding_flux_variable_ADP_fx":0.0051744561,"data_set_value_component_MgATPi_binding_flux_variable_J_MgATPi":0.0,"data_set_value_component_MgATPi_binding_flux_variable_ATP_fi":0.0,"data_set_value_component_MgADPi_binding_flux_variable_J_MgADPi":0.0,"data_set_value_component_MgADPi_binding_flux_variable_ADP_fi":0.0,"data_set_value_component_ATP_substrate_flux_variable_J_ATP":0.0,"data_set_value_component_ADP_substrate_flux_variable_J_ADP":0.0,"data_set_value_component_AMP_substrate_flux_variable_J_AMP":0.0,"data_set_value_component_Pi_substrate_flux_variable_J_Pi2":0.0005423711,"data_set_value_component_Phosphate_hydrogen_cotransporter_flux_variable_J_Pi1":0.0005423621,"data_set_value_component_Phosphate_hydrogen_cotransporter_flux_variable_H2PIi":0.00003851,"data_set_value_component_Phosphate_hydrogen_cotransporter_flux_variable_H2PIx":0.0000255553,"data_set_value_component_Adenylate_kinase_flux_variable_J_AKi":0.0,"data_set_value_component_Hydrogen_leak_flux_variable_J_Hle":0.0033120858,"data_set_value_component_Passive_potassium_flux_variable_J_K":0.0,"data_set_value_component_Potassium_hydrogen_flux_variable_J_KH":0.0008312876,"data_set_value_component_NAD_x_concentration_variable_NAD_x":0.0015548162,"data_set_value_component_Q_concentration_variable_Q":0.0004318322,"data_set_value_component_Cox_concentration_variable_Cox":0.0024572781,"data_set_value_component_ADP_binding_variable_ADP_me":0.0,"data_set_value_component_ADP_binding_variable_ADP_fe":0.0,"data_set_value_component_Mg_binding_variable_Mg_e":0.005,"data_set_value_component_Mg_binding_variable_Mg_i":0.005,"data_set_value_component_dH_x_dt_variable_H_x":0.000000073,"data_set_value_component_dK_x_dt_variable_K_x":0.1375298394,"data_set_value_component_dMg_x_dt_variable_Mg_x":0.0002585068,"data_set_value_component_dNADH_x_dt_variable_NADH_x":0.0014151838,"data_set_value_component_dQH2_dt_variable_QH2":0.0009181678,"data_set_value_component_dCred_dt_variable_Cred":0.0002427219,"data_set_value_component_dATP_x_dt_variable_ATP_x":0.0009693909,"data_set_value_component_dADP_x_dt_variable_ADP_x":0.0090306091,"data_set_value_component_dATP_mx_dt_variable_ATP_mx":0.0008853396,"data_set_value_component_dADP_mx_dt_variable_ADP_mx":0.003856153,"data_set_value_component_dPi_x_dt_variable_Pi_x":0.0000877951,"data_set_value_component_dATP_i_dt_variable_ATP_i":0.0,"data_set_value_component_dADP_i_dt_variable_ADP_i":0.0,"data_set_value_component_dAMP_i_dt_variable_AMP_i":0.0,"data_set_value_component_dATP_mi_dt_variable_ATP_mi":0.0,"data_set_value_component_dADP_mi_dt_variable_ADP_mi":0.0,"data_set_value_component_dPi_i_dt_variable_Pi_i":0.0001247231,"data_set_value_component_dPsi_dt_variable_dPsi":166.7665815235,"data_set_value_component_dPsi_dt_variable_C_im":0.0000067568,"data_set_value_component_dO2_dt_variable_O2":0.000026},{"data_set_value_component_Environment_variable_t":0.4,"data_set_value_component_Environment_variable_Mg_tot":0.005,"data_set_value_component_Environment_variable_Pi_e":0.000125,"data_set_value_component_Environment_variable_ADP_e":0.0,"data_set_value_component_Fixed_parameters_variable_RT":2.4734,"data_set_value_component_Fixed_parameters_variable_F":0.096484,"data_set_value_component_Fixed_parameters_variable_n_A":3.0,"data_set_value_component_Fixed_parameters_variable_dG_C1o":-69.37,"data_set_value_component_Fixed_parameters_variable_dG_C3o":-32.53,"data_set_value_component_Fixed_parameters_variable_dG_C4o":-122.94,"data_set_value_component_Fixed_parameters_variable_dG_F1o":36.03,"data_set_value_component_Fixed_parameters_variable_pH_e":7.1,"data_set_value_component_Fixed_parameters_variable_H_e":0.0000000794,"data_set_value_component_Fixed_parameters_variable_K_e":0.15,"data_set_value_component_Fixed_parameters_variable_ATP_e":0.0,"data_set_value_component_Fixed_parameters_variable_AMP_e":0.0,"data_set_value_component_Fixed_parameters_variable_k_dHPi":0.0000001778,"data_set_value_component_Fixed_parameters_variable_k_dHatp":0.0000003311,"data_set_value_component_Fixed_parameters_variable_k_dHadp":0.0000005129,"data_set_value_component_Fixed_parameters_variable_K_DT":0.000024,"data_set_value_component_Fixed_parameters_variable_K_DD":0.000347,"data_set_value_component_Fixed_parameters_variable_K_AK":0.4331,"data_set_value_component_Fixed_parameters_variable_W_m":0.72376,"data_set_value_component_Fixed_parameters_variable_W_x":0.651384,"data_set_value_component_Fixed_parameters_variable_W_i":0.072376,"data_set_value_component_Fixed_parameters_variable_gamma":5.99,"data_set_value_component_Fixed_parameters_variable_Ctot":0.0027,"data_set_value_component_Fixed_parameters_variable_Qtot":0.00135,"data_set_value_component_Fixed_parameters_variable_NADtot":0.00297,"data_set_value_component_Fixed_parameters_variable_H_i":0.0000000794,"data_set_value_component_Fixed_parameters_variable_K_i":0.15,"data_set_value_component_Adjustable_parameters_variable_k_Pi1":0.00013413,"data_set_value_component_Adjustable_parameters_variable_k_Pi2":0.00067668,"data_set_value_component_Adjustable_parameters_variable_k_Pi3":0.00019172,"data_set_value_component_Adjustable_parameters_variable_k_Pi4":0.02531,"data_set_value_component_Adjustable_parameters_variable_k_PiH":0.00045082,"data_set_value_component_Adjustable_parameters_variable_r":4.5807,"data_set_value_component_Adjustable_parameters_variable_x_DH":0.09183,"data_set_value_component_Adjustable_parameters_variable_x_C1":0.36923,"data_set_value_component_Adjustable_parameters_variable_x_C3":0.091737,"data_set_value_component_Adjustable_parameters_variable_x_C4":0.000032562,"data_set_value_component_Adjustable_parameters_variable_x_F1":150.93,"data_set_value_component_Adjustable_parameters_variable_x_ANT":0.0079204,"data_set_value_component_Adjustable_parameters_variable_x_Pi1":339430.0,"data_set_value_component_Adjustable_parameters_variable_x_KH":29802000.0,"data_set_value_component_Adjustable_parameters_variable_x_Hle":250.0,"data_set_value_component_Adjustable_parameters_variable_x_K":0.0,"data_set_value_component_Adjustable_parameters_variable_k_mADP":0.0000035,"data_set_value_component_Adjustable_parameters_variable_x_AK":0.0,"data_set_value_component_Adjustable_parameters_variable_p_A":85.0,"data_set_value_component_Adjustable_parameters_variable_k_O2":0.00012,"data_set_value_component_Adjustable_parameters_variable_x_buff":100.0,"data_set_value_component_Adjustable_parameters_variable_x_MgA":1000000.0,"data_set_value_component_Adjustable_parameters_variable_x_Pi2":327.0,"data_set_value_component_Proton_motive_force_variable_dG_H":16.3607070785,"data_set_value_component_Dehydrogenase_flux_variable_J_DH":0.0007325393,"data_set_value_component_Electron_flux_complex_I_variable_J_C1":0.0004212687,"data_set_value_component_Electron_flux_complex_I_variable_dG_C1op":-66.8992762927,"data_set_value_component_Electron_flux_complex_III_variable_J_C3":0.0005309744,"data_set_value_component_Electron_flux_complex_III_variable_dG_C3op":-35.7770014177,"data_set_value_component_Electron_flux_complex_IV_variable_J_C4":0.0005320104,"data_set_value_component_Electron_flux_complex_IV_variable_dG_C4op":-108.3310906607,"data_set_value_component_ATP_synthesis_flux_variable_J_F1":0.0005031266,"data_set_value_component_ANT_flux_variable_J_ANT":0.0,"data_set_value_component_ANT_flux_variable_Psi_x":-108.8270386517,"data_set_value_component_ANT_flux_variable_Psi_i":58.5991746586,"data_set_value_component_ANT_flux_variable_mincond":0.0,"data_set_value_component_MgATPx_binding_flux_variable_J_MgATPx":0.0004521442,"data_set_value_component_MgATPx_binding_flux_variable_ATP_fx":0.0000919916,"data_set_value_component_MgADPx_binding_flux_variable_J_MgADPx":-0.0004272046,"data_set_value_component_MgADPx_binding_flux_variable_ADP_fx":0.0051625714,"data_set_value_component_MgATPi_binding_flux_variable_J_MgATPi":0.0,"data_set_value_component_MgATPi_binding_flux_variable_ATP_fi":0.0,"data_set_value_component_MgADPi_binding_flux_variable_J_MgADPi":0.0,"data_set_value_component_MgADPi_binding_flux_variable_ADP_fi":0.0,"data_set_value_component_ATP_substrate_flux_variable_J_ATP":0.0,"data_set_value_component_ADP_substrate_flux_variable_J_ADP":0.0,"data_set_value_component_AMP_substrate_flux_variable_J_AMP":0.0,"data_set_value_component_Pi_substrate_flux_variable_J_Pi2":0.0005152193,"data_set_value_component_Phosphate_hydrogen_cotransporter_flux_variable_J_Pi1":0.0005152087,"data_set_value_component_Phosphate_hydrogen_cotransporter_flux_variable_H2PIi":0.0000385143,"data_set_value_component_Phosphate_hydrogen_cotransporter_flux_variable_H2PIx":0.0000260751,"data_set_value_component_Adenylate_kinase_flux_variable_J_AKi":0.0,"data_set_value_component_Hydrogen_leak_flux_variable_J_Hle":0.0033251734,"data_set_value_component_Passive_potassium_flux_variable_J_K":0.0,"data_set_value_component_Potassium_hydrogen_flux_variable_J_KH":0.0007563619,"data_set_value_component_NAD_x_concentration_variable_NAD_x":0.001502806,"data_set_value_component_Q_concentration_variable_Q":0.0004524272,"data_set_value_component_Cox_concentration_variable_Cox":0.002461038,"data_set_value_component_ADP_binding_variable_ADP_me":0.0,"data_set_value_component_ADP_binding_variable_ADP_fe":0.0,"data_set_value_component_Mg_binding_variable_Mg_e":0.005,"data_set_value_component_Mg_binding_variable_Mg_i":0.005,"data_set_value_component_dH_x_dt_variable_H_x":0.0000000731,"data_set_value_component_dK_x_dt_variable_K_x":0.137651467,"data_set_value_component_dMg_x_dt_variable_Mg_x":0.0002545625,"data_set_value_component_dNADH_x_dt_variable_NADH_x":0.001467194,"data_set_value_component_dQH2_dt_variable_QH2":0.0008975728,"data_set_value_component_dCred_dt_variable_Cred":0.000238962,"data_set_value_component_dATP_x_dt_variable_ATP_x":0.0010488864,"data_set_value_component_dADP_x_dt_variable_ADP_x":0.0089511136,"data_set_value_component_dATP_mx_dt_variable_ATP_mx":0.0009568948,"data_set_value_component_dADP_mx_dt_variable_ADP_mx":0.0037885421,"data_set_value_component_dPi_x_dt_variable_Pi_x":0.0000895394,"data_set_value_component_dATP_i_dt_variable_ATP_i":0.0,"data_set_value_component_dADP_i_dt_variable_ADP_i":0.0,"data_set_value_component_dAMP_i_dt_variable_AMP_i":0.0,"data_set_value_component_dATP_mi_dt_variable_ATP_mi":0.0,"data_set_value_component_dADP_mi_dt_variable_ADP_mi":0.0,"data_set_value_component_dPi_i_dt_variable_Pi_i":0.000124737,"data_set_value_component_dPsi_dt_variable_dPsi":167.4262133103,"data_set_value_component_dPsi_dt_variable_C_im":0.0000067568,"data_set_value_component_dO2_dt_variable_O2":0.000026},{"data_set_value_component_Environment_variable_t":0.5,"data_set_value_component_Environment_variable_Mg_tot":0.005,"data_set_value_component_Environment_variable_Pi_e":0.000125,"data_set_value_component_Environment_variable_ADP_e":0.0,"data_set_value_component_Fixed_parameters_variable_RT":2.4734,"data_set_value_component_Fixed_parameters_variable_F":0.096484,"data_set_value_component_Fixed_parameters_variable_n_A":3.0,"data_set_value_component_Fixed_parameters_variable_dG_C1o":-69.37,"data_set_value_component_Fixed_parameters_variable_dG_C3o":-32.53,"data_set_value_component_Fixed_parameters_variable_dG_C4o":-122.94,"data_set_value_component_Fixed_parameters_variable_dG_F1o":36.03,"data_set_value_component_Fixed_parameters_variable_pH_e":7.1,"data_set_value_component_Fixed_parameters_variable_H_e":0.0000000794,"data_set_value_component_Fixed_parameters_variable_K_e":0.15,"data_set_value_component_Fixed_parameters_variable_ATP_e":0.0,"data_set_value_component_Fixed_parameters_variable_AMP_e":0.0,"data_set_value_component_Fixed_parameters_variable_k_dHPi":0.0000001778,"data_set_value_component_Fixed_parameters_variable_k_dHatp":0.0000003311,"data_set_value_component_Fixed_parameters_variable_k_dHadp":0.0000005129,"data_set_value_component_Fixed_parameters_variable_K_DT":0.000024,"data_set_value_component_Fixed_parameters_variable_K_DD":0.000347,"data_set_value_component_Fixed_parameters_variable_K_AK":0.4331,"data_set_value_component_Fixed_parameters_variable_W_m":0.72376,"data_set_value_component_Fixed_parameters_variable_W_x":0.651384,"data_set_value_component_Fixed_parameters_variable_W_i":0.072376,"data_set_value_component_Fixed_parameters_variable_gamma":5.99,"data_set_value_component_Fixed_parameters_variable_Ctot":0.0027,"data_set_value_component_Fixed_parameters_variable_Qtot":0.00135,"data_set_value_component_Fixed_parameters_variable_NADtot":0.00297,"data_set_value_component_Fixed_parameters_variable_H_i":0.0000000794,"data_set_value_component_Fixed_parameters_variable_K_i":0.15,"data_set_value_component_Adjustable_parameters_variable_k_Pi1":0.00013413,"data_set_value_component_Adjustable_parameters_variable_k_Pi2":0.00067668,"data_set_value_component_Adjustable_parameters_variable_k_Pi3":0.00019172,"data_set_value_component_Adjustable_parameters_variable_k_Pi4":0.02531,"data_set_value_component_Adjustable_parameters_variable_k_PiH":0.00045082,"data_set_value_component_Adjustable_parameters_variable_r":4.5807,"data_set_value_component_Adjustable_parameters_variable_x_DH":0.09183,"data_set_value_component_Adjustable_parameters_variable_x_C1":0.36923,"data_set_value_component_Adjustable_parameters_variable_x_C3":0.091737,"data_set_value_component_Adjustable_parameters_variable_x_C4":0.000032562,"data_set_value_component_Adjustable_parameters_variable_x_F1":150.93,"data_set_value_component_Adjustable_parameters_variable_x_ANT":0.0079204,"data_set_value_component_Adjustable_parameters_variable_x_Pi1":339430.0,"data_set_value_component_Adjustable_parameters_variable_x_KH":29802000.0,"data_set_value_component_Adjustable_parameters_variable_x_Hle":250.0,"data_set_value_component_Adjustable_parameters_variable_x_K":0.0,"data_set_value_component_Adjustable_parameters_variable_k_mADP":0.0000035,"data_set_value_component_Adjustable_parameters_variable_x_AK":0.0,"data_set_value_component_Adjustable_parameters_variable_p_A":85.0,"data_set_value_component_Adjustable_parameters_variable_k_O2":0.00012,"data_set_value_component_Adjustable_parameters_variable_x_buff":100.0,"data_set_value_component_Adjustable_parameters_variable_x_MgA":1000000.0,"data_set_value_component_Adjustable_parameters_variable_x_Pi2":327.0,"data_set_value_component_Proton_motive_force_variable_dG_H":16.41296805,"data_set_value_component_Dehydrogenase_flux_variable_J_DH":0.0007030925,"data_set_value_component_Electron_flux_complex_I_variable_J_C1":0.0004311037,"data_set_value_component_Electron_flux_complex_I_variable_dG_C1op":-67.0174472737,"data_set_value_component_Electron_flux_complex_III_variable_J_C3":0.0005105566,"data_set_value_component_Electron_flux_complex_III_variable_dG_C3op":-35.657295011,"data_set_value_component_Electron_flux_complex_IV_variable_J_C4":0.0005112218,"data_set_value_component_Electron_flux_complex_IV_variable_dG_C4op":-108.3341615122,"data_set_value_component_ATP_synthesis_flux_variable_J_F1":0.0004728966,"data_set_value_component_ANT_flux_variable_J_ANT":0.0,"data_set_value_component_ANT_flux_variable_Psi_x":-109.1894578938,"data_set_value_component_ANT_flux_variable_Psi_i":58.7943234813,"data_set_value_component_ANT_flux_variable_mincond":0.0,"data_set_value_component_MgATPx_binding_flux_variable_J_MgATPx":0.0004239091,"data_set_value_component_MgATPx_binding_flux_variable_ATP_fx":0.0000996736,"data_set_value_component_MgADPx_binding_flux_variable_J_MgADPx":-0.0004004988,"data_set_value_component_MgADPx_binding_flux_variable_ADP_fx":0.005151178,"data_set_value_component_MgATPi_binding_flux_variable_J_MgATPi":0.0,"data_set_value_component_MgATPi_binding_flux_variable_ATP_fi":0.0,"data_set_value_component_MgADPi_binding_flux_variable_J_MgADPi":0.0,"data_set_value_component_MgADPi_binding_flux_variable_ADP_fi":0.0,"data_set_value_component_ATP_substrate_flux_variable_J_ATP":0.0,"data_set_value_component_ADP_substrate_flux_variable_J_ADP":0.0,"data_set_value_component_AMP_substrate_flux_variable_J_AMP":0.0,"data_set_value_component_Pi_substrate_flux_variable_J_Pi2":0.0004855076,"data_set_value_component_Phosphate_hydrogen_cotransporter_flux_variable_J_Pi1":0.0004854967,"data_set_value_component_Phosphate_hydrogen_cotransporter_flux_variable_H2PIi":0.0000385189,"data_set_value_component_Phosphate_hydrogen_cotransporter_flux_variable_H2PIx":0.0000266406,"data_set_value_component_Adenylate_kinase_flux_variable_J_AKi":0.0,"data_set_value_component_Hydrogen_leak_flux_variable_J_Hle":0.0033362358,"data_set_value_component_Passive_potassium_flux_variable_J_K":0.0,"data_set_value_component_Potassium_hydrogen_flux_variable_J_KH":0.000695667,"data_set_value_component_NAD_x_concentration_variable_NAD_x":0.0014582282,"data_set_value_component_Q_concentration_variable_Q":0.0004667204,"data_set_value_component_Cox_concentration_variable_Cox":0.0024633285,"data_set_value_component_ADP_binding_variable_ADP_me":0.0,"data_set_value_component_ADP_binding_variable_ADP_fe":0.0,"data_set_value_component_Mg_binding_variable_Mg_e":0.005,"data_set_value_component_Mg_binding_variable_Mg_i":0.005,"data_set_value_component_dH_x_dt_variable_H_x":0.0000000731,"data_set_value_component_dK_x_dt_variable_K_x":0.1377627819,"data_set_value_component_dMg_x_dt_variable_Mg_x":0.000250851,"data_set_value_component_dNADH_x_dt_variable_NADH_x":0.0015117718,"data_set_value_component_dQH2_dt_variable_QH2":0.0008832796,"data_set_value_component_dCred_dt_variable_Cred":0.0002366715,"data_set_value_component_dATP_x_dt_variable_ATP_x":0.0011238118,"data_set_value_component_dADP_x_dt_variable_ADP_x":0.0088761882,"data_set_value_component_dATP_mx_dt_variable_ATP_mx":0.0010241382,"data_set_value_component_dADP_mx_dt_variable_ADP_mx":0.0037250102,"data_set_value_component_dPi_x_dt_variable_Pi_x":0.0000914409,"data_set_value_component_dATP_i_dt_variable_ATP_i":0.0,"data_set_value_component_dADP_i_dt_variable_ADP_i":0.0,"data_set_value_component_dAMP_i_dt_variable_AMP_i":0.0,"data_set_value_component_dATP_mi_dt_variable_ATP_mi":0.0,"data_set_value_component_dADP_mi_dt_variable_ADP_mi":0.0,"data_set_value_component_dPi_i_dt_variable_Pi_i":0.0001247521,"data_set_value_component_dPsi_dt_variable_dPsi":167.9837813751,"data_set_value_component_dPsi_dt_variable_C_im":0.0000067568,"data_set_value_component_dO2_dt_variable_O2":0.000026},{"data_set_value_component_Environment_variable_t":0.6,"data_set_value_component_Environment_variable_Mg_tot":0.005,"data_set_value_component_Environment_variable_Pi_e":0.000125,"data_set_value_component_Environment_variable_ADP_e":0.0,"data_set_value_component_Fixed_parameters_variable_RT":2.4734,"data_set_value_component_Fixed_parameters_variable_F":0.096484,"data_set_value_component_Fixed_parameters_variable_n_A":3.0,"data_set_value_component_Fixed_parameters_variable_dG_C1o":-69.37,"data_set_value_component_Fixed_parameters_variable_dG_C3o":-32.53,"data_set_value_component_Fixed_parameters_variable_dG_C4o":-122.94,"data_set_value_component_Fixed_parameters_variable_dG_F1o":36.03,"data_set_value_component_Fixed_parameters_variable_pH_e":7.1,"data_set_value_component_Fixed_parameters_variable_H_e":0.0000000794,"data_set_value_component_Fixed_parameters_variable_K_e":0.15,"data_set_value_component_Fixed_parameters_variable_ATP_e":0.0,"data_set_value_component_Fixed_parameters_variable_AMP_e":0.0,"data_set_value_component_Fixed_parameters_variable_k_dHPi":0.0000001778,"data_set_value_component_Fixed_parameters_variable_k_dHatp":0.0000003311,"data_set_value_component_Fixed_parameters_variable_k_dHadp":0.0000005129,"data_set_value_component_Fixed_parameters_variable_K_DT":0.000024,"data_set_value_component_Fixed_parameters_variable_K_DD":0.000347,"data_set_value_component_Fixed_parameters_variable_K_AK":0.4331,"data_set_value_component_Fixed_parameters_variable_W_m":0.72376,"data_set_value_component_Fixed_parameters_variable_W_x":0.651384,"data_set_value_component_Fixed_parameters_variable_W_i":0.072376,"data_set_value_component_Fixed_parameters_variable_gamma":5.99,"data_set_value_component_Fixed_parameters_variable_Ctot":0.0027,"data_set_value_component_Fixed_parameters_variable_Qtot":0.00135,"data_set_value_component_Fixed_parameters_variable_NADtot":0.00297,"data_set_value_component_Fixed_parameters_variable_H_i":0.0000000794,"data_set_value_component_Fixed_parameters_variable_K_i":0.15,"data_set_value_component_Adjustable_parameters_variable_k_Pi1":0.00013413,"data_set_value_component_Adjustable_parameters_variable_k_Pi2":0.00067668,"data_set_value_component_Adjustable_parameters_variable_k_Pi3":0.00019172,"data_set_value_component_Adjustable_parameters_variable_k_Pi4":0.02531,"data_set_value_component_Adjustable_parameters_variable_k_PiH":0.00045082,"data_set_value_component_Adjustable_parameters_variable_r":4.5807,"data_set_value_component_Adjustable_parameters_variable_x_DH":0.09183,"data_set_value_component_Adjustable_parameters_variable_x_C1":0.36923,"data_set_value_component_Adjustable_parameters_variable_x_C3":0.091737,"data_set_value_component_Adjustable_parameters_variable_x_C4":0.000032562,"data_set_value_component_Adjustable_parameters_variable_x_F1":150.93,"data_set_value_component_Adjustable_parameters_variable_x_ANT":0.0079204,"data_set_value_component_Adjustable_parameters_variable_x_Pi1":339430.0,"data_set_value_component_Adjustable_parameters_variable_x_KH":29802000.0,"data_set_value_component_Adjustable_parameters_variable_x_Hle":250.0,"data_set_value_component_Adjustable_parameters_variable_x_K":0.0,"data_set_value_component_Adjustable_parameters_variable_k_mADP":0.0000035,"data_set_value_component_Adjustable_parameters_variable_x_AK":0.0,"data_set_value_component_Adjustable_parameters_variable_p_A":85.0,"data_set_value_component_Adjustable_parameters_variable_k_O2":0.00012,"data_set_value_component_Adjustable_parameters_variable_x_buff":100.0,"data_set_value_component_Adjustable_parameters_variable_x_MgA":1000000.0,"data_set_value_component_Adjustable_parameters_variable_x_Pi2":327.0,"data_set_value_component_Proton_motive_force_variable_dG_H":16.4583630889,"data_set_value_component_Dehydrogenase_flux_variable_J_DH":0.0006771011,"data_set_value_component_Electron_flux_complex_I_variable_J_C1":0.0004338665,"data_set_value_component_Electron_flux_complex_I_variable_dG_C1op":-67.1050319541,"data_set_value_component_Electron_flux_complex_III_variable_J_C3":0.0004952588,"data_set_value_component_Electron_flux_complex_III_variable_dG_C3op":-35.5682648831,"data_set_value_component_Electron_flux_complex_IV_variable_J_C4":0.000495721,"data_set_value_component_Electron_flux_complex_IV_variable_dG_C4op":-108.3370524073,"data_set_value_component_ATP_synthesis_flux_variable_J_F1":0.0004439622,"data_set_value_component_ANT_flux_variable_J_ANT":0.0,"data_set_value_component_ANT_flux_variable_Psi_x":-109.5050160817,"data_set_value_component_ANT_flux_variable_Psi_i":58.9642394286,"data_set_value_component_ANT_flux_variable_mincond":0.0,"data_set_value_component_MgATPx_binding_flux_variable_J_MgATPx":0.0003967607,"data_set_value_component_MgATPx_binding_flux_variable_ATP_fx":0.0001070763,"data_set_value_component_MgADPx_binding_flux_variable_J_MgADPx":-0.0003748208,"data_set_value_component_MgADPx_binding_flux_variable_ADP_fx":0.005140295,"data_set_value_component_MgATPi_binding_flux_variable_J_MgATPi":0.0,"data_set_value_component_MgATPi_binding_flux_variable_ATP_fi":0.0,"data_set_value_component_MgADPi_binding_flux_variable_J_MgADPi":0.0,"data_set_value_component_MgADPi_binding_flux_variable_ADP_fi":0.0,"data_set_value_component_ATP_substrate_flux_variable_J_ATP":0.0,"data_set_value_component_ADP_substrate_flux_variable_J_ADP":0.0,"data_set_value_component_AMP_substrate_flux_variable_J_AMP":0.0,"data_set_value_component_Pi_substrate_flux_variable_J_Pi2":0.0004560602,"data_set_value_component_Phosphate_hydrogen_cotransporter_flux_variable_J_Pi1":0.0004560496,"data_set_value_component_Phosphate_hydrogen_cotransporter_flux_variable_H2PIi":0.0000385236,"data_set_value_component_Phosphate_hydrogen_cotransporter_flux_variable_H2PIx":0.0000271999,"data_set_value_component_Adenylate_kinase_flux_variable_J_AKi":0.0,"data_set_value_component_Hydrogen_leak_flux_variable_J_Hle":0.0033458679,"data_set_value_component_Passive_potassium_flux_variable_J_K":0.0,"data_set_value_component_Potassium_hydrogen_flux_variable_J_KH":0.0006435812,"data_set_value_component_NAD_x_concentration_variable_NAD_x":0.001418785,"data_set_value_component_Q_concentration_variable_Q":0.0004774115,"data_set_value_component_Cox_concentration_variable_Cox":0.0024648553,"data_set_value_component_ADP_binding_variable_ADP_me":0.0,"data_set_value_component_ADP_binding_variable_ADP_fe":0.0,"data_set_value_component_Mg_binding_variable_Mg_e":0.005,"data_set_value_component_Mg_binding_variable_Mg_i":0.005,"data_set_value_component_dH_x_dt_variable_H_x":0.0000000732,"data_set_value_component_dK_x_dt_variable_K_x":0.137865488,"data_set_value_component_dMg_x_dt_variable_Mg_x":0.0002473707,"data_set_value_component_dNADH_x_dt_variable_NADH_x":0.001551215,"data_set_value_component_dQH2_dt_variable_QH2":0.0008725885,"data_set_value_component_dCred_dt_variable_Cred":0.0002351447,"data_set_value_component_dATP_x_dt_variable_ATP_x":0.0011941919,"data_set_value_component_dADP_x_dt_variable_ADP_x":0.0088058081,"data_set_value_component_dATP_mx_dt_variable_ATP_mx":0.0010871156,"data_set_value_component_dADP_mx_dt_variable_ADP_mx":0.0036655131,"data_set_value_component_dPi_x_dt_variable_Pi_x":0.0000933222,"data_set_value_component_dATP_i_dt_variable_ATP_i":0.0,"data_set_value_component_dADP_i_dt_variable_ADP_i":0.0,"data_set_value_component_dAMP_i_dt_variable_AMP_i":0.0,"data_set_value_component_dATP_mi_dt_variable_ATP_mi":0.0,"data_set_value_component_dADP_mi_dt_variable_ADP_mi":0.0,"data_set_value_component_dPi_i_dt_variable_Pi_i":0.0001247672,"data_set_value_component_dPsi_dt_variable_dPsi":168.4692555103,"data_set_value_component_dPsi_dt_variable_C_im":0.0000067568,"data_set_value_component_dO2_dt_variable_O2":0.000026},{"data_set_value_component_Environment_variable_t":0.7,"data_set_value_component_Environment_variable_Mg_tot":0.005,"data_set_value_component_Environment_variable_Pi_e":0.000125,"data_set_value_component_Environment_variable_ADP_e":0.0,"data_set_value_component_Fixed_parameters_variable_RT":2.4734,"data_set_value_component_Fixed_parameters_variable_F":0.096484,"data_set_value_component_Fixed_parameters_variable_n_A":3.0,"data_set_value_component_Fixed_parameters_variable_dG_C1o":-69.37,"data_set_value_component_Fixed_parameters_variable_dG_C3o":-32.53,"data_set_value_component_Fixed_parameters_variable_dG_C4o":-122.94,"data_set_value_component_Fixed_parameters_variable_dG_F1o":36.03,"data_set_value_component_Fixed_parameters_variable_pH_e":7.1,"data_set_value_component_Fixed_parameters_variable_H_e":0.0000000794,"data_set_value_component_Fixed_parameters_variable_K_e":0.15,"data_set_value_component_Fixed_parameters_variable_ATP_e":0.0,"data_set_value_component_Fixed_parameters_variable_AMP_e":0.0,"data_set_value_component_Fixed_parameters_variable_k_dHPi":0.0000001778,"data_set_value_component_Fixed_parameters_variable_k_dHatp":0.0000003311,"data_set_value_component_Fixed_parameters_variable_k_dHadp":0.0000005129,"data_set_value_component_Fixed_parameters_variable_K_DT":0.000024,"data_set_value_component_Fixed_parameters_variable_K_DD":0.000347,"data_set_value_component_Fixed_parameters_variable_K_AK":0.4331,"data_set_value_component_Fixed_parameters_variable_W_m":0.72376,"data_set_value_component_Fixed_parameters_variable_W_x":0.651384,"data_set_value_component_Fixed_parameters_variable_W_i":0.072376,"data_set_value_component_Fixed_parameters_variable_gamma":5.99,"data_set_value_component_Fixed_parameters_variable_Ctot":0.0027,"data_set_value_component_Fixed_parameters_variable_Qtot":0.00135,"data_set_value_component_Fixed_parameters_variable_NADtot":0.00297,"data_set_value_component_Fixed_parameters_variable_H_i":0.0000000794,"data_set_value_component_Fixed_parameters_variable_K_i":0.15,"data_set_value_component_Adjustable_parameters_variable_k_Pi1":0.00013413,"data_set_value_component_Adjustable_parameters_variable_k_Pi2":0.00067668,"data_set_value_component_Adjustable_parameters_variable_k_Pi3":0.00019172,"data_set_value_component_Adjustable_parameters_variable_k_Pi4":0.02531,"data_set_value_component_Adjustable_parameters_variable_k_PiH":0.00045082,"data_set_value_component_Adjustable_parameters_variable_r":4.5807,"data_set_value_component_Adjustable_parameters_variable_x_DH":0.09183,"data_set_value_component_Adjustable_parameters_variable_x_C1":0.36923,"data_set_value_component_Adjustable_parameters_variable_x_C3":0.091737,"data_set_value_component_Adjustable_parameters_variable_x_C4":0.000032562,"data_set_value_component_Adjustable_parameters_variable_x_F1":150.93,"data_set_value_component_Adjustable_parameters_variable_x_ANT":0.0079204,"data_set_value_component_Adjustable_parameters_variable_x_Pi1":339430.0,"data_set_value_component_Adjustable_parameters_variable_x_KH":29802000.0,"data_set_value_component_Adjustable_parameters_variable_x_Hle":250.0,"data_set_value_component_Adjustable_parameters_variable_x_K":0.0,"data_set_value_component_Adjustable_parameters_variable_k_mADP":0.0000035,"data_set_value_component_Adjustable_parameters_variable_x_AK":0.0,"data_set_value_component_Adjustable_parameters_variable_p_A":85.0,"data_set_value_component_Adjustable_parameters_variable_k_O2":0.00012,"data_set_value_component_Adjustable_parameters_variable_x_buff":100.0,"data_set_value_component_Adjustable_parameters_variable_x_MgA":1000000.0,"data_set_value_component_Adjustable_parameters_variable_x_Pi2":327.0,"data_set_value_component_Proton_motive_force_variable_dG_H":16.4986155257,"data_set_value_component_Dehydrogenase_flux_variable_J_DH":0.0006535603,"data_set_value_component_Electron_flux_complex_I_variable_J_C1":0.0004331536,"data_set_value_component_Electron_flux_complex_I_variable_dG_C1op":-67.1740552845,"data_set_value_component_Electron_flux_complex_III_variable_J_C3":0.0004830558,"data_set_value_component_Electron_flux_complex_III_variable_dG_C3op":-35.4978854022,"data_set_value_component_Electron_flux_complex_IV_variable_J_C4":0.0004834011,"data_set_value_component_Electron_flux_complex_IV_variable_dG_C4op":-108.3397647083,"data_set_value_component_ATP_synthesis_flux_variable_J_F1":0.000416119,"data_set_value_component_ANT_flux_variable_J_ANT":0.0,"data_set_value_component_ANT_flux_variable_Psi_x":-109.7853276543,"data_set_value_component_ANT_flux_variable_Psi_i":59.1151764292,"data_set_value_component_ANT_flux_variable_mincond":0.0,"data_set_value_component_MgATPx_binding_flux_variable_J_MgATPx":0.0003713021,"data_set_value_component_MgATPx_binding_flux_variable_ATP_fx":0.0001141963,"data_set_value_component_MgADPx_binding_flux_variable_J_MgADPx":-0.0003507455,"data_set_value_component_MgADPx_binding_flux_variable_ADP_fx":0.0051299144,"data_set_value_component_MgATPi_binding_flux_variable_J_MgATPi":0.0,"data_set_value_component_MgATPi_binding_flux_variable_ATP_fi":0.0,"data_set_value_component_MgADPi_binding_flux_variable_J_MgADPi":0.0,"data_set_value_component_MgADPi_binding_flux_variable_ADP_fi":0.0,"data_set_value_component_ATP_substrate_flux_variable_J_ATP":0.0,"data_set_value_component_ADP_substrate_flux_variable_J_ADP":0.0,"data_set_value_component_AMP_substrate_flux_variable_J_AMP":0.0,"data_set_value_component_Pi_substrate_flux_variable_J_Pi2":0.0004280492,"data_set_value_component_Phosphate_hydrogen_cotransporter_flux_variable_J_Pi1":0.0004280392,"data_set_value_component_Phosphate_hydrogen_cotransporter_flux_variable_H2PIi":0.000038528,"data_set_value_component_Phosphate_hydrogen_cotransporter_flux_variable_H2PIx":0.0000277318,"data_set_value_component_Adenylate_kinase_flux_variable_J_AKi":0.0,"data_set_value_component_Hydrogen_leak_flux_variable_J_Hle":0.0033544241,"data_set_value_component_Passive_potassium_flux_variable_J_K":0.0,"data_set_value_component_Potassium_hydrogen_flux_variable_J_KH":0.0005975641,"data_set_value_component_NAD_x_concentration_variable_NAD_x":0.0013832584,"data_set_value_component_Q_concentration_variable_Q":0.000485887,"data_set_value_component_Cox_concentration_variable_Cox":0.0024659546,"data_set_value_component_ADP_binding_variable_ADP_me":0.0,"data_set_value_component_ADP_binding_variable_ADP_fe":0.0,"data_set_value_component_Mg_binding_variable_Mg_e":0.005,"data_set_value_component_Mg_binding_variable_Mg_i":0.005,"data_set_value_component_dH_x_dt_variable_H_x":0.0000000732,"data_set_value_component_dK_x_dt_variable_K_x":0.1379606876,"data_set_value_component_dMg_x_dt_variable_Mg_x":0.0002441101,"data_set_value_component_dNADH_x_dt_variable_NADH_x":0.0015867416,"data_set_value_component_dQH2_dt_variable_QH2":0.000864113,"data_set_value_component_dCred_dt_variable_Cred":0.0002340454,"data_set_value_component_dATP_x_dt_variable_ATP_x":0.0012602453,"data_set_value_component_dADP_x_dt_variable_ADP_x":0.0087397547,"data_set_value_component_dATP_mx_dt_variable_ATP_mx":0.0011460489,"data_set_value_component_dADP_mx_dt_variable_ADP_mx":0.0036098403,"data_set_value_component_dPi_x_dt_variable_Pi_x":0.0000951099,"data_set_value_component_dATP_i_dt_variable_ATP_i":0.0,"data_set_value_component_dADP_i_dt_variable_ADP_i":0.0,"data_set_value_component_dAMP_i_dt_variable_AMP_i":0.0,"data_set_value_component_dATP_mi_dt_variable_ATP_mi":0.0,"data_set_value_component_dADP_mi_dt_variable_ADP_mi":0.0,"data_set_value_component_dPi_i_dt_variable_Pi_i":0.0001247815,"data_set_value_component_dPsi_dt_variable_dPsi":168.9005040835,"data_set_value_component_dPsi_dt_variable_C_im":0.0000067568,"data_set_value_component_dO2_dt_variable_O2":0.000026},{"data_set_value_component_Environment_variable_t":0.8,"data_set_value_component_Environment_variable_Mg_tot":0.005,"data_set_value_component_Environment_variable_Pi_e":0.000125,"data_set_value_component_Environment_variable_ADP_e":0.0,"data_set_value_component_Fixed_parameters_variable_RT":2.4734,"data_set_value_component_Fixed_parameters_variable_F":0.096484,"data_set_value_component_Fixed_parameters_variable_n_A":3.0,"data_set_value_component_Fixed_parameters_variable_dG_C1o":-69.37,"data_set_value_component_Fixed_parameters_variable_dG_C3o":-32.53,"data_set_value_component_Fixed_parameters_variable_dG_C4o":-122.94,"data_set_value_component_Fixed_parameters_variable_dG_F1o":36.03,"data_set_value_component_Fixed_parameters_variable_pH_e":7.1,"data_set_value_component_Fixed_parameters_variable_H_e":0.0000000794,"data_set_value_component_Fixed_parameters_variable_K_e":0.15,"data_set_value_component_Fixed_parameters_variable_ATP_e":0.0,"data_set_value_component_Fixed_parameters_variable_AMP_e":0.0,"data_set_value_component_Fixed_parameters_variable_k_dHPi":0.0000001778,"data_set_value_component_Fixed_parameters_variable_k_dHatp":0.0000003311,"data_set_value_component_Fixed_parameters_variable_k_dHadp":0.0000005129,"data_set_value_component_Fixed_parameters_variable_K_DT":0.000024,"data_set_value_component_Fixed_parameters_variable_K_DD":0.000347,"data_set_value_component_Fixed_parameters_variable_K_AK":0.4331,"data_set_value_component_Fixed_parameters_variable_W_m":0.72376,"data_set_value_component_Fixed_parameters_variable_W_x":0.651384,"data_set_value_component_Fixed_parameters_variable_W_i":0.072376,"data_set_value_component_Fixed_parameters_variable_gamma":5.99,"data_set_value_component_Fixed_parameters_variable_Ctot":0.0027,"data_set_value_component_Fixed_parameters_variable_Qtot":0.00135,"data_set_value_component_Fixed_parameters_variable_NADtot":0.00297,"data_set_value_component_Fixed_parameters_variable_H_i":0.0000000794,"data_set_value_component_Fixed_parameters_variable_K_i":0.15,"data_set_value_component_Adjustable_parameters_variable_k_Pi1":0.00013413,"data_set_value_component_Adjustable_parameters_variable_k_Pi2":0.00067668,"data_set_value_component_Adjustable_parameters_variable_k_Pi3":0.00019172,"data_set_value_component_Adjustable_parameters_variable_k_Pi4":0.02531,"data_set_value_component_Adjustable_parameters_variable_k_PiH":0.00045082,"data_set_value_component_Adjustable_parameters_variable_r":4.5807,"data_set_value_component_Adjustable_parameters_variable_x_DH":0.09183,"data_set_value_component_Adjustable_parameters_variable_x_C1":0.36923,"data_set_value_component_Adjustable_parameters_variable_x_C3":0.091737,"data_set_value_component_Adjustable_parameters_variable_x_C4":0.000032562,"data_set_value_component_Adjustable_parameters_variable_x_F1":150.93,"data_set_value_component_Adjustable_parameters_variable_x_ANT":0.0079204,"data_set_value_component_Adjustable_parameters_variable_x_Pi1":339430.0,"data_set_value_component_Adjustable_parameters_variable_x_KH":29802000.0,"data_set_value_component_Adjustable_parameters_variable_x_Hle":250.0,"data_set_value_component_Adjustable_parameters_variable_x_K":0.0,"data_set_value_component_Adjustable_parameters_variable_k_mADP":0.0000035,"data_set_value_component_Adjustable_parameters_variable_x_AK":0.0,"data_set_value_component_Adjustable_parameters_variable_p_A":85.0,"data_set_value_component_Adjustable_parameters_variable_k_O2":0.00012,"data_set_value_component_Adjustable_parameters_variable_x_buff":100.0,"data_set_value_component_Adjustable_parameters_variable_x_MgA":1000000.0,"data_set_value_component_Adjustable_parameters_variable_x_Pi2":327.0,"data_set_value_component_Proton_motive_force_variable_dG_H":16.5348183679,"data_set_value_component_Dehydrogenase_flux_variable_J_DH":0.0006319468,"data_set_value_component_Electron_flux_complex_I_variable_J_C1":0.0004307313,"data_set_value_component_Electron_flux_complex_I_variable_dG_C1op":-67.2310665576,"data_set_value_component_Electron_flux_complex_III_variable_J_C3":0.0004728781,"data_set_value_component_Electron_flux_complex_III_variable_dG_C3op":-35.4396034028,"data_set_value_component_Electron_flux_complex_IV_variable_J_C4":0.0004731514,"data_set_value_component_Electron_flux_complex_IV_variable_dG_C4op":-108.3423061608,"data_set_value_component_ATP_synthesis_flux_variable_J_F1":0.0003918201,"data_set_value_component_ANT_flux_variable_J_ANT":0.0,"data_set_value_component_ANT_flux_variable_Psi_x":-110.0377821491,"data_set_value_component_ANT_flux_variable_Psi_i":59.2511134649,"data_set_value_component_ANT_flux_variable_mincond":0.0,"data_set_value_component_MgATPx_binding_flux_variable_J_MgATPx":0.0003477182,"data_set_value_component_MgATPx_binding_flux_variable_ATP_fx":0.0001210385,"data_set_value_component_MgADPx_binding_flux_variable_J_MgADPx":-0.0003284504,"data_set_value_component_MgADPx_binding_flux_variable_ADP_fx":0.0051200167,"data_set_value_component_MgATPi_binding_flux_variable_J_MgATPi":0.0,"data_set_value_component_MgATPi_binding_flux_variable_ATP_fi":0.0,"data_set_value_component_MgADPi_binding_flux_variable_J_MgADPi":0.0,"data_set_value_component_MgADPi_binding_flux_variable_ADP_fi":0.0,"data_set_value_component_ATP_substrate_flux_variable_J_ATP":0.0,"data_set_value_component_ADP_substrate_flux_variable_J_ADP":0.0,"data_set_value_component_AMP_substrate_flux_variable_J_AMP":0.0,"data_set_value_component_Pi_substrate_flux_variable_J_Pi2":0.0004018746,"data_set_value_component_Phosphate_hydrogen_cotransporter_flux_variable_J_Pi1":0.0004018652,"data_set_value_component_Phosphate_hydrogen_cotransporter_flux_variable_H2PIi":0.0000385321,"data_set_value_component_Phosphate_hydrogen_cotransporter_flux_variable_H2PIx":0.0000282288,"data_set_value_component_Adenylate_kinase_flux_variable_J_AKi":0.0,"data_set_value_component_Hydrogen_leak_flux_variable_J_Hle":0.0033621301,"data_set_value_component_Passive_potassium_flux_variable_J_K":0.0,"data_set_value_component_Potassium_hydrogen_flux_variable_J_KH":0.000556181,"data_set_value_component_NAD_x_concentration_variable_NAD_x":0.0013509309,"data_set_value_component_Q_concentration_variable_Q":0.0004929178,"data_set_value_component_Cox_concentration_variable_Cox":0.0024668009,"data_set_value_component_ADP_binding_variable_ADP_me":0.0,"data_set_value_component_ADP_binding_variable_ADP_fe":0.0,"data_set_value_component_Mg_binding_variable_Mg_e":0.005,"data_set_value_component_Mg_binding_variable_Mg_i":0.005,"data_set_value_component_dH_x_dt_variable_H_x":0.0000000732,"data_set_value_component_dK_x_dt_variable_K_x":0.1380491953,"data_set_value_component_dMg_x_dt_variable_Mg_x":0.0002410546,"data_set_value_component_dNADH_x_dt_variable_NADH_x":0.0016190691,"data_set_value_component_dQH2_dt_variable_QH2":0.0008570822,"data_set_value_component_dCred_dt_variable_Cred":0.0002331991,"data_set_value_component_dATP_x_dt_variable_ATP_x":0.0013222541,"data_set_value_component_dADP_x_dt_variable_ADP_x":0.0086777459,"data_set_value_component_dATP_mx_dt_variable_ATP_mx":0.0012012156,"data_set_value_component_dADP_mx_dt_variable_ADP_mx":0.0035577292,"data_set_value_component_dPi_x_dt_variable_Pi_x":0.0000967794,"data_set_value_component_dATP_i_dt_variable_ATP_i":0.0,"data_set_value_component_dADP_i_dt_variable_ADP_i":0.0,"data_set_value_component_dAMP_i_dt_variable_AMP_i":0.0,"data_set_value_component_dATP_mi_dt_variable_ATP_mi":0.0,"data_set_value_component_dADP_mi_dt_variable_ADP_mi":0.0,"data_set_value_component_dPi_i_dt_variable_Pi_i":0.0001247948,"data_set_value_component_dPsi_dt_variable_dPsi":169.288895614,"data_set_value_component_dPsi_dt_variable_C_im":0.0000067568,"data_set_value_component_dO2_dt_variable_O2":0.000026},{"data_set_value_component_Environment_variable_t":0.9,"data_set_value_component_Environment_variable_Mg_tot":0.005,"data_set_value_component_Environment_variable_Pi_e":0.000125,"data_set_value_component_Environment_variable_ADP_e":0.0,"data_set_value_component_Fixed_parameters_variable_RT":2.4734,"data_set_value_component_Fixed_parameters_variable_F":0.096484,"data_set_value_component_Fixed_parameters_variable_n_A":3.0,"data_set_value_component_Fixed_parameters_variable_dG_C1o":-69.37,"data_set_value_component_Fixed_parameters_variable_dG_C3o":-32.53,"data_set_value_component_Fixed_parameters_variable_dG_C4o":-122.94,"data_set_value_component_Fixed_parameters_variable_dG_F1o":36.03,"data_set_value_component_Fixed_parameters_variable_pH_e":7.1,"data_set_value_component_Fixed_parameters_variable_H_e":0.0000000794,"data_set_value_component_Fixed_parameters_variable_K_e":0.15,"data_set_value_component_Fixed_parameters_variable_ATP_e":0.0,"data_set_value_component_Fixed_parameters_variable_AMP_e":0.0,"data_set_value_component_Fixed_parameters_variable_k_dHPi":0.0000001778,"data_set_value_component_Fixed_parameters_variable_k_dHatp":0.0000003311,"data_set_value_component_Fixed_parameters_variable_k_dHadp":0.0000005129,"data_set_value_component_Fixed_parameters_variable_K_DT":0.000024,"data_set_value_component_Fixed_parameters_variable_K_DD":0.000347,"data_set_value_component_Fixed_parameters_variable_K_AK":0.4331,"data_set_value_component_Fixed_parameters_variable_W_m":0.72376,"data_set_value_component_Fixed_parameters_variable_W_x":0.651384,"data_set_value_component_Fixed_parameters_variable_W_i":0.072376,"data_set_value_component_Fixed_parameters_variable_gamma":5.99,"data_set_value_component_Fixed_parameters_variable_Ctot":0.0027,"data_set_value_component_Fixed_parameters_variable_Qtot":0.00135,"data_set_value_component_Fixed_parameters_variable_NADtot":0.00297,"data_set_value_component_Fixed_parameters_variable_H_i":0.0000000794,"data_set_value_component_Fixed_parameters_variable_K_i":0.15,"data_set_value_component_Adjustable_parameters_variable_k_Pi1":0.00013413,"data_set_value_component_Adjustable_parameters_variable_k_Pi2":0.00067668,"data_set_value_component_Adjustable_parameters_variable_k_Pi3":0.00019172,"data_set_value_component_Adjustable_parameters_variable_k_Pi4":0.02531,"data_set_value_component_Adjustable_parameters_variable_k_PiH":0.00045082,"data_set_value_component_Adjustable_parameters_variable_r":4.5807,"data_set_value_component_Adjustable_parameters_variable_x_DH":0.09183,"data_set_value_component_Adjustable_parameters_variable_x_C1":0.36923,"data_set_value_component_Adjustable_parameters_variable_x_C3":0.091737,"data_set_value_component_Adjustable_parameters_variable_x_C4":0.000032562,"data_set_value_component_Adjustable_parameters_variable_x_F1":150.93,"data_set_value_component_Adjustable_parameters_variable_x_ANT":0.0079204,"data_set_value_component_Adjustable_parameters_variable_x_Pi1":339430.0,"data_set_value_component_Adjustable_parameters_variable_x_KH":29802000.0,"data_set_value_component_Adjustable_parameters_variable_x_Hle":250.0,"data_set_value_component_Adjustable_parameters_variable_x_K":0.0,"data_set_value_component_Adjustable_parameters_variable_k_mADP":0.0000035,"data_set_value_component_Adjustable_parameters_variable_x_AK":0.0,"data_set_value_component_Adjustable_parameters_variable_p_A":85.0,"data_set_value_component_Adjustable_parameters_variable_k_O2":0.00012,"data_set_value_component_Adjustable_parameters_variable_x_buff":100.0,"data_set_value_component_Adjustable_parameters_variable_x_MgA":1000000.0,"data_set_value_component_Adjustable_parameters_variable_x_Pi2":327.0,"data_set_value_component_Proton_motive_force_variable_dG_H":16.5676832921,"data_set_value_component_Dehydrogenase_flux_variable_J_DH":0.0006119731,"data_set_value_component_Electron_flux_complex_I_variable_J_C1":0.0004274842,"data_set_value_component_Electron_flux_complex_I_variable_dG_C1op":-67.279754411,"data_set_value_component_Electron_flux_complex_III_variable_J_C3":0.0004641313,"data_set_value_component_Electron_flux_complex_III_variable_dG_C3op":-35.3897246948,"data_set_value_component_Electron_flux_complex_IV_variable_J_C4":0.0004643579,"data_set_value_component_Electron_flux_complex_IV_variable_dG_C4op":-108.3446878699,"data_set_value_component_ATP_synthesis_flux_variable_J_F1":0.0003667081,"data_set_value_component_ANT_flux_variable_J_ANT":0.0,"data_set_value_component_ANT_flux_variable_Psi_x":-110.2672114447,"data_set_value_component_ANT_flux_variable_Psi_i":59.3746523164,"data_set_value_component_ANT_flux_variable_mincond":0.0,"data_set_value_component_MgATPx_binding_flux_variable_J_MgATPx":0.0003259558,"data_set_value_component_MgATPx_binding_flux_variable_ATP_fx":0.0001276112,"data_set_value_component_MgADPx_binding_flux_variable_J_MgADPx":-0.0003078799,"data_set_value_component_MgADPx_binding_flux_variable_ADP_fx":0.0051105784,"data_set_value_component_MgATPi_binding_flux_variable_J_MgATPi":0.0,"data_set_value_component_MgATPi_binding_flux_variable_ATP_fi":0.0,"data_set_value_component_MgADPi_binding_flux_variable_J_MgADPi":0.0,"data_set_value_component_MgADPi_binding_flux_variable_ADP_fi":0.0,"data_set_value_component_ATP_substrate_flux_variable_J_ATP":0.0,"data_set_value_component_ADP_substrate_flux_variable_J_ADP":0.0,"data_set_value_component_AMP_substrate_flux_variable_J_AMP":0.0,"data_set_value_component_Pi_substrate_flux_variable_J_Pi2":0.0003776022,"data_set_value_component_Phosphate_hydrogen_cotransporter_flux_variable_J_Pi1":0.0003775936,"data_set_value_component_Phosphate_hydrogen_cotransporter_flux_variable_H2PIi":0.000038536,"data_set_value_component_Phosphate_hydrogen_cotransporter_flux_variable_H2PIx":0.0000286899,"data_set_value_component_Adenylate_kinase_flux_variable_J_AKi":0.0,"data_set_value_component_Hydrogen_leak_flux_variable_J_Hle":0.0033691333,"data_set_value_component_Passive_potassium_flux_variable_J_K":0.0,"data_set_value_component_Potassium_hydrogen_flux_variable_J_KH":0.0005186342,"data_set_value_component_NAD_x_concentration_variable_NAD_x":0.0013213513,"data_set_value_component_Q_concentration_variable_Q":0.0004989427,"data_set_value_component_Cox_concentration_variable_Cox":0.0024674873,"data_set_value_component_ADP_binding_variable_ADP_me":0.0,"data_set_value_component_ADP_binding_variable_ADP_fe":0.0,"data_set_value_component_Mg_binding_variable_Mg_e":0.005,"data_set_value_component_Mg_binding_variable_Mg_i":0.005,"data_set_value_component_dH_x_dt_variable_H_x":0.0000000733,"data_set_value_component_dK_x_dt_variable_K_x":0.1381316511,"data_set_value_component_dMg_x_dt_variable_Mg_x":0.000238189,"data_set_value_component_dNADH_x_dt_variable_NADH_x":0.0016486487,"data_set_value_component_dQH2_dt_variable_QH2":0.0008510573,"data_set_value_component_dCred_dt_variable_Cred":0.0002325127,"data_set_value_component_dATP_x_dt_variable_ATP_x":0.0013805126,"data_set_value_component_dADP_x_dt_variable_ADP_x":0.0086194874,"data_set_value_component_dATP_mx_dt_variable_ATP_mx":0.0012529014,"data_set_value_component_dADP_mx_dt_variable_ADP_mx":0.003508909,"data_set_value_component_dPi_x_dt_variable_Pi_x":0.0000983267,"data_set_value_component_dATP_i_dt_variable_ATP_i":0.0,"data_set_value_component_dADP_i_dt_variable_ADP_i":0.0,"data_set_value_component_dAMP_i_dt_variable_AMP_i":0.0,"data_set_value_component_dATP_mi_dt_variable_ATP_mi":0.0,"data_set_value_component_dADP_mi_dt_variable_ADP_mi":0.0,"data_set_value_component_dPi_i_dt_variable_Pi_i":0.0001248072,"data_set_value_component_dPsi_dt_variable_dPsi":169.641863761,"data_set_value_component_dPsi_dt_variable_C_im":0.0000067568,"data_set_value_component_dO2_dt_variable_O2":0.000026},{"data_set_value_component_Environment_variable_t":1.0,"data_set_value_component_Environment_variable_Mg_tot":0.005,"data_set_value_component_Environment_variable_Pi_e":0.000125,"data_set_value_component_Environment_variable_ADP_e":0.0,"data_set_value_component_Fixed_parameters_variable_RT":2.4734,"data_set_value_component_Fixed_parameters_variable_F":0.096484,"data_set_value_component_Fixed_parameters_variable_n_A":3.0,"data_set_value_component_Fixed_parameters_variable_dG_C1o":-69.37,"data_set_value_component_Fixed_parameters_variable_dG_C3o":-32.53,"data_set_value_component_Fixed_parameters_variable_dG_C4o":-122.94,"data_set_value_component_Fixed_parameters_variable_dG_F1o":36.03,"data_set_value_component_Fixed_parameters_variable_pH_e":7.1,"data_set_value_component_Fixed_parameters_variable_H_e":0.0000000794,"data_set_value_component_Fixed_parameters_variable_K_e":0.15,"data_set_value_component_Fixed_parameters_variable_ATP_e":0.0,"data_set_value_component_Fixed_parameters_variable_AMP_e":0.0,"data_set_value_component_Fixed_parameters_variable_k_dHPi":0.0000001778,"data_set_value_component_Fixed_parameters_variable_k_dHatp":0.0000003311,"data_set_value_component_Fixed_parameters_variable_k_dHadp":0.0000005129,"data_set_value_component_Fixed_parameters_variable_K_DT":0.000024,"data_set_value_component_Fixed_parameters_variable_K_DD":0.000347,"data_set_value_component_Fixed_parameters_variable_K_AK":0.4331,"data_set_value_component_Fixed_parameters_variable_W_m":0.72376,"data_set_value_component_Fixed_parameters_variable_W_x":0.651384,"data_set_value_component_Fixed_parameters_variable_W_i":0.072376,"data_set_value_component_Fixed_parameters_variable_gamma":5.99,"data_set_value_component_Fixed_parameters_variable_Ctot":0.0027,"data_set_value_component_Fixed_parameters_variable_Qtot":0.00135,"data_set_value_component_Fixed_parameters_variable_NADtot":0.00297,"data_set_value_component_Fixed_parameters_variable_H_i":0.0000000794,"data_set_value_component_Fixed_parameters_variable_K_i":0.15,"data_set_value_component_Adjustable_parameters_variable_k_Pi1":0.00013413,"data_set_value_component_Adjustable_parameters_variable_k_Pi2":0.00067668,"data_set_value_component_Adjustable_parameters_variable_k_Pi3":0.00019172,"data_set_value_component_Adjustable_parameters_variable_k_Pi4":0.02531,"data_set_value_component_Adjustable_parameters_variable_k_PiH":0.00045082,"data_set_value_component_Adjustable_parameters_variable_r":4.5807,"data_set_value_component_Adjustable_parameters_variable_x_DH":0.09183,"data_set_value_component_Adjustable_parameters_variable_x_C1":0.36923,"data_set_value_component_Adjustable_parameters_variable_x_C3":0.091737,"data_set_value_component_Adjustable_parameters_variable_x_C4":0.000032562,"data_set_value_component_Adjustable_parameters_variable_x_F1":150.93,"data_set_value_component_Adjustable_parameters_variable_x_ANT":0.0079204,"data_set_value_component_Adjustable_parameters_variable_x_Pi1":339430.0,"data_set_value_component_Adjustable_parameters_variable_x_KH":29802000.0,"data_set_value_component_Adjustable_parameters_variable_x_Hle":250.0,"data_set_value_component_Adjustable_parameters_variable_x_K":0.0,"data_set_value_component_Adjustable_parameters_variable_k_mADP":0.0000035,"data_set_value_component_Adjustable_parameters_variable_x_AK":0.0,"data_set_value_component_Adjustable_parameters_variable_p_A":85.0,"data_set_value_component_Adjustable_parameters_variable_k_O2":0.00012,"data_set_value_component_Adjustable_parameters_variable_x_buff":100.0,"data_set_value_component_Adjustable_parameters_variable_x_MgA":1000000.0,"data_set_value_component_Adjustable_parameters_variable_x_Pi2":327.0,"data_set_value_component_Proton_motive_force_variable_dG_H":16.5977440807,"data_set_value_component_Dehydrogenase_flux_variable_J_DH":0.0005934574,"data_set_value_component_Electron_flux_complex_I_variable_J_C1":0.0004238652,"data_set_value_component_Electron_flux_complex_I_variable_dG_C1op":-67.322435131,"data_set_value_component_Electron_flux_complex_III_variable_J_C3":0.0004564459,"data_set_value_component_Electron_flux_complex_III_variable_dG_C3op":-35.3459280518,"data_set_value_component_Electron_flux_complex_IV_variable_J_C4":0.0004566419,"data_set_value_component_Electron_flux_complex_IV_variable_dG_C4op":-108.346919716,"data_set_value_component_ATP_synthesis_flux_variable_J_F1":0.0003471736,"data_set_value_component_ANT_flux_variable_J_ANT":0.0,"data_set_value_component_ANT_flux_variable_Psi_x":-110.4772448451,"data_set_value_component_ANT_flux_variable_Psi_i":59.4877472243,"data_set_value_component_ANT_flux_variable_mincond":0.0,"data_set_value_component_MgATPx_binding_flux_variable_J_MgATPx":0.0003058674,"data_set_value_component_MgATPx_binding_flux_variable_ATP_fx":0.0001339237,"data_set_value_component_MgADPx_binding_flux_variable_J_MgADPx":-0.0002888891,"data_set_value_component_MgADPx_binding_flux_variable_ADP_fx":0.0051015758,"data_set_value_component_MgATPi_binding_flux_variable_J_MgATPi":0.0,"data_set_value_component_MgATPi_binding_flux_variable_ATP_fi":0.0,"data_set_value_component_MgADPi_binding_flux_variable_J_MgADPi":0.0,"data_set_value_component_MgADPi_binding_flux_variable_ADP_fi":0.0,"data_set_value_component_ATP_substrate_flux_variable_J_ATP":0.0,"data_set_value_component_ADP_substrate_flux_variable_J_ADP":0.0,"data_set_value_component_AMP_substrate_flux_variable_J_AMP":0.0,"data_set_value_component_Pi_substrate_flux_variable_J_Pi2":0.0003551245,"data_set_value_component_Phosphate_hydrogen_cotransporter_flux_variable_J_Pi1":0.0003551165,"data_set_value_component_Phosphate_hydrogen_cotransporter_flux_variable_H2PIi":0.0000385395,"data_set_value_component_Phosphate_hydrogen_cotransporter_flux_variable_H2PIx":0.0000291171,"data_set_value_component_Adenylate_kinase_flux_variable_J_AKi":0.0,"data_set_value_component_Hydrogen_leak_flux_variable_J_Hle":0.0033755444,"data_set_value_component_Passive_potassium_flux_variable_J_K":0.0,"data_set_value_component_Potassium_hydrogen_flux_variable_J_KH":0.0004842878,"data_set_value_component_NAD_x_concentration_variable_NAD_x":0.0012941939,"data_set_value_component_Q_concentration_variable_Q":0.0005042399,"data_set_value_component_Cox_concentration_variable_Cox":0.0024680678,"data_set_value_component_ADP_binding_variable_ADP_me":0.0,"data_set_value_component_ADP_binding_variable_ADP_fe":0.0,"data_set_value_component_Mg_binding_variable_Mg_e":0.005,"data_set_value_component_Mg_binding_variable_Mg_i":0.005,"data_set_value_component_dH_x_dt_variable_H_x":0.0000000733,"data_set_value_component_dK_x_dt_variable_K_x":0.1382085938,"data_set_value_component_dMg_x_dt_variable_Mg_x":0.0002354989,"data_set_value_component_dNADH_x_dt_variable_NADH_x":0.0016758061,"data_set_value_component_dQH2_dt_variable_QH2":0.0008457601,"data_set_value_component_dCred_dt_variable_Cred":0.0002319322,"data_set_value_component_dATP_x_dt_variable_ATP_x":0.0014352995,"data_set_value_component_dADP_x_dt_variable_ADP_x":0.0085647005,"data_set_value_component_dATP_mx_dt_variable_ATP_mx":0.0013013758,"data_set_value_component_dADP_mx_dt_variable_ADP_mx":0.0034631247,"data_set_value_component_dPi_x_dt_variable_Pi_x":0.000099759,"data_set_value_component_dATP_i_dt_variable_ATP_i":0.0,"data_set_value_component_dADP_i_dt_variable_ADP_i":0.0,"data_set_value_component_dAMP_i_dt_variable_AMP_i":0.0,"data_set_value_component_dATP_mi_dt_variable_ATP_mi":0.0,"data_set_value_component_dADP_mi_dt_variable_ADP_mi":0.0,"data_set_value_component_dPi_i_dt_variable_Pi_i":0.0001248187,"data_set_value_component_dPsi_dt_variable_dPsi":169.9649920693,"data_set_value_component_dPsi_dt_variable_C_im":0.0000067568,"data_set_value_component_dO2_dt_variable_O2":0.000026}]