[{"data_set_value_component_environment_variable_time":0.0,"data_set_value_component_G_variable_G":150.0,"data_set_value_component_G_variable_Gin":0.05,"data_set_value_component_I_variable_I":5.0,"data_set_value_component_I_variable_Iin":0.25,"data_set_value_component_f2_G_variable_f2_G":7.1225923881,"data_set_value_component_f3_G_variable_f3_G":0.015,"data_set_value_component_f4_I_variable_f4_I":212.5415742277,"data_set_value_component_f5_I_variable_f5_I":92.8360172761,"data_set_value_component_model_parameters_variable_Vg":10.0,"data_set_value_component_model_parameters_variable_Vp":3.0,"data_set_value_component_model_parameters_variable_Vi":11.0,"data_set_value_component_model_parameters_variable_ti":100.0,"data_set_value_component_model_parameters_variable_U0":40.0,"data_set_value_component_model_parameters_variable_Um":940.0,"data_set_value_component_model_parameters_variable_alpha":0.29,"data_set_value_component_model_parameters_variable_beta":1.77,"data_set_value_component_model_parameters_variable_C2":144.0,"data_set_value_component_model_parameters_variable_C3":1000.0,"data_set_value_component_model_parameters_variable_C4":80.0,"data_set_value_component_model_parameters_variable_C5":26.0,"data_set_value_component_model_parameters_variable_Ub":72.0,"data_set_value_component_model_parameters_variable_Rg":180.0,"data_set_value_component_model_parameters_variable_di":0.0107},{"data_set_value_component_environment_variable_time":0.1,"data_set_value_component_G_variable_G":158.2316969484,"data_set_value_component_G_variable_Gin":0.0833333333,"data_set_value_component_I_variable_I":5.0196394782,"data_set_value_component_I_variable_Iin":0.25,"data_set_value_component_f2_G_variable_f2_G":7.4924032372,"data_set_value_component_f3_G_variable_f3_G":0.0158231697,"data_set_value_component_f4_I_variable_f4_I":213.5113455872,"data_set_value_component_f5_I_variable_f5_I":92.8471494369,"data_set_value_component_model_parameters_variable_Vg":10.0,"data_set_value_component_model_parameters_variable_Vp":3.0,"data_set_value_component_model_parameters_variable_Vi":11.0,"data_set_value_component_model_parameters_variable_ti":100.0,"data_set_value_component_model_parameters_variable_U0":40.0,"data_set_value_component_model_parameters_variable_Um":940.0,"data_set_value_component_model_parameters_variable_alpha":0.29,"data_set_value_component_model_parameters_variable_beta":1.77,"data_set_value_component_model_parameters_variable_C2":144.0,"data_set_value_component_model_parameters_variable_C3":1000.0,"data_set_value_component_model_parameters_variable_C4":80.0,"data_set_value_component_model_parameters_variable_C5":26.0,"data_set_value_component_model_parameters_variable_Ub":72.0,"data_set_value_component_model_parameters_variable_Rg":180.0,"data_set_value_component_model_parameters_variable_di":0.0107},{"data_set_value_component_environment_variable_time":0.2,"data_set_value_component_G_variable_G":166.4120802503,"data_set_value_component_G_variable_Gin":0.1166666667,"data_set_value_component_I_variable_I":5.0392579681,"data_set_value_component_I_variable_Iin":0.25,"data_set_value_component_f2_G_variable_f2_G":7.8578204773,"data_set_value_component_f3_G_variable_f3_G":0.016641208,"data_set_value_component_f4_I_variable_f4_I":214.4804121924,"data_set_value_component_f5_I_variable_f5_I":92.8582696139,"data_set_value_component_model_parameters_variable_Vg":10.0,"data_set_value_component_model_parameters_variable_Vp":3.0,"data_set_value_component_model_parameters_variable_Vi":11.0,"data_set_value_component_model_parameters_variable_ti":100.0,"data_set_value_component_model_parameters_variable_U0":40.0,"data_set_value_component_model_parameters_variable_Um":940.0,"data_set_value_component_model_parameters_variable_alpha":0.29,"data_set_value_component_model_parameters_variable_beta":1.77,"data_set_value_component_model_parameters_variable_C2":144.0,"data_set_value_component_model_parameters_variable_C3":1000.0,"data_set_value_component_model_parameters_variable_C4":80.0,"data_set_value_component_model_parameters_variable_C5":26.0,"data_set_value_component_model_parameters_variable_Ub":72.0,"data_set_value_component_model_parameters_variable_Rg":180.0,"data_set_value_component_model_parameters_variable_di":0.0107},{"data_set_value_component_environment_variable_time":0.3,"data_set_value_component_G_variable_G":174.5414889269,"data_set_value_component_G_variable_Gin":0.15,"data_set_value_component_I_variable_I":5.0588554781,"data_set_value_component_I_variable_Iin":0.25,"data_set_value_component_f2_G_variable_f2_G":8.2189099826,"data_set_value_component_f3_G_variable_f3_G":0.0174541489,"data_set_value_component_f4_I_variable_f4_I":215.4487578611,"data_set_value_component_f5_I_variable_f5_I":92.8693778119,"data_set_value_component_model_parameters_variable_Vg":10.0,"data_set_value_component_model_parameters_variable_Vp":3.0,"data_set_value_component_model_parameters_variable_Vi":11.0,"data_set_value_component_model_parameters_variable_ti":100.0,"data_set_value_component_model_parameters_variable_U0":40.0,"data_set_value_component_model_parameters_variable_Um":940.0,"data_set_value_component_model_parameters_variable_alpha":0.29,"data_set_value_component_model_parameters_variable_beta":1.77,"data_set_value_component_model_parameters_variable_C2":144.0,"data_set_value_component_model_parameters_variable_C3":1000.0,"data_set_value_component_model_parameters_variable_C4":80.0,"data_set_value_component_model_parameters_variable_C5":26.0,"data_set_value_component_model_parameters_variable_Ub":72.0,"data_set_value_component_model_parameters_variable_Rg":180.0,"data_set_value_component_model_parameters_variable_di":0.0107},{"data_set_value_component_environment_variable_time":0.4,"data_set_value_component_G_variable_G":182.6202660452,"data_set_value_component_G_variable_Gin":0.1833333333,"data_set_value_component_I_variable_I":5.0784320284,"data_set_value_component_I_variable_Iin":0.25,"data_set_value_component_f2_G_variable_f2_G":8.5757367194,"data_set_value_component_f3_G_variable_f3_G":0.0182620266,"data_set_value_component_f4_I_variable_f4_I":216.416367183,"data_set_value_component_f5_I_variable_f5_I":92.8804740422,"data_set_value_component_model_parameters_variable_Vg":10.0,"data_set_value_component_model_parameters_variable_Vp":3.0,"data_set_value_component_model_parameters_variable_Vi":11.0,"data_set_value_component_model_parameters_variable_ti":100.0,"data_set_value_component_model_parameters_variable_U0":40.0,"data_set_value_component_model_parameters_variable_Um":940.0,"data_set_value_component_model_parameters_variable_alpha":0.29,"data_set_value_component_model_parameters_variable_beta":1.77,"data_set_value_component_model_parameters_variable_C2":144.0,"data_set_value_component_model_parameters_variable_C3":1000.0,"data_set_value_component_model_parameters_variable_C4":80.0,"data_set_value_component_model_parameters_variable_C5":26.0,"data_set_value_component_model_parameters_variable_Ub":72.0,"data_set_value_component_model_parameters_variable_Rg":180.0,"data_set_value_component_model_parameters_variable_di":0.0107},{"data_set_value_component_environment_variable_time":0.5,"data_set_value_component_G_variable_G":190.6488010193,"data_set_value_component_G_variable_Gin":0.2166666667,"data_set_value_component_I_variable_I":5.0979876419,"data_set_value_component_I_variable_Iin":0.25,"data_set_value_component_f2_G_variable_f2_G":8.9283666152,"data_set_value_component_f3_G_variable_f3_G":0.0190648801,"data_set_value_component_f4_I_variable_f4_I":217.3832251054,"data_set_value_component_f5_I_variable_f5_I":92.8915583178,"data_set_value_component_model_parameters_variable_Vg":10.0,"data_set_value_component_model_parameters_variable_Vp":3.0,"data_set_value_component_model_parameters_variable_Vi":11.0,"data_set_value_component_model_parameters_variable_ti":100.0,"data_set_value_component_model_parameters_variable_U0":40.0,"data_set_value_component_model_parameters_variable_Um":940.0,"data_set_value_component_model_parameters_variable_alpha":0.29,"data_set_value_component_model_parameters_variable_beta":1.77,"data_set_value_component_model_parameters_variable_C2":144.0,"data_set_value_component_model_parameters_variable_C3":1000.0,"data_set_value_component_model_parameters_variable_C4":80.0,"data_set_value_component_model_parameters_variable_C5":26.0,"data_set_value_component_model_parameters_variable_Ub":72.0,"data_set_value_component_model_parameters_variable_Rg":180.0,"data_set_value_component_model_parameters_variable_di":0.0107},{"data_set_value_component_environment_variable_time":0.6,"data_set_value_component_G_variable_G":198.6274657751,"data_set_value_component_G_variable_Gin":0.25,"data_set_value_component_I_variable_I":5.1175223415,"data_set_value_component_I_variable_Iin":0.25,"data_set_value_component_f2_G_variable_f2_G":9.2768637427,"data_set_value_component_f3_G_variable_f3_G":0.0198627466,"data_set_value_component_f4_I_variable_f4_I":218.3493167514,"data_set_value_component_f5_I_variable_f5_I":92.9026306515,"data_set_value_component_model_parameters_variable_Vg":10.0,"data_set_value_component_model_parameters_variable_Vp":3.0,"data_set_value_component_model_parameters_variable_Vi":11.0,"data_set_value_component_model_parameters_variable_ti":100.0,"data_set_value_component_model_parameters_variable_U0":40.0,"data_set_value_component_model_parameters_variable_Um":940.0,"data_set_value_component_model_parameters_variable_alpha":0.29,"data_set_value_component_model_parameters_variable_beta":1.77,"data_set_value_component_model_parameters_variable_C2":144.0,"data_set_value_component_model_parameters_variable_C3":1000.0,"data_set_value_component_model_parameters_variable_C4":80.0,"data_set_value_component_model_parameters_variable_C5":26.0,"data_set_value_component_model_parameters_variable_Ub":72.0,"data_set_value_component_model_parameters_variable_Rg":180.0,"data_set_value_component_model_parameters_variable_di":0.0107},{"data_set_value_component_environment_variable_time":0.7,"data_set_value_component_G_variable_G":206.5566414808,"data_set_value_component_G_variable_Gin":0.2833333333,"data_set_value_component_I_variable_I":5.1370361503,"data_set_value_component_I_variable_Iin":0.25,"data_set_value_component_f2_G_variable_f2_G":9.6212915211,"data_set_value_component_f3_G_variable_f3_G":0.0206556641,"data_set_value_component_f4_I_variable_f4_I":219.314627468,"data_set_value_component_f5_I_variable_f5_I":92.9136910564,"data_set_value_component_model_parameters_variable_Vg":10.0,"data_set_value_component_model_parameters_variable_Vp":3.0,"data_set_value_component_model_parameters_variable_Vi":11.0,"data_set_value_component_model_parameters_variable_ti":100.0,"data_set_value_component_model_parameters_variable_U0":40.0,"data_set_value_component_model_parameters_variable_Um":940.0,"data_set_value_component_model_parameters_variable_alpha":0.29,"data_set_value_component_model_parameters_variable_beta":1.77,"data_set_value_component_model_parameters_variable_C2":144.0,"data_set_value_component_model_parameters_variable_C3":1000.0,"data_set_value_component_model_parameters_variable_C4":80.0,"data_set_value_component_model_parameters_variable_C5":26.0,"data_set_value_component_model_parameters_variable_Ub":72.0,"data_set_value_component_model_parameters_variable_Rg":180.0,"data_set_value_component_model_parameters_variable_di":0.0107},{"data_set_value_component_environment_variable_time":0.8,"data_set_value_component_G_variable_G":214.4366813553,"data_set_value_component_G_variable_Gin":0.3166666667,"data_set_value_component_I_variable_I":5.1565290904,"data_set_value_component_I_variable_Iin":0.25,"data_set_value_component_f2_G_variable_f2_G":9.961711123,"data_set_value_component_f3_G_variable_f3_G":0.0214436681,"data_set_value_component_f4_I_variable_f4_I":220.2791427448,"data_set_value_component_f5_I_variable_f5_I":92.924739545,"data_set_value_component_model_parameters_variable_Vg":10.0,"data_set_value_component_model_parameters_variable_Vp":3.0,"data_set_value_component_model_parameters_variable_Vi":11.0,"data_set_value_component_model_parameters_variable_ti":100.0,"data_set_value_component_model_parameters_variable_U0":40.0,"data_set_value_component_model_parameters_variable_Um":940.0,"data_set_value_component_model_parameters_variable_alpha":0.29,"data_set_value_component_model_parameters_variable_beta":1.77,"data_set_value_component_model_parameters_variable_C2":144.0,"data_set_value_component_model_parameters_variable_C3":1000.0,"data_set_value_component_model_parameters_variable_C4":80.0,"data_set_value_component_model_parameters_variable_C5":26.0,"data_set_value_component_model_parameters_variable_Ub":72.0,"data_set_value_component_model_parameters_variable_Rg":180.0,"data_set_value_component_model_parameters_variable_di":0.0107},{"data_set_value_component_environment_variable_time":0.9,"data_set_value_component_G_variable_G":222.2679485608,"data_set_value_component_G_variable_Gin":0.35,"data_set_value_component_I_variable_I":5.1760011845,"data_set_value_component_I_variable_Iin":0.25,"data_set_value_component_f2_G_variable_f2_G":10.2981831521,"data_set_value_component_f3_G_variable_f3_G":0.0222267949,"data_set_value_component_f4_I_variable_f4_I":221.2428482955,"data_set_value_component_f5_I_variable_f5_I":92.9357761301,"data_set_value_component_model_parameters_variable_Vg":10.0,"data_set_value_component_model_parameters_variable_Vp":3.0,"data_set_value_component_model_parameters_variable_Vi":11.0,"data_set_value_component_model_parameters_variable_ti":100.0,"data_set_value_component_model_parameters_variable_U0":40.0,"data_set_value_component_model_parameters_variable_Um":940.0,"data_set_value_component_model_parameters_variable_alpha":0.29,"data_set_value_component_model_parameters_variable_beta":1.77,"data_set_value_component_model_parameters_variable_C2":144.0,"data_set_value_component_model_parameters_variable_C3":1000.0,"data_set_value_component_model_parameters_variable_C4":80.0,"data_set_value_component_model_parameters_variable_C5":26.0,"data_set_value_component_model_parameters_variable_Ub":72.0,"data_set_value_component_model_parameters_variable_Rg":180.0,"data_set_value_component_model_parameters_variable_di":0.0107},{"data_set_value_component_environment_variable_time":1.0,"data_set_value_component_G_variable_G":230.0507893632,"data_set_value_component_G_variable_Gin":0.3833333333,"data_set_value_component_I_variable_I":5.1954524547,"data_set_value_component_I_variable_Iin":0.25,"data_set_value_component_f2_G_variable_f2_G":10.6307665064,"data_set_value_component_f3_G_variable_f3_G":0.0230050789,"data_set_value_component_f4_I_variable_f4_I":222.205729998,"data_set_value_component_f5_I_variable_f5_I":92.9468008241,"data_set_value_component_model_parameters_variable_Vg":10.0,"data_set_value_component_model_parameters_variable_Vp":3.0,"data_set_value_component_model_parameters_variable_Vi":11.0,"data_set_value_component_model_parameters_variable_ti":100.0,"data_set_value_component_model_parameters_variable_U0":40.0,"data_set_value_component_model_parameters_variable_Um":940.0,"data_set_value_component_model_parameters_variable_alpha":0.29,"data_set_value_component_model_parameters_variable_beta":1.77,"data_set_value_component_model_parameters_variable_C2":144.0,"data_set_value_component_model_parameters_variable_C3":1000.0,"data_set_value_component_model_parameters_variable_C4":80.0,"data_set_value_component_model_parameters_variable_C5":26.0,"data_set_value_component_model_parameters_variable_Ub":72.0,"data_set_value_component_model_parameters_variable_Rg":180.0,"data_set_value_component_model_parameters_variable_di":0.0107}]