[{"data_set_value_component_environment_variable_time":0.0,"data_set_value_component_Pfr_variable_Pfr":10.0,"data_set_value_component_Pr_variable_Pr":0.0,"data_set_value_component_Pr_variable_kd":0.1,"data_set_value_component_Xi_variable_Xi":6.0,"data_set_value_component_Xa_variable_Xa":0.0,"data_set_value_component_prepreS_variable_prepreS":200.0,"data_set_value_component_preS_variable_preS":0.0,"data_set_value_component_S_variable_S":0.0,"data_set_value_component_S_variable_alpha1":30.0,"data_set_value_component_V_variable_V":50.0,"data_set_value_component_V_variable_alpha2":50.0,"data_set_value_component_Ya_variable_Ya":0.9,"data_set_value_component_Ya_variable_kG":0.1,"data_set_value_component_model_parameters_variable_Ifr_sigma_fr_phi_fr":0.1,"data_set_value_component_model_parameters_variable_Ir_sigma_r_phi_r":0.0,"data_set_value_component_model_parameters_variable_kia":0.1,"data_set_value_component_model_parameters_variable_kai":0.8,"data_set_value_component_model_parameters_variable_kx":0.2,"data_set_value_component_model_parameters_variable_ky":1.0,"data_set_value_component_model_parameters_variable_glucose":1.0},{"data_set_value_component_environment_variable_time":0.1,"data_set_value_component_Pfr_variable_Pfr":9.9005011453,"data_set_value_component_Pr_variable_Pr":0.0,"data_set_value_component_Pr_variable_kd":0.1,"data_set_value_component_Xi_variable_Xi":6.0,"data_set_value_component_Xa_variable_Xa":0.0,"data_set_value_component_prepreS_variable_prepreS":200.0,"data_set_value_component_preS_variable_preS":0.0,"data_set_value_component_S_variable_S":0.0000228361,"data_set_value_component_S_variable_alpha1":30.0,"data_set_value_component_V_variable_V":50.0,"data_set_value_component_V_variable_alpha2":50.0,"data_set_value_component_Ya_variable_Ya":0.8910451031,"data_set_value_component_Ya_variable_kG":0.1,"data_set_value_component_model_parameters_variable_Ifr_sigma_fr_phi_fr":0.1,"data_set_value_component_model_parameters_variable_Ir_sigma_r_phi_r":0.0,"data_set_value_component_model_parameters_variable_kia":0.1,"data_set_value_component_model_parameters_variable_kai":0.8,"data_set_value_component_model_parameters_variable_kx":0.2,"data_set_value_component_model_parameters_variable_ky":1.0,"data_set_value_component_model_parameters_variable_glucose":1.0},{"data_set_value_component_environment_variable_time":0.2,"data_set_value_component_Pfr_variable_Pfr":9.801986809,"data_set_value_component_Pr_variable_Pr":0.0,"data_set_value_component_Pr_variable_kd":0.1,"data_set_value_component_Xi_variable_Xi":6.0,"data_set_value_component_Xa_variable_Xa":0.0,"data_set_value_component_prepreS_variable_prepreS":200.0,"data_set_value_component_preS_variable_preS":0.0,"data_set_value_component_S_variable_S":0.0000435617,"data_set_value_component_S_variable_alpha1":30.0,"data_set_value_component_V_variable_V":50.0,"data_set_value_component_V_variable_alpha2":50.0,"data_set_value_component_Ya_variable_Ya":0.8821788128,"data_set_value_component_Ya_variable_kG":0.1,"data_set_value_component_model_parameters_variable_Ifr_sigma_fr_phi_fr":0.1,"data_set_value_component_model_parameters_variable_Ir_sigma_r_phi_r":0.0,"data_set_value_component_model_parameters_variable_kia":0.1,"data_set_value_component_model_parameters_variable_kai":0.8,"data_set_value_component_model_parameters_variable_kx":0.2,"data_set_value_component_model_parameters_variable_ky":1.0,"data_set_value_component_model_parameters_variable_glucose":1.0},{"data_set_value_component_environment_variable_time":0.3,"data_set_value_component_Pfr_variable_Pfr":9.7044515966,"data_set_value_component_Pr_variable_Pr":0.0,"data_set_value_component_Pr_variable_kd":0.1,"data_set_value_component_Xi_variable_Xi":6.0,"data_set_value_component_Xa_variable_Xa":0.0,"data_set_value_component_prepreS_variable_prepreS":200.0,"data_set_value_component_preS_variable_preS":0.0,"data_set_value_component_S_variable_S":0.0000623297,"data_set_value_component_S_variable_alpha1":30.0,"data_set_value_component_V_variable_V":50.0,"data_set_value_component_V_variable_alpha2":50.0,"data_set_value_component_Ya_variable_Ya":0.8734006437,"data_set_value_component_Ya_variable_kG":0.1,"data_set_value_component_model_parameters_variable_Ifr_sigma_fr_phi_fr":0.1,"data_set_value_component_model_parameters_variable_Ir_sigma_r_phi_r":0.0,"data_set_value_component_model_parameters_variable_kia":0.1,"data_set_value_component_model_parameters_variable_kai":0.8,"data_set_value_component_model_parameters_variable_kx":0.2,"data_set_value_component_model_parameters_variable_ky":1.0,"data_set_value_component_model_parameters_variable_glucose":1.0},{"data_set_value_component_environment_variable_time":0.4,"data_set_value_component_Pfr_variable_Pfr":9.6078891014,"data_set_value_component_Pr_variable_Pr":0.0,"data_set_value_component_Pr_variable_kd":0.1,"data_set_value_component_Xi_variable_Xi":6.0,"data_set_value_component_Xa_variable_Xa":0.0,"data_set_value_component_prepreS_variable_prepreS":200.0,"data_set_value_component_preS_variable_preS":0.0,"data_set_value_component_S_variable_S":0.0000792662,"data_set_value_component_S_variable_alpha1":30.0,"data_set_value_component_V_variable_V":50.0,"data_set_value_component_V_variable_alpha2":50.0,"data_set_value_component_Ya_variable_Ya":0.8647100191,"data_set_value_component_Ya_variable_kG":0.1,"data_set_value_component_model_parameters_variable_Ifr_sigma_fr_phi_fr":0.1,"data_set_value_component_model_parameters_variable_Ir_sigma_r_phi_r":0.0,"data_set_value_component_model_parameters_variable_kia":0.1,"data_set_value_component_model_parameters_variable_kai":0.8,"data_set_value_component_model_parameters_variable_kx":0.2,"data_set_value_component_model_parameters_variable_ky":1.0,"data_set_value_component_model_parameters_variable_glucose":1.0},{"data_set_value_component_environment_variable_time":0.5,"data_set_value_component_Pfr_variable_Pfr":9.5122876482,"data_set_value_component_Pr_variable_Pr":0.0,"data_set_value_component_Pr_variable_kd":0.1,"data_set_value_component_Xi_variable_Xi":6.0,"data_set_value_component_Xa_variable_Xa":0.0,"data_set_value_component_prepreS_variable_prepreS":200.0,"data_set_value_component_preS_variable_preS":0.0,"data_set_value_component_S_variable_S":0.000094584,"data_set_value_component_S_variable_alpha1":30.0,"data_set_value_component_V_variable_V":50.0,"data_set_value_component_V_variable_alpha2":50.0,"data_set_value_component_Ya_variable_Ya":0.8561058883,"data_set_value_component_Ya_variable_kG":0.1,"data_set_value_component_model_parameters_variable_Ifr_sigma_fr_phi_fr":0.1,"data_set_value_component_model_parameters_variable_Ir_sigma_r_phi_r":0.0,"data_set_value_component_model_parameters_variable_kia":0.1,"data_set_value_component_model_parameters_variable_kai":0.8,"data_set_value_component_model_parameters_variable_kx":0.2,"data_set_value_component_model_parameters_variable_ky":1.0,"data_set_value_component_model_parameters_variable_glucose":1.0},{"data_set_value_component_environment_variable_time":0.6,"data_set_value_component_Pfr_variable_Pfr":9.4176374046,"data_set_value_component_Pr_variable_Pr":0.0,"data_set_value_component_Pr_variable_kd":0.1,"data_set_value_component_Xi_variable_Xi":6.0,"data_set_value_component_Xa_variable_Xa":0.0,"data_set_value_component_prepreS_variable_prepreS":200.0,"data_set_value_component_preS_variable_preS":0.0,"data_set_value_component_S_variable_S":0.0001084422,"data_set_value_component_S_variable_alpha1":30.0,"data_set_value_component_V_variable_V":50.0,"data_set_value_component_V_variable_alpha2":50.0,"data_set_value_component_Ya_variable_Ya":0.8475873664,"data_set_value_component_Ya_variable_kG":0.1,"data_set_value_component_model_parameters_variable_Ifr_sigma_fr_phi_fr":0.1,"data_set_value_component_model_parameters_variable_Ir_sigma_r_phi_r":0.0,"data_set_value_component_model_parameters_variable_kia":0.1,"data_set_value_component_model_parameters_variable_kai":0.8,"data_set_value_component_model_parameters_variable_kx":0.2,"data_set_value_component_model_parameters_variable_ky":1.0,"data_set_value_component_model_parameters_variable_glucose":1.0},{"data_set_value_component_environment_variable_time":0.7,"data_set_value_component_Pfr_variable_Pfr":9.3239295303,"data_set_value_component_Pr_variable_Pr":0.0,"data_set_value_component_Pr_variable_kd":0.1,"data_set_value_component_Xi_variable_Xi":6.0,"data_set_value_component_Xa_variable_Xa":0.0,"data_set_value_component_prepreS_variable_prepreS":200.0,"data_set_value_component_preS_variable_preS":0.0,"data_set_value_component_S_variable_S":0.000120971,"data_set_value_component_S_variable_alpha1":30.0,"data_set_value_component_V_variable_V":50.0,"data_set_value_component_V_variable_alpha2":50.0,"data_set_value_component_Ya_variable_Ya":0.8391536577,"data_set_value_component_Ya_variable_kG":0.1,"data_set_value_component_model_parameters_variable_Ifr_sigma_fr_phi_fr":0.1,"data_set_value_component_model_parameters_variable_Ir_sigma_r_phi_r":0.0,"data_set_value_component_model_parameters_variable_kia":0.1,"data_set_value_component_model_parameters_variable_kai":0.8,"data_set_value_component_model_parameters_variable_kx":0.2,"data_set_value_component_model_parameters_variable_ky":1.0,"data_set_value_component_model_parameters_variable_glucose":1.0},{"data_set_value_component_environment_variable_time":0.8,"data_set_value_component_Pfr_variable_Pfr":9.2311546168,"data_set_value_component_Pr_variable_Pr":0.0,"data_set_value_component_Pr_variable_kd":0.1,"data_set_value_component_Xi_variable_Xi":6.0,"data_set_value_component_Xa_variable_Xa":0.0,"data_set_value_component_prepreS_variable_prepreS":200.0,"data_set_value_component_preS_variable_preS":0.0,"data_set_value_component_S_variable_S":0.0001322988,"data_set_value_component_S_variable_alpha1":30.0,"data_set_value_component_V_variable_V":50.0,"data_set_value_component_V_variable_alpha2":50.0,"data_set_value_component_Ya_variable_Ya":0.8308039155,"data_set_value_component_Ya_variable_kG":0.1,"data_set_value_component_model_parameters_variable_Ifr_sigma_fr_phi_fr":0.1,"data_set_value_component_model_parameters_variable_Ir_sigma_r_phi_r":0.0,"data_set_value_component_model_parameters_variable_kia":0.1,"data_set_value_component_model_parameters_variable_kai":0.8,"data_set_value_component_model_parameters_variable_kx":0.2,"data_set_value_component_model_parameters_variable_ky":1.0,"data_set_value_component_model_parameters_variable_glucose":1.0},{"data_set_value_component_environment_variable_time":0.9,"data_set_value_component_Pfr_variable_Pfr":9.1393030862,"data_set_value_component_Pr_variable_Pr":0.0,"data_set_value_component_Pr_variable_kd":0.1,"data_set_value_component_Xi_variable_Xi":6.0,"data_set_value_component_Xa_variable_Xa":0.0,"data_set_value_component_prepreS_variable_prepreS":200.0,"data_set_value_component_preS_variable_preS":0.0,"data_set_value_component_S_variable_S":0.0001425448,"data_set_value_component_S_variable_alpha1":30.0,"data_set_value_component_V_variable_V":50.0,"data_set_value_component_V_variable_alpha2":50.0,"data_set_value_component_Ya_variable_Ya":0.8225372778,"data_set_value_component_Ya_variable_kG":0.1,"data_set_value_component_model_parameters_variable_Ifr_sigma_fr_phi_fr":0.1,"data_set_value_component_model_parameters_variable_Ir_sigma_r_phi_r":0.0,"data_set_value_component_model_parameters_variable_kia":0.1,"data_set_value_component_model_parameters_variable_kai":0.8,"data_set_value_component_model_parameters_variable_kx":0.2,"data_set_value_component_model_parameters_variable_ky":1.0,"data_set_value_component_model_parameters_variable_glucose":1.0},{"data_set_value_component_environment_variable_time":1.0,"data_set_value_component_Pfr_variable_Pfr":9.0483657202,"data_set_value_component_Pr_variable_Pr":0.0,"data_set_value_component_Pr_variable_kd":0.1,"data_set_value_component_Xi_variable_Xi":6.0,"data_set_value_component_Xa_variable_Xa":0.0,"data_set_value_component_prepreS_variable_prepreS":200.0,"data_set_value_component_preS_variable_preS":0.0,"data_set_value_component_S_variable_S":0.0001518059,"data_set_value_component_S_variable_alpha1":30.0,"data_set_value_component_V_variable_V":50.0,"data_set_value_component_V_variable_alpha2":50.0,"data_set_value_component_Ya_variable_Ya":0.8143529148,"data_set_value_component_Ya_variable_kG":0.1,"data_set_value_component_model_parameters_variable_Ifr_sigma_fr_phi_fr":0.1,"data_set_value_component_model_parameters_variable_Ir_sigma_r_phi_r":0.0,"data_set_value_component_model_parameters_variable_kia":0.1,"data_set_value_component_model_parameters_variable_kai":0.8,"data_set_value_component_model_parameters_variable_kx":0.2,"data_set_value_component_model_parameters_variable_ky":1.0,"data_set_value_component_model_parameters_variable_glucose":1.0}]