[{"data_generator_INA":0.0,"data_generator_T":0.0},{"data_generator_INA":-0.0000000042,"data_generator_T":0.02},{"data_generator_INA":-0.0000000468,"data_generator_T":0.039999999},{"data_generator_INA":-0.0000001487,"data_generator_T":0.059999999},{"data_generator_INA":-0.0000003074,"data_generator_T":0.079999998},{"data_generator_INA":-0.0000005107,"data_generator_T":0.1},{"data_generator_INA":-0.0000007434,"data_generator_T":0.12},{"data_generator_INA":-0.0000009912,"data_generator_T":0.14},{"data_generator_INA":-0.0000012422,"data_generator_T":0.16},{"data_generator_INA":-0.0000014871,"data_generator_T":0.18000001},{"data_generator_INA":-0.0000017195,"data_generator_T":0.2},{"data_generator_INA":-0.0000019353,"data_generator_T":0.22},{"data_generator_INA":-0.000002132,"data_generator_T":0.23999999},{"data_generator_INA":-0.0000023089,"data_generator_T":0.25999999},{"data_generator_INA":-0.0000024661,"data_generator_T":0.28},{"data_generator_INA":-0.0000026043,"data_generator_T":0.30000001},{"data_generator_INA":-0.0000027248,"data_generator_T":0.31999999},{"data_generator_INA":-0.0000028291,"data_generator_T":0.34},{"data_generator_INA":-0.0000029189,"data_generator_T":0.36000001},{"data_generator_INA":-0.0000029957,"data_generator_T":0.38},{"data_generator_INA":-0.0000030611,"data_generator_T":0.40000001},{"data_generator_INA":-0.0000031165,"data_generator_T":0.41999999},{"data_generator_INA":-0.0000031633,"data_generator_T":0.44},{"data_generator_INA":-0.0000032027,"data_generator_T":0.46000001},{"data_generator_INA":-0.0000032358,"data_generator_T":0.47999999},{"data_generator_INA":-0.0000032634,"data_generator_T":0.5},{"data_generator_INA":-0.0000032865,"data_generator_T":0.51999998},{"data_generator_INA":-0.0000033056,"data_generator_T":0.54000002},{"data_generator_INA":-0.0000033216,"data_generator_T":0.56},{"data_generator_INA":-0.0000033347,"data_generator_T":0.57999998},{"data_generator_INA":-0.0000033456,"data_generator_T":0.60000002},{"data_generator_INA":-0.0000033545,"data_generator_T":0.62},{"data_generator_INA":-0.0000033619,"data_generator_T":0.63999999},{"data_generator_INA":-0.0000033679,"data_generator_T":0.66000003},{"data_generator_INA":-0.0000033728,"data_generator_T":0.68000001},{"data_generator_INA":-0.0000033767,"data_generator_T":0.69999999},{"data_generator_INA":-0.0000033799,"data_generator_T":0.72000003},{"data_generator_INA":-0.0000033825,"data_generator_T":0.74000001},{"data_generator_INA":-0.0000033845,"data_generator_T":0.75999999},{"data_generator_INA":-0.0000033861,"data_generator_T":0.77999997},{"data_generator_INA":-0.0000033873,"data_generator_T":0.80000001},{"data_generator_INA":-0.0000033882,"data_generator_T":0.81999999},{"data_generator_INA":-0.0000033889,"data_generator_T":0.83999997},{"data_generator_INA":-0.0000033894,"data_generator_T":0.86000001},{"data_generator_INA":-0.0000033897,"data_generator_T":0.88},{"data_generator_INA":-0.0000033899,"data_generator_T":0.89999998},{"data_generator_INA":-0.00000339,"data_generator_T":0.92000002},{"data_generator_INA":-0.0000033899,"data_generator_T":0.94},{"data_generator_INA":-0.0000033898,"data_generator_T":0.95999998},{"data_generator_INA":-0.0000033897,"data_generator_T":0.98000002},{"data_generator_INA":-0.0000033894,"data_generator_T":1.0},{"data_generator_INA":-0.0000033892,"data_generator_T":1.02},{"data_generator_INA":-0.0000033889,"data_generator_T":1.04},{"data_generator_INA":-0.0000033886,"data_generator_T":1.0599999},{"data_generator_INA":-0.0000033882,"data_generator_T":1.08},{"data_generator_INA":-0.0000033878,"data_generator_T":1.1},{"data_generator_INA":-0.0000033875,"data_generator_T":1.12},{"data_generator_INA":-0.0000033871,"data_generator_T":1.14},{"data_generator_INA":-0.0000033867,"data_generator_T":1.16},{"data_generator_INA":-0.0000033862,"data_generator_T":1.1799999},{"data_generator_INA":-0.0000033858,"data_generator_T":1.2},{"data_generator_INA":-0.0000033854,"data_generator_T":1.22},{"data_generator_INA":-0.000003385,"data_generator_T":1.24},{"data_generator_INA":-0.0000033845,"data_generator_T":1.26},{"data_generator_INA":-0.0000033841,"data_generator_T":1.28},{"data_generator_INA":-0.0000033836,"data_generator_T":1.3},{"data_generator_INA":-0.0000033832,"data_generator_T":1.3200001},{"data_generator_INA":-0.0000033827,"data_generator_T":1.34},{"data_generator_INA":-0.0000033823,"data_generator_T":1.36},{"data_generator_INA":-0.0000033818,"data_generator_T":1.38},{"data_generator_INA":-0.0000033814,"data_generator_T":1.4},{"data_generator_INA":-0.0000033809,"data_generator_T":1.42},{"data_generator_INA":-0.0000033805,"data_generator_T":1.4400001},{"data_generator_INA":-0.00000338,"data_generator_T":1.46},{"data_generator_INA":-0.0000033796,"data_generator_T":1.48},{"data_generator_INA":-0.0000033791,"data_generator_T":1.5},{"data_generator_INA":-0.0000033787,"data_generator_T":1.52},{"data_generator_INA":-0.0000033782,"data_generator_T":1.54},{"data_generator_INA":-0.0000033777,"data_generator_T":1.5599999},{"data_generator_INA":-0.0000033773,"data_generator_T":1.58},{"data_generator_INA":-0.0000033768,"data_generator_T":1.6},{"data_generator_INA":-0.0000033764,"data_generator_T":1.62},{"data_generator_INA":-0.0000033759,"data_generator_T":1.64},{"data_generator_INA":-0.0000033755,"data_generator_T":1.66},{"data_generator_INA":-0.000003375,"data_generator_T":1.6799999},{"data_generator_INA":-0.0000033746,"data_generator_T":1.7},{"data_generator_INA":-0.0000033741,"data_generator_T":1.72},{"data_generator_INA":-0.0000033737,"data_generator_T":1.74},{"data_generator_INA":-0.0000033732,"data_generator_T":1.76},{"data_generator_INA":-0.0000033727,"data_generator_T":1.78},{"data_generator_INA":-0.0000033723,"data_generator_T":1.8},{"data_generator_INA":-0.0000033718,"data_generator_T":1.8200001},{"data_generator_INA":-0.0000033714,"data_generator_T":1.84},{"data_generator_INA":-0.0000033709,"data_generator_T":1.86},{"data_generator_INA":-0.0000033705,"data_generator_T":1.88},{"data_generator_INA":-0.00000337,"data_generator_T":1.9},{"data_generator_INA":-0.0000033696,"data_generator_T":1.92},{"data_generator_INA":-0.0000033691,"data_generator_T":1.9400001},{"data_generator_INA":-0.0000033687,"data_generator_T":1.96},{"data_generator_INA":-0.0000033682,"data_generator_T":1.98},{"data_generator_INA":-0.0000033677,"data_generator_T":2.0},{"data_generator_INA":-0.0000033673,"data_generator_T":2.02},{"data_generator_INA":-0.0000033668,"data_generator_T":2.04},{"data_generator_INA":-0.0000033664,"data_generator_T":2.0599999},{"data_generator_INA":-0.0000033659,"data_generator_T":2.0799999},{"data_generator_INA":-0.0000033655,"data_generator_T":2.0999999},{"data_generator_INA":-0.000003365,"data_generator_T":2.1199999},{"data_generator_INA":-0.0000033646,"data_generator_T":2.1400001},{"data_generator_INA":-0.0000033641,"data_generator_T":2.1600001},{"data_generator_INA":-0.0000033637,"data_generator_T":2.1800001},{"data_generator_INA":-0.0000033632,"data_generator_T":2.2},{"data_generator_INA":-0.0000033628,"data_generator_T":2.22},{"data_generator_INA":-0.0000033623,"data_generator_T":2.24},{"data_generator_INA":-0.0000033618,"data_generator_T":2.26},{"data_generator_INA":-0.0000033614,"data_generator_T":2.28},{"data_generator_INA":-0.0000033609,"data_generator_T":2.3},{"data_generator_INA":-0.0000033605,"data_generator_T":2.3199999},{"data_generator_INA":-0.00000336,"data_generator_T":2.3399999},{"data_generator_INA":-0.0000033596,"data_generator_T":2.3599999},{"data_generator_INA":-0.0000033591,"data_generator_T":2.3800001},{"data_generator_INA":-0.0000033587,"data_generator_T":2.4000001},{"data_generator_INA":-0.0000033582,"data_generator_T":2.4200001},{"data_generator_INA":-0.0000033578,"data_generator_T":2.4400001},{"data_generator_INA":-0.0000033573,"data_generator_T":2.46},{"data_generator_INA":-0.0000033569,"data_generator_T":2.48},{"data_generator_INA":-0.0000033564,"data_generator_T":2.5},{"data_generator_INA":-0.000003356,"data_generator_T":2.52},{"data_generator_INA":-0.0000033555,"data_generator_T":2.54},{"data_generator_INA":-0.0000033551,"data_generator_T":2.5599999},{"data_generator_INA":-0.0000033546,"data_generator_T":2.5799999},{"data_generator_INA":-0.0000033542,"data_generator_T":2.5999999},{"data_generator_INA":-0.0000033537,"data_generator_T":2.6199999},{"data_generator_INA":-0.0000033532,"data_generator_T":2.6400001},{"data_generator_INA":-0.0000033528,"data_generator_T":2.6600001},{"data_generator_INA":-0.0000033523,"data_generator_T":2.6800001},{"data_generator_INA":-0.0000033519,"data_generator_T":2.7},{"data_generator_INA":-0.0000033514,"data_generator_T":2.72},{"data_generator_INA":-0.000003351,"data_generator_T":2.74},{"data_generator_INA":-0.0000033505,"data_generator_T":2.76},{"data_generator_INA":-0.0000033501,"data_generator_T":2.78},{"data_generator_INA":-0.0000033496,"data_generator_T":2.8},{"data_generator_INA":-0.0000033492,"data_generator_T":2.8199999},{"data_generator_INA":-0.0000033487,"data_generator_T":2.8399999},{"data_generator_INA":-0.0000033483,"data_generator_T":2.8599999},{"data_generator_INA":-0.0000033478,"data_generator_T":2.8800001},{"data_generator_INA":-0.0000033474,"data_generator_T":2.9000001},{"data_generator_INA":-0.0000033469,"data_generator_T":2.9200001},{"data_generator_INA":-0.0000033465,"data_generator_T":2.9400001},{"data_generator_INA":-0.000003346,"data_generator_T":2.96},{"data_generator_INA":-0.0000033456,"data_generator_T":2.98},{"data_generator_INA":-0.0000033451,"data_generator_T":3.0},{"data_generator_INA":-0.0000033447,"data_generator_T":3.02},{"data_generator_INA":-0.0000033442,"data_generator_T":3.04},{"data_generator_INA":-0.0000033438,"data_generator_T":3.0599999},{"data_generator_INA":-0.0000033433,"data_generator_T":3.0799999},{"data_generator_INA":-0.0000033429,"data_generator_T":3.0999999},{"data_generator_INA":-0.0000033424,"data_generator_T":3.1199999},{"data_generator_INA":-0.000003342,"data_generator_T":3.1400001},{"data_generator_INA":-0.0000033415,"data_generator_T":3.1600001},{"data_generator_INA":-0.0000033411,"data_generator_T":3.1800001},{"data_generator_INA":-0.0000033406,"data_generator_T":3.2},{"data_generator_INA":-0.0000033402,"data_generator_T":3.22},{"data_generator_INA":-0.0000033397,"data_generator_T":3.24},{"data_generator_INA":-0.0000033393,"data_generator_T":3.26},{"data_generator_INA":-0.0000033388,"data_generator_T":3.28},{"data_generator_INA":-0.0000033384,"data_generator_T":3.3},{"data_generator_INA":-0.0000033379,"data_generator_T":3.3199999},{"data_generator_INA":-0.0000033375,"data_generator_T":3.3399999},{"data_generator_INA":-0.000003337,"data_generator_T":3.3599999},{"data_generator_INA":-0.0000033366,"data_generator_T":3.3800001},{"data_generator_INA":-0.0000033361,"data_generator_T":3.4000001},{"data_generator_INA":-0.0000033357,"data_generator_T":3.4200001},{"data_generator_INA":-0.0000033352,"data_generator_T":3.4400001},{"data_generator_INA":-0.0000033348,"data_generator_T":3.46},{"data_generator_INA":-0.0000033343,"data_generator_T":3.48},{"data_generator_INA":-0.0000033339,"data_generator_T":3.5},{"data_generator_INA":-0.0000033334,"data_generator_T":3.52},{"data_generator_INA":-0.000003333,"data_generator_T":3.54},{"data_generator_INA":-0.0000033325,"data_generator_T":3.5599999},{"data_generator_INA":-0.0000033321,"data_generator_T":3.5799999},{"data_generator_INA":-0.0000033316,"data_generator_T":3.5999999},{"data_generator_INA":-0.0000033312,"data_generator_T":3.6199999},{"data_generator_INA":-0.0000033307,"data_generator_T":3.6400001},{"data_generator_INA":-0.0000033303,"data_generator_T":3.6600001},{"data_generator_INA":-0.0000033299,"data_generator_T":3.6800001},{"data_generator_INA":-0.0000033294,"data_generator_T":3.7},{"data_generator_INA":-0.000003329,"data_generator_T":3.72},{"data_generator_INA":-0.0000033285,"data_generator_T":3.74},{"data_generator_INA":-0.0000033281,"data_generator_T":3.76},{"data_generator_INA":-0.0000033276,"data_generator_T":3.78},{"data_generator_INA":-0.0000033272,"data_generator_T":3.8},{"data_generator_INA":-0.0000033267,"data_generator_T":3.8199999},{"data_generator_INA":-0.0000033263,"data_generator_T":3.8399999},{"data_generator_INA":-0.0000033258,"data_generator_T":3.8599999},{"data_generator_INA":-0.0000033254,"data_generator_T":3.8800001},{"data_generator_INA":-0.0000033249,"data_generator_T":3.9000001},{"data_generator_INA":-0.0000033245,"data_generator_T":3.9200001},{"data_generator_INA":-0.000003324,"data_generator_T":3.9400001},{"data_generator_INA":-0.0000033236,"data_generator_T":3.96},{"data_generator_INA":-0.0000033231,"data_generator_T":3.98},{"data_generator_INA":-0.0000033227,"data_generator_T":4.0},{"data_generator_INA":-0.0000033222,"data_generator_T":4.02},{"data_generator_INA":-0.0000033218,"data_generator_T":4.04},{"data_generator_INA":-0.0000033214,"data_generator_T":4.0599999},{"data_generator_INA":-0.0000033209,"data_generator_T":4.0799999},{"data_generator_INA":-0.0000033205,"data_generator_T":4.0999999},{"data_generator_INA":-0.00000332,"data_generator_T":4.1199999},{"data_generator_INA":-0.0000033196,"data_generator_T":4.1399999},{"data_generator_INA":-0.0000033191,"data_generator_T":4.1599998},{"data_generator_INA":-0.0000033187,"data_generator_T":4.1799998},{"data_generator_INA":-0.0000033182,"data_generator_T":4.1999998},{"data_generator_INA":-0.0000033178,"data_generator_T":4.2199998},{"data_generator_INA":-0.0000033173,"data_generator_T":4.2399998},{"data_generator_INA":-0.0000033169,"data_generator_T":4.2600002},{"data_generator_INA":-0.0000033164,"data_generator_T":4.2800002},{"data_generator_INA":-0.000003316,"data_generator_T":4.3000002},{"data_generator_INA":-0.0000033156,"data_generator_T":4.3200002},{"data_generator_INA":-0.0000033151,"data_generator_T":4.3400002},{"data_generator_INA":-0.0000033147,"data_generator_T":4.3600001},{"data_generator_INA":-0.0000033142,"data_generator_T":4.3800001},{"data_generator_INA":-0.0000033138,"data_generator_T":4.4000001},{"data_generator_INA":-0.0000033133,"data_generator_T":4.4200001},{"data_generator_INA":-0.0000033129,"data_generator_T":4.4400001},{"data_generator_INA":-0.0000033124,"data_generator_T":4.46},{"data_generator_INA":-0.000003312,"data_generator_T":4.48},{"data_generator_INA":-0.0000033115,"data_generator_T":4.5},{"data_generator_INA":-0.0000033111,"data_generator_T":4.52},{"data_generator_INA":-0.0000033107,"data_generator_T":4.54},{"data_generator_INA":-0.0000033102,"data_generator_T":4.5599999},{"data_generator_INA":-0.0000033098,"data_generator_T":4.5799999},{"data_generator_INA":-0.0000033093,"data_generator_T":4.5999999},{"data_generator_INA":-0.0000033089,"data_generator_T":4.6199999},{"data_generator_INA":-0.0000033084,"data_generator_T":4.6399999},{"data_generator_INA":-0.000003308,"data_generator_T":4.6599998},{"data_generator_INA":-0.0000033075,"data_generator_T":4.6799998},{"data_generator_INA":-0.0000033071,"data_generator_T":4.6999998},{"data_generator_INA":-0.0000033067,"data_generator_T":4.7199998},{"data_generator_INA":-0.0000033062,"data_generator_T":4.7399998},{"data_generator_INA":-0.0000033058,"data_generator_T":4.7600002},{"data_generator_INA":-0.0000033053,"data_generator_T":4.7800002},{"data_generator_INA":-0.0000033049,"data_generator_T":4.8000002},{"data_generator_INA":-0.0000033044,"data_generator_T":4.8200002},{"data_generator_INA":-0.000003304,"data_generator_T":4.8400002},{"data_generator_INA":-0.0000033035,"data_generator_T":4.8600001},{"data_generator_INA":-0.0000033031,"data_generator_T":4.8800001},{"data_generator_INA":-0.0000033027,"data_generator_T":4.9000001},{"data_generator_INA":-0.0000033022,"data_generator_T":4.9200001},{"data_generator_INA":-0.0000033018,"data_generator_T":4.9400001},{"data_generator_INA":-0.0000033013,"data_generator_T":4.96},{"data_generator_INA":-0.0000033009,"data_generator_T":4.98},{"data_generator_INA":-0.0000033004,"data_generator_T":5.0},{"data_generator_INA":-0.0011567872,"data_generator_T":5.02},{"data_generator_INA":-0.01525456,"data_generator_T":5.04},{"data_generator_INA":-0.043256167,"data_generator_T":5.0599999},{"data_generator_INA":-0.07500165,"data_generator_T":5.0799999},{"data_generator_INA":-0.10184992,"data_generator_T":5.0999999},{"data_generator_INA":-0.11947993,"data_generator_T":5.1199999},{"data_generator_INA":-0.12715369,"data_generator_T":5.1399999},{"data_generator_INA":-0.12624502,"data_generator_T":5.1599998},{"data_generator_INA":-0.11900154,"data_generator_T":5.1799998},{"data_generator_INA":-0.10774991,"data_generator_T":5.1999998},{"data_generator_INA":-0.09448465,"data_generator_T":5.2199998},{"data_generator_INA":-0.080718346,"data_generator_T":5.2399998},{"data_generator_INA":-0.067482449,"data_generator_T":5.2600002},{"data_generator_INA":-0.055400118,"data_generator_T":5.2800002},{"data_generator_INA":-0.044782251,"data_generator_T":5.3000002},{"data_generator_INA":-0.035720393,"data_generator_T":5.3200002},{"data_generator_INA":-0.028164735,"data_generator_T":5.3400002},{"data_generator_INA":-0.021983881,"data_generator_T":5.3600001},{"data_generator_INA":-0.017007425,"data_generator_T":5.3800001},{"data_generator_INA":-0.013054289,"data_generator_T":5.4000001},{"data_generator_INA":-0.0099501386,"data_generator_T":5.4200001},{"data_generator_INA":-0.0075369626,"data_generator_T":5.4400001},{"data_generator_INA":-0.0056773433,"data_generator_T":5.46},{"data_generator_INA":-0.0042553479,"data_generator_T":5.48},{"data_generator_INA":-0.0031754344,"data_generator_T":5.5},{"data_generator_INA":-0.0023603244,"data_generator_T":5.52},{"data_generator_INA":-0.0017484626,"data_generator_T":5.54},{"data_generator_INA":-0.0012914405,"data_generator_T":5.5599999},{"data_generator_INA":-0.0009516017,"data_generator_T":5.5799999},{"data_generator_INA":-0.0006999261,"data_generator_T":5.5999999},{"data_generator_INA":-0.0005142309,"data_generator_T":5.6199999},{"data_generator_INA":-0.0003776801,"data_generator_T":5.6399999},{"data_generator_INA":-0.0002775766,"data_generator_T":5.6599998},{"data_generator_INA":-0.0002043981,"data_generator_T":5.6799998},{"data_generator_INA":-0.0001510398,"data_generator_T":5.6999998},{"data_generator_INA":-0.0001122239,"data_generator_T":5.7199998},{"data_generator_INA":-0.0000840465,"data_generator_T":5.7399998},{"data_generator_INA":-0.0000636303,"data_generator_T":5.7600002},{"data_generator_INA":-0.0000488619,"data_generator_T":5.7800002},{"data_generator_INA":-0.000038194,"data_generator_T":5.8000002},{"data_generator_INA":-0.0000304965,"data_generator_T":5.8200002},{"data_generator_INA":-0.0000249469,"data_generator_T":5.8400002},{"data_generator_INA":-0.0000209472,"data_generator_T":5.8600001},{"data_generator_INA":-0.0000180642,"data_generator_T":5.8800001},{"data_generator_INA":-0.0000159845,"data_generator_T":5.9000001},{"data_generator_INA":-0.0000144818,"data_generator_T":5.9200001},{"data_generator_INA":-0.0000133929,"data_generator_T":5.9400001},{"data_generator_INA":-0.0000126005,"data_generator_T":5.96},{"data_generator_INA":-0.0000120202,"data_generator_T":5.98},{"data_generator_INA":-0.0000115917,"data_generator_T":6.0},{"data_generator_INA":-0.0000112715,"data_generator_T":6.02},{"data_generator_INA":-0.0000110286,"data_generator_T":6.04},{"data_generator_INA":-0.0000108408,"data_generator_T":6.0599999},{"data_generator_INA":-0.0000106925,"data_generator_T":6.0799999},{"data_generator_INA":-0.0000105721,"data_generator_T":6.0999999},{"data_generator_INA":-0.0000104718,"data_generator_T":6.1199999},{"data_generator_INA":-0.0000103857,"data_generator_T":6.1399999},{"data_generator_INA":-0.0000103099,"data_generator_T":6.1599998},{"data_generator_INA":-0.0000102414,"data_generator_T":6.1799998},{"data_generator_INA":-0.0000101781,"data_generator_T":6.1999998},{"data_generator_INA":-0.0000101186,"data_generator_T":6.2199998},{"data_generator_INA":-0.0000100619,"data_generator_T":6.2399998},{"data_generator_INA":-0.0000100072,"data_generator_T":6.2600002},{"data_generator_INA":-0.0000099541,"data_generator_T":6.2800002},{"data_generator_INA":-0.000009902,"data_generator_T":6.3000002},{"data_generator_INA":-0.0000098508,"data_generator_T":6.3200002},{"data_generator_INA":-0.0000098004,"data_generator_T":6.3400002},{"data_generator_INA":-0.0000097505,"data_generator_T":6.3600001},{"data_generator_INA":-0.000009701,"data_generator_T":6.3800001},{"data_generator_INA":-0.000009652,"data_generator_T":6.4000001},{"data_generator_INA":-0.0000096033,"data_generator_T":6.4200001},{"data_generator_INA":-0.0000095549,"data_generator_T":6.4400001},{"data_generator_INA":-0.0000095068,"data_generator_T":6.46},{"data_generator_INA":-0.000009459,"data_generator_T":6.48},{"data_generator_INA":-0.0000094115,"data_generator_T":6.5},{"data_generator_INA":-0.0000093642,"data_generator_T":6.52},{"data_generator_INA":-0.0000093172,"data_generator_T":6.54},{"data_generator_INA":-0.0000092704,"data_generator_T":6.5599999},{"data_generator_INA":-0.0000092239,"data_generator_T":6.5799999},{"data_generator_INA":-0.0000091776,"data_generator_T":6.5999999},{"data_generator_INA":-0.0000091315,"data_generator_T":6.6199999},{"data_generator_INA":-0.0000090857,"data_generator_T":6.6399999},{"data_generator_INA":-0.0000090401,"data_generator_T":6.6599998},{"data_generator_INA":-0.0000089947,"data_generator_T":6.6799998},{"data_generator_INA":-0.0000089496,"data_generator_T":6.6999998},{"data_generator_INA":-0.0000089047,"data_generator_T":6.7199998},{"data_generator_INA":-0.00000886,"data_generator_T":6.7399998},{"data_generator_INA":-0.0000088155,"data_generator_T":6.7600002},{"data_generator_INA":-0.0000087713,"data_generator_T":6.7800002},{"data_generator_INA":-0.0000087272,"data_generator_T":6.8000002},{"data_generator_INA":-0.0000086834,"data_generator_T":6.8200002},{"data_generator_INA":-0.0000086399,"data_generator_T":6.8400002},{"data_generator_INA":-0.0000085965,"data_generator_T":6.8600001},{"data_generator_INA":-0.0000085534,"data_generator_T":6.8800001},{"data_generator_INA":-0.0000085105,"data_generator_T":6.9000001},{"data_generator_INA":-0.0000084677,"data_generator_T":6.9200001},{"data_generator_INA":-0.0000084252,"data_generator_T":6.9400001},{"data_generator_INA":-0.000008383,"data_generator_T":6.96},{"data_generator_INA":-0.0000083409,"data_generator_T":6.98},{"data_generator_INA":-0.000008299,"data_generator_T":7.0},{"data_generator_INA":-0.0000082574,"data_generator_T":7.02},{"data_generator_INA":-0.000008216,"data_generator_T":7.04},{"data_generator_INA":-0.0000081747,"data_generator_T":7.0599999},{"data_generator_INA":-0.0000081337,"data_generator_T":7.0799999},{"data_generator_INA":-0.0000080929,"data_generator_T":7.0999999},{"data_generator_INA":-0.0000080523,"data_generator_T":7.1199999},{"data_generator_INA":-0.0000080119,"data_generator_T":7.1399999},{"data_generator_INA":-0.0000079717,"data_generator_T":7.1599998},{"data_generator_INA":-0.0000079317,"data_generator_T":7.1799998},{"data_generator_INA":-0.0000078918,"data_generator_T":7.1999998},{"data_generator_INA":-0.0000078522,"data_generator_T":7.2199998},{"data_generator_INA":-0.0000078128,"data_generator_T":7.2399998},{"data_generator_INA":-0.0000077736,"data_generator_T":7.2600002},{"data_generator_INA":-0.0000077346,"data_generator_T":7.2800002},{"data_generator_INA":-0.0000076958,"data_generator_T":7.3000002},{"data_generator_INA":-0.0000076572,"data_generator_T":7.3200002},{"data_generator_INA":-0.0000076188,"data_generator_T":7.3400002},{"data_generator_INA":-0.0000075805,"data_generator_T":7.3600001},{"data_generator_INA":-0.0000075425,"data_generator_T":7.3800001},{"data_generator_INA":-0.0000075046,"data_generator_T":7.4000001},{"data_generator_INA":-0.000007467,"data_generator_T":7.4200001},{"data_generator_INA":-0.0000074295,"data_generator_T":7.4400001},{"data_generator_INA":-0.0000073922,"data_generator_T":7.46},{"data_generator_INA":-0.0000073551,"data_generator_T":7.48},{"data_generator_INA":-0.0000073182,"data_generator_T":7.5},{"data_generator_INA":-0.0000072815,"data_generator_T":7.52},{"data_generator_INA":-0.0000072449,"data_generator_T":7.54},{"data_generator_INA":-0.0000072086,"data_generator_T":7.5599999},{"data_generator_INA":-0.0000071724,"data_generator_T":7.5799999},{"data_generator_INA":-0.0000071364,"data_generator_T":7.5999999},{"data_generator_INA":-0.0000071006,"data_generator_T":7.6199999},{"data_generator_INA":-0.000007065,"data_generator_T":7.6399999},{"data_generator_INA":-0.0000070295,"data_generator_T":7.6599998},{"data_generator_INA":-0.0000069942,"data_generator_T":7.6799998},{"data_generator_INA":-0.0000069591,"data_generator_T":7.6999998},{"data_generator_INA":-0.0000069242,"data_generator_T":7.7199998},{"data_generator_INA":-0.0000068895,"data_generator_T":7.7399998},{"data_generator_INA":-0.0000068549,"data_generator_T":7.7600002},{"data_generator_INA":-0.0000068205,"data_generator_T":7.7800002},{"data_generator_INA":-0.0000067863,"data_generator_T":7.8000002},{"data_generator_INA":-0.0000067522,"data_generator_T":7.8200002},{"data_generator_INA":-0.0000067183,"data_generator_T":7.8400002},{"data_generator_INA":-0.0000066846,"data_generator_T":7.8600001},{"data_generator_INA":-0.0000066511,"data_generator_T":7.8800001},{"data_generator_INA":-0.0000066177,"data_generator_T":7.9000001},{"data_generator_INA":-0.0000065845,"data_generator_T":7.9200001},{"data_generator_INA":-0.0000065514,"data_generator_T":7.9400001},{"data_generator_INA":-0.0000065186,"data_generator_T":7.96},{"data_generator_INA":-0.0000064858,"data_generator_T":7.98},{"data_generator_INA":-0.0000064533,"data_generator_T":8.0},{"data_generator_INA":-0.0000064209,"data_generator_T":8.0200005},{"data_generator_INA":-0.0000063887,"data_generator_T":8.04},{"data_generator_INA":-0.0000063566,"data_generator_T":8.0600004},{"data_generator_INA":-0.0000063247,"data_generator_T":8.0799999},{"data_generator_INA":-0.000006293,"data_generator_T":8.1000004},{"data_generator_INA":-0.0000062614,"data_generator_T":8.1199999},{"data_generator_INA":-0.00000623,"data_generator_T":8.1400003},{"data_generator_INA":-0.0000061987,"data_generator_T":8.1599998},{"data_generator_INA":-0.0000061676,"data_generator_T":8.1800003},{"data_generator_INA":-0.0000061367,"data_generator_T":8.1999998},{"data_generator_INA":-0.0000061059,"data_generator_T":8.2200003},{"data_generator_INA":-0.0000060752,"data_generator_T":8.2399998},{"data_generator_INA":-0.0000060447,"data_generator_T":8.2600002},{"data_generator_INA":-0.0000060144,"data_generator_T":8.2799997},{"data_generator_INA":-0.0000059842,"data_generator_T":8.3000002},{"data_generator_INA":-0.0000059542,"data_generator_T":8.3199997},{"data_generator_INA":-0.0000059243,"data_generator_T":8.3400002},{"data_generator_INA":-0.0000058946,"data_generator_T":8.3599997},{"data_generator_INA":-0.000005865,"data_generator_T":8.3800001},{"data_generator_INA":-0.0000058356,"data_generator_T":8.3999996},{"data_generator_INA":-0.0000058063,"data_generator_T":8.4200001},{"data_generator_INA":-0.0000057771,"data_generator_T":8.4399996},{"data_generator_INA":-0.0000057482,"data_generator_T":8.46},{"data_generator_INA":-0.0000057193,"data_generator_T":8.4799995},{"data_generator_INA":-0.0000056906,"data_generator_T":8.5},{"data_generator_INA":-0.000005662,"data_generator_T":8.5200005},{"data_generator_INA":-0.0000056336,"data_generator_T":8.54},{"data_generator_INA":-0.0000056054,"data_generator_T":8.5600004},{"data_generator_INA":-0.0000055772,"data_generator_T":8.5799999},{"data_generator_INA":-0.0000055492,"data_generator_T":8.6000004},{"data_generator_INA":-0.0000055214,"data_generator_T":8.6199999},{"data_generator_INA":-0.0000054937,"data_generator_T":8.6400003},{"data_generator_INA":-0.0000054661,"data_generator_T":8.6599998},{"data_generator_INA":-0.0000054387,"data_generator_T":8.6800003},{"data_generator_INA":-0.0000054114,"data_generator_T":8.6999998},{"data_generator_INA":-0.0000053842,"data_generator_T":8.7200003},{"data_generator_INA":-0.0000053572,"data_generator_T":8.7399998},{"data_generator_INA":-0.0000053303,"data_generator_T":8.7600002},{"data_generator_INA":-0.0000053036,"data_generator_T":8.7799997},{"data_generator_INA":-0.000005277,"data_generator_T":8.8000002},{"data_generator_INA":-0.0000052505,"data_generator_T":8.8199997},{"data_generator_INA":-0.0000052241,"data_generator_T":8.8400002},{"data_generator_INA":-0.0000051979,"data_generator_T":8.8599997},{"data_generator_INA":-0.0000051718,"data_generator_T":8.8800001},{"data_generator_INA":-0.0000051459,"data_generator_T":8.8999996},{"data_generator_INA":-0.0000051201,"data_generator_T":8.9200001},{"data_generator_INA":-0.0000050944,"data_generator_T":8.9399996},{"data_generator_INA":-0.0000050688,"data_generator_T":8.96},{"data_generator_INA":-0.0000050434,"data_generator_T":8.9799995},{"data_generator_INA":-0.0000050181,"data_generator_T":9.0},{"data_generator_INA":-0.0000049929,"data_generator_T":9.0200005},{"data_generator_INA":-0.0000049678,"data_generator_T":9.04},{"data_generator_INA":-0.0000049429,"data_generator_T":9.0600004},{"data_generator_INA":-0.0000049181,"data_generator_T":9.0799999},{"data_generator_INA":-0.0000048934,"data_generator_T":9.1000004},{"data_generator_INA":-0.0000048688,"data_generator_T":9.1199999},{"data_generator_INA":-0.0000048444,"data_generator_T":9.1400003},{"data_generator_INA":-0.0000048201,"data_generator_T":9.1599998},{"data_generator_INA":-0.0000047959,"data_generator_T":9.1800003},{"data_generator_INA":-0.0000047718,"data_generator_T":9.1999998},{"data_generator_INA":-0.0000047479,"data_generator_T":9.2200003},{"data_generator_INA":-0.0000047241,"data_generator_T":9.2399998},{"data_generator_INA":-0.0000047004,"data_generator_T":9.2600002},{"data_generator_INA":-0.0000046768,"data_generator_T":9.2799997},{"data_generator_INA":-0.0000046533,"data_generator_T":9.3000002},{"data_generator_INA":-0.00000463,"data_generator_T":9.3199997},{"data_generator_INA":-0.0000046067,"data_generator_T":9.3400002},{"data_generator_INA":-0.0000045836,"data_generator_T":9.3599997},{"data_generator_INA":-0.0000045606,"data_generator_T":9.3800001},{"data_generator_INA":-0.0000045377,"data_generator_T":9.3999996},{"data_generator_INA":-0.0000045149,"data_generator_T":9.4200001},{"data_generator_INA":-0.0000044923,"data_generator_T":9.4399996},{"data_generator_INA":-0.0000044697,"data_generator_T":9.46},{"data_generator_INA":-0.0000044473,"data_generator_T":9.4799995},{"data_generator_INA":-0.000004425,"data_generator_T":9.5},{"data_generator_INA":-0.0000044028,"data_generator_T":9.5200005},{"data_generator_INA":-0.0000043807,"data_generator_T":9.54},{"data_generator_INA":-0.0000043587,"data_generator_T":9.5600004},{"data_generator_INA":-0.0000043368,"data_generator_T":9.5799999},{"data_generator_INA":-0.0000043151,"data_generator_T":9.6000004},{"data_generator_INA":-0.0000042934,"data_generator_T":9.6199999},{"data_generator_INA":-0.0000042719,"data_generator_T":9.6400003},{"data_generator_INA":-0.0000042504,"data_generator_T":9.6599998},{"data_generator_INA":-0.0000042291,"data_generator_T":9.6800003},{"data_generator_INA":-0.0000042079,"data_generator_T":9.6999998},{"data_generator_INA":-0.0000041868,"data_generator_T":9.7200003},{"data_generator_INA":-0.0000041657,"data_generator_T":9.7399998},{"data_generator_INA":-0.0000041448,"data_generator_T":9.7600002},{"data_generator_INA":-0.000004124,"data_generator_T":9.7799997},{"data_generator_INA":-0.0000041033,"data_generator_T":9.8000002},{"data_generator_INA":-0.0000040828,"data_generator_T":9.8199997},{"data_generator_INA":-0.0000040623,"data_generator_T":9.8400002},{"data_generator_INA":-0.0000040419,"data_generator_T":9.8599997},{"data_generator_INA":-0.0000040216,"data_generator_T":9.8800001},{"data_generator_INA":-0.0000040014,"data_generator_T":9.8999996},{"data_generator_INA":-0.0000039813,"data_generator_T":9.9200001},{"data_generator_INA":-0.0000039614,"data_generator_T":9.9399996},{"data_generator_INA":-0.0000039415,"data_generator_T":9.96},{"data_generator_INA":-0.0000039217,"data_generator_T":9.9799995},{"data_generator_INA":-0.000003902,"data_generator_T":10.0},{"data_generator_INA":-0.0000038824,"data_generator_T":10.02},{"data_generator_INA":-0.0000038629,"data_generator_T":10.04},{"data_generator_INA":-0.0000038436,"data_generator_T":10.06},{"data_generator_INA":-0.0000038243,"data_generator_T":10.08},{"data_generator_INA":-0.0000038051,"data_generator_T":10.1},{"data_generator_INA":-0.000003786,"data_generator_T":10.12},{"data_generator_INA":-0.000003767,"data_generator_T":10.14},{"data_generator_INA":-0.0000037481,"data_generator_T":10.16},{"data_generator_INA":-0.0000037293,"data_generator_T":10.18},{"data_generator_INA":-0.0000037106,"data_generator_T":10.2},{"data_generator_INA":-0.0000036919,"data_generator_T":10.22},{"data_generator_INA":-0.0000036734,"data_generator_T":10.24},{"data_generator_INA":-0.000003655,"data_generator_T":10.26},{"data_generator_INA":-0.0000036366,"data_generator_T":10.28},{"data_generator_INA":-0.0000036184,"data_generator_T":10.3},{"data_generator_INA":-0.0000036002,"data_generator_T":10.32},{"data_generator_INA":-0.0000035822,"data_generator_T":10.34},{"data_generator_INA":-0.0000035642,"data_generator_T":10.36},{"data_generator_INA":-0.0000035463,"data_generator_T":10.38},{"data_generator_INA":-0.0000035285,"data_generator_T":10.4},{"data_generator_INA":-0.0000035108,"data_generator_T":10.42},{"data_generator_INA":-0.0000034932,"data_generator_T":10.44},{"data_generator_INA":-0.0000034756,"data_generator_T":10.46},{"data_generator_INA":-0.0000034582,"data_generator_T":10.48},{"data_generator_INA":-0.0000034408,"data_generator_T":10.5},{"data_generator_INA":-0.0000034236,"data_generator_T":10.52},{"data_generator_INA":-0.0000034064,"data_generator_T":10.54},{"data_generator_INA":-0.0000033893,"data_generator_T":10.56},{"data_generator_INA":-0.0000033723,"data_generator_T":10.58},{"data_generator_INA":-0.0000033554,"data_generator_T":10.6},{"data_generator_INA":-0.0000033385,"data_generator_T":10.62},{"data_generator_INA":-0.0000033218,"data_generator_T":10.64},{"data_generator_INA":-0.0000033051,"data_generator_T":10.66},{"data_generator_INA":-0.0000032885,"data_generator_T":10.68},{"data_generator_INA":-0.000003272,"data_generator_T":10.7},{"data_generator_INA":-0.0000032556,"data_generator_T":10.72},{"data_generator_INA":-0.0000032393,"data_generator_T":10.74},{"data_generator_INA":-0.000003223,"data_generator_T":10.76},{"data_generator_INA":-0.0000032068,"data_generator_T":10.78},{"data_generator_INA":-0.0000031907,"data_generator_T":10.8},{"data_generator_INA":-0.0000031747,"data_generator_T":10.82},{"data_generator_INA":-0.0000031588,"data_generator_T":10.84},{"data_generator_INA":-0.0000031429,"data_generator_T":10.86},{"data_generator_INA":-0.0000031272,"data_generator_T":10.88},{"data_generator_INA":-0.0000031115,"data_generator_T":10.9},{"data_generator_INA":-0.0000030959,"data_generator_T":10.92},{"data_generator_INA":-0.0000030803,"data_generator_T":10.94},{"data_generator_INA":-0.0000030649,"data_generator_T":10.96},{"data_generator_INA":-0.0000030495,"data_generator_T":10.98},{"data_generator_INA":-0.0000030342,"data_generator_T":11.0},{"data_generator_INA":-0.000003019,"data_generator_T":11.02},{"data_generator_INA":-0.0000030038,"data_generator_T":11.04},{"data_generator_INA":-0.0000029887,"data_generator_T":11.06},{"data_generator_INA":-0.0000029737,"data_generator_T":11.08},{"data_generator_INA":-0.0000029588,"data_generator_T":11.1},{"data_generator_INA":-0.000002944,"data_generator_T":11.12},{"data_generator_INA":-0.0000029292,"data_generator_T":11.14},{"data_generator_INA":-0.0000029145,"data_generator_T":11.16},{"data_generator_INA":-0.0000028999,"data_generator_T":11.18},{"data_generator_INA":-0.0000028853,"data_generator_T":11.2},{"data_generator_INA":-0.0000028708,"data_generator_T":11.22},{"data_generator_INA":-0.0000028564,"data_generator_T":11.24},{"data_generator_INA":-0.0000028421,"data_generator_T":11.26},{"data_generator_INA":-0.0000028278,"data_generator_T":11.28},{"data_generator_INA":-0.0000028136,"data_generator_T":11.3},{"data_generator_INA":-0.0000027995,"data_generator_T":11.32},{"data_generator_INA":-0.0000027855,"data_generator_T":11.34},{"data_generator_INA":-0.0000027715,"data_generator_T":11.36},{"data_generator_INA":-0.0000027576,"data_generator_T":11.38},{"data_generator_INA":-0.0000027437,"data_generator_T":11.4},{"data_generator_INA":-0.00000273,"data_generator_T":11.42},{"data_generator_INA":-0.0000027163,"data_generator_T":11.44},{"data_generator_INA":-0.0000027026,"data_generator_T":11.46},{"data_generator_INA":-0.0000026891,"data_generator_T":11.48},{"data_generator_INA":-0.0000026756,"data_generator_T":11.5},{"data_generator_INA":-0.0000026622,"data_generator_T":11.52},{"data_generator_INA":-0.0000026488,"data_generator_T":11.54},{"data_generator_INA":-0.0000026355,"data_generator_T":11.56},{"data_generator_INA":-0.0000026223,"data_generator_T":11.58},{"data_generator_INA":-0.0000026091,"data_generator_T":11.6},{"data_generator_INA":-0.000002596,"data_generator_T":11.62},{"data_generator_INA":-0.000002583,"data_generator_T":11.64},{"data_generator_INA":-0.00000257,"data_generator_T":11.66},{"data_generator_INA":-0.0000025571,"data_generator_T":11.68},{"data_generator_INA":-0.0000025443,"data_generator_T":11.7},{"data_generator_INA":-0.0000025315,"data_generator_T":11.72},{"data_generator_INA":-0.0000025188,"data_generator_T":11.74},{"data_generator_INA":-0.0000025062,"data_generator_T":11.76},{"data_generator_INA":-0.0000024936,"data_generator_T":11.78},{"data_generator_INA":-0.0000024811,"data_generator_T":11.8},{"data_generator_INA":-0.0000024687,"data_generator_T":11.82},{"data_generator_INA":-0.0000024563,"data_generator_T":11.84},{"data_generator_INA":-0.0000024439,"data_generator_T":11.86},{"data_generator_INA":-0.0000024317,"data_generator_T":11.88},{"data_generator_INA":-0.0000024195,"data_generator_T":11.9},{"data_generator_INA":-0.0000024073,"data_generator_T":11.92},{"data_generator_INA":-0.0000023953,"data_generator_T":11.94},{"data_generator_INA":-0.0000023832,"data_generator_T":11.96},{"data_generator_INA":-0.0000023713,"data_generator_T":11.98},{"data_generator_INA":-0.0000023594,"data_generator_T":12.0},{"data_generator_INA":-0.0000023475,"data_generator_T":12.02},{"data_generator_INA":-0.0000023357,"data_generator_T":12.04},{"data_generator_INA":-0.000002324,"data_generator_T":12.06},{"data_generator_INA":-0.0000023124,"data_generator_T":12.08},{"data_generator_INA":-0.0000023008,"data_generator_T":12.1},{"data_generator_INA":-0.0000022892,"data_generator_T":12.12},{"data_generator_INA":-0.0000022777,"data_generator_T":12.14},{"data_generator_INA":-0.0000022663,"data_generator_T":12.16},{"data_generator_INA":-0.0000022549,"data_generator_T":12.18},{"data_generator_INA":-0.0000022436,"data_generator_T":12.2},{"data_generator_INA":-0.0000022323,"data_generator_T":12.22},{"data_generator_INA":-0.0000022211,"data_generator_T":12.24},{"data_generator_INA":-0.00000221,"data_generator_T":12.26},{"data_generator_INA":-0.0000021989,"data_generator_T":12.28},{"data_generator_INA":-0.0000021879,"data_generator_T":12.3},{"data_generator_INA":-0.0000021769,"data_generator_T":12.32},{"data_generator_INA":-0.000002166,"data_generator_T":12.34},{"data_generator_INA":-0.0000021551,"data_generator_T":12.36},{"data_generator_INA":-0.0000021443,"data_generator_T":12.38},{"data_generator_INA":-0.0000021335,"data_generator_T":12.4},{"data_generator_INA":-0.0000021228,"data_generator_T":12.42},{"data_generator_INA":-0.0000021122,"data_generator_T":12.44},{"data_generator_INA":-0.0000021016,"data_generator_T":12.46},{"data_generator_INA":-0.000002091,"data_generator_T":12.48},{"data_generator_INA":-0.0000020805,"data_generator_T":12.5},{"data_generator_INA":-0.0000020701,"data_generator_T":12.52},{"data_generator_INA":-0.0000020597,"data_generator_T":12.54},{"data_generator_INA":-0.0000020494,"data_generator_T":12.56},{"data_generator_INA":-0.0000020391,"data_generator_T":12.58},{"data_generator_INA":-0.0000020288,"data_generator_T":12.6},{"data_generator_INA":-0.0000020187,"data_generator_T":12.62},{"data_generator_INA":-0.0000020085,"data_generator_T":12.64},{"data_generator_INA":-0.0000019985,"data_generator_T":12.66},{"data_generator_INA":-0.0000019884,"data_generator_T":12.68},{"data_generator_INA":-0.0000019784,"data_generator_T":12.7},{"data_generator_INA":-0.0000019685,"data_generator_T":12.72},{"data_generator_INA":-0.0000019586,"data_generator_T":12.74},{"data_generator_INA":-0.0000019488,"data_generator_T":12.76},{"data_generator_INA":-0.000001939,"data_generator_T":12.78},{"data_generator_INA":-0.0000019293,"data_generator_T":12.8},{"data_generator_INA":-0.0000019196,"data_generator_T":12.82},{"data_generator_INA":-0.00000191,"data_generator_T":12.84},{"data_generator_INA":-0.0000019004,"data_generator_T":12.86},{"data_generator_INA":-0.0000018909,"data_generator_T":12.88},{"data_generator_INA":-0.0000018814,"data_generator_T":12.9},{"data_generator_INA":-0.0000018719,"data_generator_T":12.92},{"data_generator_INA":-0.0000018625,"data_generator_T":12.94},{"data_generator_INA":-0.0000018532,"data_generator_T":12.96},{"data_generator_INA":-0.0000018439,"data_generator_T":12.98},{"data_generator_INA":-0.0000018346,"data_generator_T":13.0},{"data_generator_INA":-0.0000018254,"data_generator_T":13.02},{"data_generator_INA":-0.0000018163,"data_generator_T":13.04},{"data_generator_INA":-0.0000018072,"data_generator_T":13.06},{"data_generator_INA":-0.0000017981,"data_generator_T":13.08},{"data_generator_INA":-0.0000017891,"data_generator_T":13.1},{"data_generator_INA":-0.0000017801,"data_generator_T":13.12},{"data_generator_INA":-0.0000017712,"data_generator_T":13.14},{"data_generator_INA":-0.0000017623,"data_generator_T":13.16},{"data_generator_INA":-0.0000017534,"data_generator_T":13.18},{"data_generator_INA":-0.0000017446,"data_generator_T":13.2},{"data_generator_INA":-0.0000017359,"data_generator_T":13.22},{"data_generator_INA":-0.0000017272,"data_generator_T":13.24},{"data_generator_INA":-0.0000017185,"data_generator_T":13.26},{"data_generator_INA":-0.0000017099,"data_generator_T":13.28},{"data_generator_INA":-0.0000017013,"data_generator_T":13.3},{"data_generator_INA":-0.0000016927,"data_generator_T":13.32},{"data_generator_INA":-0.0000016842,"data_generator_T":13.34},{"data_generator_INA":-0.0000016758,"data_generator_T":13.36},{"data_generator_INA":-0.0000016674,"data_generator_T":13.38},{"data_generator_INA":-0.000001659,"data_generator_T":13.4},{"data_generator_INA":-0.0000016507,"data_generator_T":13.42},{"data_generator_INA":-0.0000016424,"data_generator_T":13.44},{"data_generator_INA":-0.0000016342,"data_generator_T":13.46},{"data_generator_INA":-0.000001626,"data_generator_T":13.48},{"data_generator_INA":-0.0000016178,"data_generator_T":13.5},{"data_generator_INA":-0.0000016097,"data_generator_T":13.52},{"data_generator_INA":-0.0000016016,"data_generator_T":13.54},{"data_generator_INA":-0.0000015936,"data_generator_T":13.56},{"data_generator_INA":-0.0000015856,"data_generator_T":13.58},{"data_generator_INA":-0.0000015776,"data_generator_T":13.6},{"data_generator_INA":-0.0000015697,"data_generator_T":13.62},{"data_generator_INA":-0.0000015618,"data_generator_T":13.64},{"data_generator_INA":-0.000001554,"data_generator_T":13.66},{"data_generator_INA":-0.0000015462,"data_generator_T":13.68},{"data_generator_INA":-0.0000015384,"data_generator_T":13.7},{"data_generator_INA":-0.0000015307,"data_generator_T":13.72},{"data_generator_INA":-0.000001523,"data_generator_T":13.74},{"data_generator_INA":-0.0000015154,"data_generator_T":13.76},{"data_generator_INA":-0.0000015078,"data_generator_T":13.78},{"data_generator_INA":-0.0000015002,"data_generator_T":13.8},{"data_generator_INA":-0.0000014927,"data_generator_T":13.82},{"data_generator_INA":-0.0000014852,"data_generator_T":13.84},{"data_generator_INA":-0.0000014777,"data_generator_T":13.86},{"data_generator_INA":-0.0000014703,"data_generator_T":13.88},{"data_generator_INA":-0.0000014629,"data_generator_T":13.9},{"data_generator_INA":-0.0000014556,"data_generator_T":13.92},{"data_generator_INA":-0.0000014483,"data_generator_T":13.94},{"data_generator_INA":-0.000001441,"data_generator_T":13.96},{"data_generator_INA":-0.0000014338,"data_generator_T":13.98},{"data_generator_INA":-0.0000014266,"data_generator_T":14.0},{"data_generator_INA":-0.0000014194,"data_generator_T":14.02},{"data_generator_INA":-0.0000014123,"data_generator_T":14.04},{"data_generator_INA":-0.0000014052,"data_generator_T":14.06},{"data_generator_INA":-0.0000013982,"data_generator_T":14.08},{"data_generator_INA":-0.0000013912,"data_generator_T":14.1},{"data_generator_INA":-0.0000013842,"data_generator_T":14.12},{"data_generator_INA":-0.0000013772,"data_generator_T":14.14},{"data_generator_INA":-0.0000013703,"data_generator_T":14.16},{"data_generator_INA":-0.0000013634,"data_generator_T":14.18},{"data_generator_INA":-0.0000013566,"data_generator_T":14.2},{"data_generator_INA":-0.0000013498,"data_generator_T":14.22},{"data_generator_INA":-0.000001343,"data_generator_T":14.24},{"data_generator_INA":-0.0000013363,"data_generator_T":14.26},{"data_generator_INA":-0.0000013296,"data_generator_T":14.28},{"data_generator_INA":-0.0000013229,"data_generator_T":14.3},{"data_generator_INA":-0.0000013163,"data_generator_T":14.32},{"data_generator_INA":-0.0000013097,"data_generator_T":14.34},{"data_generator_INA":-0.0000013031,"data_generator_T":14.36},{"data_generator_INA":-0.0000012966,"data_generator_T":14.38},{"data_generator_INA":-0.00000129,"data_generator_T":14.4},{"data_generator_INA":-0.0000012836,"data_generator_T":14.42},{"data_generator_INA":-0.0000012771,"data_generator_T":14.44},{"data_generator_INA":-0.0000012707,"data_generator_T":14.46},{"data_generator_INA":-0.0000012643,"data_generator_T":14.48},{"data_generator_INA":-0.000001258,"data_generator_T":14.5},{"data_generator_INA":-0.0000012517,"data_generator_T":14.52},{"data_generator_INA":-0.0000012454,"data_generator_T":14.54},{"data_generator_INA":-0.0000012392,"data_generator_T":14.56},{"data_generator_INA":-0.0000012329,"data_generator_T":14.58},{"data_generator_INA":-0.0000012267,"data_generator_T":14.6},{"data_generator_INA":-0.0000012206,"data_generator_T":14.62},{"data_generator_INA":-0.0000012145,"data_generator_T":14.64},{"data_generator_INA":-0.0000012084,"data_generator_T":14.66},{"data_generator_INA":-0.0000012023,"data_generator_T":14.68},{"data_generator_INA":-0.0000011963,"data_generator_T":14.7},{"data_generator_INA":-0.0000011903,"data_generator_T":14.72},{"data_generator_INA":-0.0000011843,"data_generator_T":14.74},{"data_generator_INA":-0.0000011784,"data_generator_T":14.76},{"data_generator_INA":-0.0000011724,"data_generator_T":14.78},{"data_generator_INA":-0.0000011666,"data_generator_T":14.8},{"data_generator_INA":-0.0000011607,"data_generator_T":14.82},{"data_generator_INA":-0.0000011549,"data_generator_T":14.84},{"data_generator_INA":-0.0000011491,"data_generator_T":14.86},{"data_generator_INA":-0.0000011433,"data_generator_T":14.88},{"data_generator_INA":-0.0000011376,"data_generator_T":14.9},{"data_generator_INA":-0.0000011319,"data_generator_T":14.92},{"data_generator_INA":-0.0000011262,"data_generator_T":14.94},{"data_generator_INA":-0.0000011205,"data_generator_T":14.96},{"data_generator_INA":-0.0000011149,"data_generator_T":14.98},{"data_generator_INA":-0.0000011093,"data_generator_T":15.0},{"data_generator_INA":-0.0000011038,"data_generator_T":15.02},{"data_generator_INA":-0.0000010982,"data_generator_T":15.04},{"data_generator_INA":-0.0000010927,"data_generator_T":15.06},{"data_generator_INA":-0.0000010872,"data_generator_T":15.08},{"data_generator_INA":-0.0000010818,"data_generator_T":15.1},{"data_generator_INA":-0.0000010763,"data_generator_T":15.12},{"data_generator_INA":-0.0000010709,"data_generator_T":15.14},{"data_generator_INA":-0.0000010656,"data_generator_T":15.16},{"data_generator_INA":-0.0000010602,"data_generator_T":15.18},{"data_generator_INA":-0.0000010549,"data_generator_T":15.2},{"data_generator_INA":-0.0000010496,"data_generator_T":15.22},{"data_generator_INA":-0.0000010443,"data_generator_T":15.24},{"data_generator_INA":-0.0000010391,"data_generator_T":15.26},{"data_generator_INA":-0.0000010339,"data_generator_T":15.28},{"data_generator_INA":-0.0000010287,"data_generator_T":15.3},{"data_generator_INA":-0.0000010235,"data_generator_T":15.32},{"data_generator_INA":-0.0000010184,"data_generator_T":15.34},{"data_generator_INA":-0.0000010133,"data_generator_T":15.36},{"data_generator_INA":-0.0000010082,"data_generator_T":15.38},{"data_generator_INA":-0.0000010031,"data_generator_T":15.4},{"data_generator_INA":-0.0000009981,"data_generator_T":15.42},{"data_generator_INA":-0.0000009931,"data_generator_T":15.44},{"data_generator_INA":-0.0000009881,"data_generator_T":15.46},{"data_generator_INA":-0.0000009831,"data_generator_T":15.48},{"data_generator_INA":-0.0000009782,"data_generator_T":15.5},{"data_generator_INA":-0.0000009733,"data_generator_T":15.52},{"data_generator_INA":-0.0000009684,"data_generator_T":15.54},{"data_generator_INA":-0.0000009636,"data_generator_T":15.56},{"data_generator_INA":-0.0000009587,"data_generator_T":15.58},{"data_generator_INA":-0.0000009539,"data_generator_T":15.6},{"data_generator_INA":-0.0000009491,"data_generator_T":15.62},{"data_generator_INA":-0.0000009444,"data_generator_T":15.64},{"data_generator_INA":-0.0000009396,"data_generator_T":15.66},{"data_generator_INA":-0.0000009349,"data_generator_T":15.68},{"data_generator_INA":-0.0000009302,"data_generator_T":15.7},{"data_generator_INA":-0.0000009255,"data_generator_T":15.72},{"data_generator_INA":-0.0000009209,"data_generator_T":15.74},{"data_generator_INA":-0.0000009163,"data_generator_T":15.76},{"data_generator_INA":-0.0000009117,"data_generator_T":15.78},{"data_generator_INA":-0.0000009071,"data_generator_T":15.8},{"data_generator_INA":-0.0000009026,"data_generator_T":15.82},{"data_generator_INA":-0.000000898,"data_generator_T":15.84},{"data_generator_INA":-0.0000008935,"data_generator_T":15.86},{"data_generator_INA":-0.000000889,"data_generator_T":15.88},{"data_generator_INA":-0.0000008846,"data_generator_T":15.9},{"data_generator_INA":-0.0000008801,"data_generator_T":15.92},{"data_generator_INA":-0.0000008757,"data_generator_T":15.94},{"data_generator_INA":-0.0000008713,"data_generator_T":15.96},{"data_generator_INA":-0.000000867,"data_generator_T":15.98},{"data_generator_INA":-0.0000008626,"data_generator_T":16.0},{"data_generator_INA":-0.0000008583,"data_generator_T":16.02},{"data_generator_INA":-0.000000854,"data_generator_T":16.040001},{"data_generator_INA":-0.0000008497,"data_generator_T":16.059999},{"data_generator_INA":-0.0000008454,"data_generator_T":16.08},{"data_generator_INA":-0.0000008412,"data_generator_T":16.1},{"data_generator_INA":-0.000000837,"data_generator_T":16.120001},{"data_generator_INA":-0.0000008328,"data_generator_T":16.139999},{"data_generator_INA":-0.0000008286,"data_generator_T":16.16},{"data_generator_INA":-0.0000008244,"data_generator_T":16.18},{"data_generator_INA":-0.0000008203,"data_generator_T":16.200001},{"data_generator_INA":-0.0000008162,"data_generator_T":16.219999},{"data_generator_INA":-0.0000008121,"data_generator_T":16.24},{"data_generator_INA":-0.000000808,"data_generator_T":16.26},{"data_generator_INA":-0.0000008039,"data_generator_T":16.280001},{"data_generator_INA":-0.0000007999,"data_generator_T":16.299999},{"data_generator_INA":-0.0000007959,"data_generator_T":16.32},{"data_generator_INA":-0.0000007919,"data_generator_T":16.34},{"data_generator_INA":-0.0000007879,"data_generator_T":16.360001},{"data_generator_INA":-0.000000784,"data_generator_T":16.379999},{"data_generator_INA":-0.00000078,"data_generator_T":16.4},{"data_generator_INA":-0.0000007761,"data_generator_T":16.42},{"data_generator_INA":-0.0000007722,"data_generator_T":16.440001},{"data_generator_INA":-0.0000007683,"data_generator_T":16.459999},{"data_generator_INA":-0.0000007645,"data_generator_T":16.48},{"data_generator_INA":-0.0000007607,"data_generator_T":16.5},{"data_generator_INA":-0.0000007568,"data_generator_T":16.52},{"data_generator_INA":-0.000000753,"data_generator_T":16.540001},{"data_generator_INA":-0.0000007493,"data_generator_T":16.559999},{"data_generator_INA":-0.0000007455,"data_generator_T":16.58},{"data_generator_INA":-0.0000007418,"data_generator_T":16.6},{"data_generator_INA":-0.000000738,"data_generator_T":16.620001},{"data_generator_INA":-0.0000007343,"data_generator_T":16.639999},{"data_generator_INA":-0.0000007306,"data_generator_T":16.66},{"data_generator_INA":-0.000000727,"data_generator_T":16.68},{"data_generator_INA":-0.0000007233,"data_generator_T":16.700001},{"data_generator_INA":-0.0000007197,"data_generator_T":16.719999},{"data_generator_INA":-0.0000007161,"data_generator_T":16.74},{"data_generator_INA":-0.0000007125,"data_generator_T":16.76},{"data_generator_INA":-0.0000007089,"data_generator_T":16.780001},{"data_generator_INA":-0.0000007054,"data_generator_T":16.799999},{"data_generator_INA":-0.0000007018,"data_generator_T":16.82},{"data_generator_INA":-0.0000006983,"data_generator_T":16.84},{"data_generator_INA":-0.0000006948,"data_generator_T":16.860001},{"data_generator_INA":-0.0000006913,"data_generator_T":16.879999},{"data_generator_INA":-0.0000006878,"data_generator_T":16.9},{"data_generator_INA":-0.0000006844,"data_generator_T":16.92},{"data_generator_INA":-0.000000681,"data_generator_T":16.940001},{"data_generator_INA":-0.0000006775,"data_generator_T":16.959999},{"data_generator_INA":-0.0000006741,"data_generator_T":16.98},{"data_generator_INA":-0.0000006708,"data_generator_T":17.0},{"data_generator_INA":-0.0000006674,"data_generator_T":17.02},{"data_generator_INA":-0.000000664,"data_generator_T":17.040001},{"data_generator_INA":-0.0000006607,"data_generator_T":17.059999},{"data_generator_INA":-0.0000006574,"data_generator_T":17.08},{"data_generator_INA":-0.0000006541,"data_generator_T":17.1},{"data_generator_INA":-0.0000006508,"data_generator_T":17.120001},{"data_generator_INA":-0.0000006475,"data_generator_T":17.139999},{"data_generator_INA":-0.0000006443,"data_generator_T":17.16},{"data_generator_INA":-0.0000006411,"data_generator_T":17.18},{"data_generator_INA":-0.0000006378,"data_generator_T":17.200001},{"data_generator_INA":-0.0000006346,"data_generator_T":17.219999},{"data_generator_INA":-0.0000006315,"data_generator_T":17.24},{"data_generator_INA":-0.0000006283,"data_generator_T":17.26},{"data_generator_INA":-0.0000006251,"data_generator_T":17.280001},{"data_generator_INA":-0.000000622,"data_generator_T":17.299999},{"data_generator_INA":-0.0000006189,"data_generator_T":17.32},{"data_generator_INA":-0.0000006158,"data_generator_T":17.34},{"data_generator_INA":-0.0000006127,"data_generator_T":17.360001},{"data_generator_INA":-0.0000006096,"data_generator_T":17.379999},{"data_generator_INA":-0.0000006065,"data_generator_T":17.4},{"data_generator_INA":-0.0000006035,"data_generator_T":17.42},{"data_generator_INA":-0.0000006005,"data_generator_T":17.440001},{"data_generator_INA":-0.0000005975,"data_generator_T":17.459999},{"data_generator_INA":-0.0000005945,"data_generator_T":17.48},{"data_generator_INA":-0.0000005915,"data_generator_T":17.5},{"data_generator_INA":-0.0000005885,"data_generator_T":17.52},{"data_generator_INA":-0.0000005856,"data_generator_T":17.540001},{"data_generator_INA":-0.0000005826,"data_generator_T":17.559999},{"data_generator_INA":-0.0000005797,"data_generator_T":17.58},{"data_generator_INA":-0.0000005768,"data_generator_T":17.6},{"data_generator_INA":-0.0000005739,"data_generator_T":17.620001},{"data_generator_INA":-0.000000571,"data_generator_T":17.639999},{"data_generator_INA":-0.0000005681,"data_generator_T":17.66},{"data_generator_INA":-0.0000005653,"data_generator_T":17.68},{"data_generator_INA":-0.0000005625,"data_generator_T":17.700001},{"data_generator_INA":-0.0000005596,"data_generator_T":17.719999},{"data_generator_INA":-0.0000005568,"data_generator_T":17.74},{"data_generator_INA":-0.000000554,"data_generator_T":17.76},{"data_generator_INA":-0.0000005513,"data_generator_T":17.780001},{"data_generator_INA":-0.0000005485,"data_generator_T":17.799999},{"data_generator_INA":-0.0000005457,"data_generator_T":17.82},{"data_generator_INA":-0.000000543,"data_generator_T":17.84},{"data_generator_INA":-0.0000005403,"data_generator_T":17.860001},{"data_generator_INA":-0.0000005376,"data_generator_T":17.879999},{"data_generator_INA":-0.0000005349,"data_generator_T":17.9},{"data_generator_INA":-0.0000005322,"data_generator_T":17.92},{"data_generator_INA":-0.0000005295,"data_generator_T":17.940001},{"data_generator_INA":-0.0000005269,"data_generator_T":17.959999},{"data_generator_INA":-0.0000005242,"data_generator_T":17.98},{"data_generator_INA":-0.0000005216,"data_generator_T":18.0},{"data_generator_INA":-0.000000519,"data_generator_T":18.02},{"data_generator_INA":-0.0000005164,"data_generator_T":18.040001},{"data_generator_INA":-0.0000005138,"data_generator_T":18.059999},{"data_generator_INA":-0.0000005112,"data_generator_T":18.08},{"data_generator_INA":-0.0000005086,"data_generator_T":18.1},{"data_generator_INA":-0.0000005061,"data_generator_T":18.120001},{"data_generator_INA":-0.0000005035,"data_generator_T":18.139999},{"data_generator_INA":-0.000000501,"data_generator_T":18.16},{"data_generator_INA":-0.0000004985,"data_generator_T":18.18},{"data_generator_INA":-0.000000496,"data_generator_T":18.200001},{"data_generator_INA":-0.0000004935,"data_generator_T":18.219999},{"data_generator_INA":-0.000000491,"data_generator_T":18.24},{"data_generator_INA":-0.0000004886,"data_generator_T":18.26},{"data_generator_INA":-0.0000004861,"data_generator_T":18.280001},{"data_generator_INA":-0.0000004837,"data_generator_T":18.299999},{"data_generator_INA":-0.0000004812,"data_generator_T":18.32},{"data_generator_INA":-0.0000004788,"data_generator_T":18.34},{"data_generator_INA":-0.0000004764,"data_generator_T":18.360001},{"data_generator_INA":-0.000000474,"data_generator_T":18.379999},{"data_generator_INA":-0.0000004716,"data_generator_T":18.4},{"data_generator_INA":-0.0000004693,"data_generator_T":18.42},{"data_generator_INA":-0.0000004669,"data_generator_T":18.440001},{"data_generator_INA":-0.0000004646,"data_generator_T":18.459999},{"data_generator_INA":-0.0000004623,"data_generator_T":18.48},{"data_generator_INA":-0.0000004599,"data_generator_T":18.5},{"data_generator_INA":-0.0000004576,"data_generator_T":18.52},{"data_generator_INA":-0.0000004553,"data_generator_T":18.540001},{"data_generator_INA":-0.000000453,"data_generator_T":18.559999},{"data_generator_INA":-0.0000004508,"data_generator_T":18.58},{"data_generator_INA":-0.0000004485,"data_generator_T":18.6},{"data_generator_INA":-0.0000004463,"data_generator_T":18.620001},{"data_generator_INA":-0.000000444,"data_generator_T":18.639999},{"data_generator_INA":-0.0000004418,"data_generator_T":18.66},{"data_generator_INA":-0.0000004396,"data_generator_T":18.68},{"data_generator_INA":-0.0000004374,"data_generator_T":18.700001},{"data_generator_INA":-0.0000004352,"data_generator_T":18.719999},{"data_generator_INA":-0.000000433,"data_generator_T":18.74},{"data_generator_INA":-0.0000004308,"data_generator_T":18.76},{"data_generator_INA":-0.0000004287,"data_generator_T":18.780001},{"data_generator_INA":-0.0000004265,"data_generator_T":18.799999},{"data_generator_INA":-0.0000004244,"data_generator_T":18.82},{"data_generator_INA":-0.0000004222,"data_generator_T":18.84},{"data_generator_INA":-0.0000004201,"data_generator_T":18.860001},{"data_generator_INA":-0.000000418,"data_generator_T":18.879999},{"data_generator_INA":-0.0000004159,"data_generator_T":18.9},{"data_generator_INA":-0.0000004138,"data_generator_T":18.92},{"data_generator_INA":-0.0000004117,"data_generator_T":18.940001},{"data_generator_INA":-0.0000004097,"data_generator_T":18.959999},{"data_generator_INA":-0.0000004076,"data_generator_T":18.98},{"data_generator_INA":-0.0000004056,"data_generator_T":19.0},{"data_generator_INA":-0.0000004035,"data_generator_T":19.02},{"data_generator_INA":-0.0000004015,"data_generator_T":19.040001},{"data_generator_INA":-0.0000003995,"data_generator_T":19.059999},{"data_generator_INA":-0.0000003975,"data_generator_T":19.08},{"data_generator_INA":-0.0000003955,"data_generator_T":19.1},{"data_generator_INA":-0.0000003935,"data_generator_T":19.120001},{"data_generator_INA":-0.0000003915,"data_generator_T":19.139999},{"data_generator_INA":-0.0000003896,"data_generator_T":19.16},{"data_generator_INA":-0.0000003876,"data_generator_T":19.18},{"data_generator_INA":-0.0000003857,"data_generator_T":19.200001},{"data_generator_INA":-0.0000003837,"data_generator_T":19.219999},{"data_generator_INA":-0.0000003818,"data_generator_T":19.24},{"data_generator_INA":-0.0000003799,"data_generator_T":19.26},{"data_generator_INA":-0.000000378,"data_generator_T":19.280001},{"data_generator_INA":-0.0000003761,"data_generator_T":19.299999},{"data_generator_INA":-0.0000003742,"data_generator_T":19.32},{"data_generator_INA":-0.0000003723,"data_generator_T":19.34},{"data_generator_INA":-0.0000003705,"data_generator_T":19.360001},{"data_generator_INA":-0.0000003686,"data_generator_T":19.379999},{"data_generator_INA":-0.0000003668,"data_generator_T":19.4},{"data_generator_INA":-0.0000003649,"data_generator_T":19.42},{"data_generator_INA":-0.0000003631,"data_generator_T":19.440001},{"data_generator_INA":-0.0000003613,"data_generator_T":19.459999},{"data_generator_INA":-0.0000003594,"data_generator_T":19.48},{"data_generator_INA":-0.0000003576,"data_generator_T":19.5},{"data_generator_INA":-0.0000003558,"data_generator_T":19.52},{"data_generator_INA":-0.0000003541,"data_generator_T":19.540001},{"data_generator_INA":-0.0000003523,"data_generator_T":19.559999},{"data_generator_INA":-0.0000003505,"data_generator_T":19.58},{"data_generator_INA":-0.0000003488,"data_generator_T":19.6},{"data_generator_INA":-0.000000347,"data_generator_T":19.620001},{"data_generator_INA":-0.0000003453,"data_generator_T":19.639999},{"data_generator_INA":-0.0000003435,"data_generator_T":19.66},{"data_generator_INA":-0.0000003418,"data_generator_T":19.68},{"data_generator_INA":-0.0000003401,"data_generator_T":19.700001},{"data_generator_INA":-0.0000003384,"data_generator_T":19.719999},{"data_generator_INA":-0.0000003367,"data_generator_T":19.74},{"data_generator_INA":-0.000000335,"data_generator_T":19.76},{"data_generator_INA":-0.0000003333,"data_generator_T":19.780001},{"data_generator_INA":-0.0000003316,"data_generator_T":19.799999},{"data_generator_INA":-0.00000033,"data_generator_T":19.82},{"data_generator_INA":-0.0000003283,"data_generator_T":19.84},{"data_generator_INA":-0.0000003267,"data_generator_T":19.860001},{"data_generator_INA":-0.000000325,"data_generator_T":19.879999},{"data_generator_INA":-0.0000003234,"data_generator_T":19.9},{"data_generator_INA":-0.0000003218,"data_generator_T":19.92},{"data_generator_INA":-0.0000003202,"data_generator_T":19.940001},{"data_generator_INA":-0.0000003186,"data_generator_T":19.959999},{"data_generator_INA":-0.000000317,"data_generator_T":19.98},{"data_generator_INA":-0.0000011659,"data_generator_T":20.0}]