[{"R_ASNSERNaEx":0.0,"R_P4502D6":0.0,"R_P4502E1":0.0,"R_P4502F1":0.0,"R_P4503A5":0.0,"R_P4504F123r":0.0,"R_FAS100ACP":0.0,"R_FAS140ACP":0.0,"R_FAS160ACP":0.0,"R_FAS180ACP":0.0,"R_FAS80ACP_L":0.0,"R_LEUKTRC4t":0.0,"R_KAS8":0.0,"R_ACCOAC":0.0202920212,"R_ASNt4":0.0,"R_ASNTHRNaEx":0.0,"R_GPIMTer":0.0,"R_PRO1x":0.0,"R_H2MTer":0.0,"R_H5MTer":0.0,"R_FBA4":0.0,"R_ASPPROASCT1":0.0,"R_GCALDD":0.0,"R_FAH1":0.0,"R_FAH2":0.0,"R_BILDGLCURt":0.0,"R_FAH3":0.0,"R_GLXO1":0.0,"R_BILGLCURt":0.0,"R_BILIRUBt2":0.0,"R_BTNt3":0.0,"R_BTNt3i":0.0,"R_P4502A6":0.0,"R_P4502C18":0.0,"R_P4502C19":0.0,"R_P4502C8":0.0,"R_P4502C9":0.0,"R_BUTt2r":0.0,"R_CHOLATEt":0.0,"R_HPYRR2x":0.0,"R_CHOLESTle":0.0,"R_ASNGLNNaEx":0.0,"R_HPYRRx":0.0181508657,"R_P4502C92":0.0,"R_P4502C93":0.0,"R_LYSt4":0.0,"R_P4502C94":0.0,"R_CLHCO3tex2":0.0,"R_BDMT_cho":0.00002606,"R_DOLASNTer":0.00002606,"R_LYSt5r":0.01403,"R_DOLPGT1er":0.00002606,"R_CO2t":0.6145299722,"R_DOLPGT2er":0.00002606,"R_CRNt":0.0,"R_MALTt1r":0.0,"R_MANt4":0.0,"R_CRNtHa":0.0,"R_DOLPGT3er":0.00002606,"R_METt4":0.0,"R_METtec":0.00632,"R_DOLPMT1er":0.00002606,"R_CYSALANaEx":0.0,"R_CYSASNNaEx":0.0,"R_CYSGLNNaEx":0.0,"R_DOLPMT3er":0.00002606,"R_CYSSERNaEx":0.0,"R_M13N4Tg":0.0,"R_CYSt4":0.0,"R_CYStec":0.00539,"R_CYSTGLUex":0.0,"R_CYSTHRNaEx":0.0,"R_NAHCO3_HCLt2":0.0,"R_S26Tg":0.0,"R_NAt3_1":0.0,"R_D_LACt2":0.0,"R_ALDD19xr":0.0,"R_DALAt2r":0.0,"R_NAt5":0.0,"R_PHETA1":0.0,"R_NRPPHRt4_2_r":0.0,"R_ORNt":-0.0275457414,"R_DEBRISOQUINEt":0.0,"R_2HBO":0.0,"R_PEFLIP_cho":0.0,"R_PHEtec":0.00592,"R_ACCOAL":0.0,"R_PIt9":0.0,"R_DOPAt4_2_r":0.0,"R_ACS2":0.0,"R_DOPAtu":0.0,"R_PPCOAOm":0.0,"R_ESTRADIOLGLCt":0.0,"R_ESTRADIOLGLCt2":0.0,"R_PNTOt1":0.0,"R_PNTOt5":0.0,"R_PRODt2r":0.0,"R_PROSTGE2t":0.0,"R_PROSTGF2t":0.0,"R_FRUt1r":0.0,"R_2HBt2":0.0,"R_FRUt4":0.0,"R_PROt2r":0.00847,"R_4HPROLTASCT1":0.0,"R_5FTHFt2":0.0,"R_PROt4":0.0,"R_GALt4":0.0,"R_GCHOLAt":0.0,"R_GLCt1":0.1979,"R_PSFLIP_cho":0.0,"R_ABUTt2r":0.0,"R_ABUTt4_2_r":0.0,"R_ACACt2":0.0,"R_PYRt2":-1.6895002318,"R_GLCt2":0.0,"R_ACt2r":0.0,"R_PYRt4_2":1.6895002318,"R_ALAASNNaEx":0.0,"R_ALACYSNaEx":0.0,"R_SERALANaEx":0.0,"R_GLNALANaEx":0.0,"R_GLNASNNaEx":0.0,"R_GLNCYSNaEx":0.0,"R_GLNSERNaEx":0.0,"R_GLNt4":0.0,"R_GLNTHRNaEx":0.0,"R_SERASNNaEx":0.0,"R_SERCYSNaEx":0.0,"R_SERGLNNaEx":0.0,"R_ALAGLNNaEx":0.0,"R_GLUPROASCT1":0.0,"R_ALASERNaEx":0.0,"R_ALAt2r":0.0,"R_SERt4":0.0,"R_ALAt4":0.0,"R_SERTHRNaEx":0.0,"R_GLYCt":0.0,"R_GLYt2r":-0.0209,"R_SRTNtu":0.0,"R_GLYt4":0.0,"R_ALATHRNaEx":0.0,"R_ARGt4":0.0,"R_H2Ot":0.6307757136,"R_HISt4":0.00407,"R_HKt":0.0,"R_SUCCt4_3":0.0,"R_ARGt5r":0.0358,"R_ASCBt4":0.0,"R_HOMt4":0.0,"R_ASCBt5":0.0,"R_TAUBETAtc":0.0,"R_ASNALANaEx":0.0,"R_It":0.0,"R_KCC2t":-0.08332,"R_KCCt":0.0,"R_L_LACt2r":-0.1208,"R_TCHOLAt":0.0,"R_THMMPt4":0.0,"R_THMt3":0.0,"R_THMTPt":0.0,"R_ASNCYSNaEx":0.0,"R_THRALANaEx":0.0,"R_THRASNNaEx":0.0,"R_THRCYSNaEx":0.0,"R_L_LACt4r_2":0.0,"R_GTHDH":0.0,"R_THRGLNNaEx":0.0,"R_NACHEX16ly":0.0,"R_THRSERNaEx":0.0,"R_THRt4":0.0,"R_TRIODTHYt":0.0,"R_TSULt4_3":0.0,"R_CYP2R1":0.0,"R_AKR1C41":0.0,"R_AKR1C42":0.0,"R_BAAT2x":0.0,"R_NACHEX17ly":0.0,"R_UREAt":0.0,"R_HSD17B42x_cho":0.0,"R_NACHEX18ly":0.0,"R_HSD17B4x_cho":0.0,"R_NACHEX19ly":0.0,"R_P45039A1r":0.0,"R_P45046A1r":0.0,"R_XYLt":0.0,"R_NACHEX20ly":0.0,"R_P4507B11r":0.0,"R_NACHEX21ly":0.0,"R_P4507B12r":0.0,"R_HCO3E":0.0,"R_NACHEX22ly":0.0,"R_NACHEX23ly":0.0,"R_HCO3Ee":-0.6145299722,"R_NACHEX24ly":0.0,"R_NACHEX25ly":0.0,"R_HCO3Em":2.0197593656,"R_r0739":0.0,"R_r0743":0.0,"R_NACHEX26ly":0.0,"R_P5CRx":0.0,"R_DOLK":0.0,"R_DOLPMT":0.00010424,"R_DASCBR":0.0,"R_RE1796M":0.0,"R_RE1834C":0.0,"R_RE1835C":0.0,"R_RE1845C":0.0,"R_F6T4g":0.0,"R_G14N7g":0.0,"R_G14N8g":0.0,"R_G14N9g":0.0,"R_GLCNACT_cho":0.00002606,"R_M1316M2g":0.0,"R_RE2649M":0.0,"R_G12MT1_cho":0.00002606,"R_M13N14N3T1g":0.0,"R_M13N14N3T2g":0.0,"R_G12MT2_cho":0.00002606,"R_M13N14N3T3g":0.0,"R_VLCS2r":0.0,"R_M13N14N3T4g":0.0,"R_G13MT_cho":0.00002606,"R_M13N4T1g":0.0,"R_M13N4T2g":0.0,"R_ACACT1x":0.0,"R_G14N10g":0.0,"R_M13N4T3g":0.0,"R_M1613N1614N3T1g":0.0,"R_M1613N1614N3T2g":0.0,"R_C3STDH1r":0.0,"R_G14N11g":0.0,"R_C3STKR2r":0.0006109376,"R_CHOLESACATc":0.0,"R_M1613N3xN3T1g":0.0,"R_M1613N3xN3T2g":0.0,"R_M16N1216N3T1g":0.0,"R_M16N1216N3T2g":0.0,"R_HMGLm":0.0046663,"R_M16N12N3T1g":0.0,"R_HMGLx":0.0,"R_G14N12g":0.0,"R_M16N12N3T2g":0.0,"R_M16N16N3T1g":0.0,"R_M16N16N3T2g":0.0,"R_M16N6T1g":0.0,"R_M16N6T2g":0.0,"R_M16N6T3g":0.0,"R_SOAT11_cho":0.000239251,"R_G14N13g":0.0,"R_SOAT12_cho":0.0,"R_M16NT1g":0.0,"R_PNTEH":0.0038502399,"R_G14N14g":0.0,"R_DESAT16_2":0.0191749663,"R_S23TN10g":0.0,"R_S23TN11g":0.0,"R_G14N15g":0.0,"R_S23TN12g":0.0,"R_DESAT18_10":0.0,"R_DESAT18_3":0.0,"R_G14N16g":0.0,"R_DESAT18_4":0.0,"R_DESAT18_5":0.0,"R_S23TN13g":0.0,"R_S23TN14g":0.0,"R_DESAT20_1":0.0,"R_S23TN15g":0.0,"R_G14N17g":0.0,"R_S23TN16g":0.0,"R_DESAT20_2":0.0,"R_G14N18g":0.0,"R_S23TN17g":0.0,"R_G14N19g":0.0,"R_S23TN18g":0.0,"R_S23TN19g":0.0,"R_S23TN20g":0.0,"R_S23TN21g":0.0,"R_FAEL183_cho":0.0,"R_FAEL184_cho":0.0,"R_FAEL204_cho":0.0,"R_FAEL205_cho":0.0,"R_S23TN22g":0.0,"R_S23TN2g":0.0,"R_G14N1g":0.0,"R_S23TN3g":0.0,"R_S23TN4g":0.0,"R_FACOAE180":0.0,"R_RE0577C":0.0,"R_S23TN5g":0.0,"R_RE0578C":0.0,"R_G14N20g":0.0,"R_RE0579C":0.0,"R_S23TN6g":0.0,"R_S23TN7g":0.0,"R_S23TN8g":0.0,"R_G14N21g":0.0,"R_G14N2g":0.0,"R_RE3241R":0.0,"R_G14N3g":0.0,"R_MAN1PT":0.0,"R_G14N4g":0.0,"R_G14N5g":0.0,"R_G14N6g":0.0,"R_TRIOK":0.0181508657,"R_LACZe":0.0,"R_NMNS":0.0,"R_RNMK":0.0,"R_GPIDA2er_cho":0.0,"R_GPIDAer_cho":0.0,"R_S23TN9g":0.0,"R_H2ETer_cho":0.0,"R_H3ETer_cho":0.0,"R_H4ET3er_cho":0.0,"R_H4ETer_cho":0.0,"R_SUCRe":0.0,"R_P45021A2r":0.0,"R_UDPG4E":0.00005212,"R_H6_ET2er_cho":0.0,"R_H6_ETer_cho":0.0,"R_H6ET3er_cho":0.0,"R_H7_ETer_cho":0.0,"R_H7ET2er_cho":0.0,"R_PI3PP_cho":0.0,"R_GLNS":0.0023922533,"R_P4503A7r":0.0,"R_GLUN":0.0,"R_FUCASE2e":0.0,"R_PRGNLONESULT":0.0,"R_NACHEX10ly":0.0,"R_RE1957R":0.0,"R_SR5AR2r":0.0,"R_NACHEX11ly":0.0,"R_NACHEX12ly":0.0,"R_RE2972M":0.0,"R_SR5ARr":0.0,"R_RE2973N":0.0,"R_NACHEX13ly":0.0,"R_NACHEX14ly":0.0,"R_NACHEX15ly":0.0,"R_CTPS2":0.0005154543,"R_PYK6":0.3026702158,"R_STS1":0.0,"R_URIK1":0.0,"R_STS2":0.0,"R_STS3":0.0,"R_THRA":0.0056955915,"R_STS4":0.0,"R_TSTSTERONESULT":0.0,"R_UGT1A1r":0.0,"R_HISDr":0.0024830608,"R_IZPN":0.0024830608,"R_SPODM":0.0108508791,"R_SPODMn":0.0,"R_SPODMx":0.0,"R_URCN":0.0024830608,"R_UPPRT":0.0,"R_UGT1A2r":0.0,"R_UGT1A3r":0.0,"R_UGT1A4r":0.0,"R_AADSACYCL":0.0,"R_UGT1A6r":0.0,"R_ASAH1_cho":0.0,"R_AASAD3":0.0,"R_UGT1A9r":0.0,"R_B3GNT34g_cho":0.0,"R_B3GNT35g_cho":0.0,"R_H2Otg":0.00028666,"R_UGLCNACtg":0.00005212,"R_DHCRD1_cho":0.0000913294,"R_DHCRD2_cho":0.0,"R_AHCi":0.0174713087,"R_MCLORi":0.0,"R_DSAT_cho":0.0000913294,"R_IDOURtly":0.0,"R_METAT":0.0221559689,"R_FUT11g_cho":0.0,"R_AGPAT1_cho":0.0010341399,"R_GALC_cho":0.0,"R_GBA_cho":0.0,"R_DGAT_cho":0.000046313,"R_GBAl_cho":0.0,"R_RE2675C":0.0,"R_34DHOXPEGOX":0.0,"R_DOPACHRMISO":0.0,"R_SBPP1er":0.0,"R_GPAM_cho":0.0010341399,"R_SBPP3er":0.0,"R_LPS_cho":0.0,"R_SERPT":0.0000913294,"R_FALDH":0.0,"R_IDHPOXOXb":0.0,"R_SIAT4Bg_cho":0.0,"R_LPS2_cho":0.0,"R_SMPD3l_cho":0.0,"R_TRIODTHYSULT":0.0,"R_TYRDOPO":0.0049005432,"R_SMPD4_cho":0.0,"R_LPS3_cho":0.0,"R_SMPDE":0.0,"R_SMS_cho":0.0000913294,"R_TYRDOPO3":0.0,"R_TYROX":0.0,"R_SPHMDAc_cho":0.0,"R_LPSe_cho":0.0,"R_ST3GAL21g_cho":0.0,"R_ST3GAL22g_cho":0.0,"R_TYRTA":0.0,"R_ST3GAL23g_cho":0.0,"R_ST6GALNAC21_cho":0.0,"R_ST6GALNAC22_cho":0.0,"R_ST6GALNAC23_cho":0.0,"R_TYRTAim":0.0,"R_ACACT10m":0.0071576187,"R_ACOAD10m":0.0071576187,"R_MOGAT_cho":0.0,"R_ACOAD8m":0.0083319256,"R_ACOAD9m":0.0,"R_ECOAH12m":0.0,"R_ST6GALNAC24_cho":0.0,"R_ST6GALNAC25_cho":0.0,"R_ST6GALNAC27_cho":0.0,"R_ST6GALNAC31_cho":0.0,"R_ST6GALNAC62_cho":0.0,"R_UGCG_cho":0.0,"R_ECOAH9m":0.0071576187,"R_HACD9m":0.0071576187,"R_HIBDm":0.0,"R_UGCGc":0.0,"R_PPAP_cho":0.0,"R_DPMVD":0.0036656256,"R_ILEOX":0.0,"R_PPCOACm":0.0071576187,"R_HMGCOAR":-0.0036656256,"R_r0643":-0.0071576187,"R_RADH":0.0,"R_AGTim":0.0,"R_MEVK1":0.0036656256,"R_PMEVK":0.0036656256,"R_RAI3":0.0,"R_RDH1a":0.0,"R_5ADTSTSTERONESULT":0.0,"R_AKR1C1":0.0,"R_ASNN":0.0371576366,"R_ASPTA":-0.023095801,"R_DHEASULT":0.0,"R_DASPO1p":0.0,"R_RDH2a":0.0,"R_ACNML":0.0,"R_ESTSULT":0.0,"R_RDH3a":0.0,"R_HSD17B3r":0.0,"R_CHTNASEe":0.0,"R_ACNMCT":0.0,"R_HSD17B7r":0.0,"R_RETFA":0.0,"R_HSD3B11":0.0,"R_RETH1":0.0,"R_HSD3B11r":0.0,"R_HSD3B12r":0.0,"R_HSD3B13r":0.0,"R_r0013":0.0,"R_RETH1e":0.0,"R_P45011B11m":0.0,"R_P45011B12m":0.0,"R_UAG4Ei":0.0,"R_P45011B21m":0.0,"R_RETH2":0.0,"R_P4501B1r":0.0,"R_UAGALDP":0.0,"R_B3GNT310g_cho":0.0,"R_RETH2e":0.0,"R_B3GNT312g_cho":0.0,"R_B3GNT51g_cho":0.0,"R_RETHe":0.0,"R_FUT12g_cho":0.0,"R_FUT14g_cho":0.0,"R_FUT15g_cho":0.0,"R_FUT16g_cho":0.0,"R_RE3014R":0.0,"R_RE3015R":0.0,"R_UGT1A5r":0.0,"R_FTHFCL":0.0,"R_FUT17g_cho":0.0,"R_FUT18g_cho":0.0,"R_FUT31g_cho":0.0,"R_FUT32g_cho":0.0,"R_UGT1A5r2":0.0,"R_FUT33g_cho":0.0,"R_FUT34g_cho":0.0,"R_ADMDC":0.0046846602,"R_FUT35g_cho":0.0,"R_MTHFC":0.0024830608,"R_ARGDCm":0.0,"R_MTHFCm":0.0595273515,"R_MTHFDm":0.0595273515,"R_GCNTg_cho":0.0,"R_ST3GAL61g_cho":0.0,"R_PNTK":0.0038502399,"R_MTHFR2":0.0200340262,"R_ENOPH":0.0,"R_CDS_cho":0.0001406682,"R_CBR2":0.0,"R_DDPGAm":0.0,"R_GGT6":0.0,"R_CEPTE_cho":0.0,"R_G5SADrm":-0.0042963596,"R_CHOLK":0.0009311397,"R_LTC4Sr":0.0,"R_HPROxm":0.0,"R_PGESc":0.0,"R_PGISr":0.0,"R_PGS":0.0,"R_PGSr":0.0,"R_DAGK_cho":-0.0008861234,"R_DAGKn_cho":0.0,"R_DHAK":0.0,"R_ETHAK":0.0,"R_PTGFS":0.0,"R_G3PD1ir":0.0010687821,"R_HPROym":0.0,"R_RE3012R":0.0,"R_GLYK":0.0,"R_CYTK8n":0.0,"R_MDRPD":0.0,"R_GLYKm":0.0,"R_GPDDA1":0.0,"R_PMI12346PS":0.0,"R_MTAP":0.0,"R_MINOHPKn":0.0,"R_LPASE_cho":0.0,"R_PAFS_cho":0.0,"R_P5CR":0.0,"R_PCHOLPm_cho":0.0,"R_PETOHMm_cho":0.0,"R_PI345P5P_cho":0.0,"R_PI34P3P":0.0,"R_PI34P3Pn_cho":0.0,"R_PI3P3Pn_cho":0.0,"R_PI3P4K_cho":0.0,"R_PIK4_cho":0.0,"R_PLA2_2_cho":0.0,"R_PHCHGSm":0.0,"R_PLA2_2e_cho":0.0,"R_PSSA1_cho":0.0061072055,"R_PSSA2_cho":0.0,"R_PI3P5K_cho":0.0,"R_PI45P3K_cho":0.0,"R_PI45P5P_cho":0.0,"R_PI4P3K_cho":0.0,"R_PI5P3K_cho":0.0,"R_PI5P4K_cho":0.0,"R_PIK3_cho":0.0,"R_RE3301C":0.0,"R_PMI12346PH":0.0,"R_PROD2":0.0,"R_PMI12346PHn":0.0,"R_BILIRED":0.0,"R_BILIRED2":0.0,"R_ADK1":0.0812119784,"R_PROD2m":0.0042963596,"R_ADK1m":-0.3724454838,"R_GLCAASE1ly":0.0,"R_UNK3":0.0,"R_GLCNACASE2ly":0.0,"R_ADKd":0.0,"R_ADNCYC":0.0,"R_GLCNACASE3ly":0.0,"R_FBA2":0.0,"R_GLCNACASE4ly":0.0,"R_ADPRDP":0.0,"R_ADSK":0.0,"R_GLCNACASE5ly":0.0,"R_HS1ly":0.0,"R_HS2ly":0.0,"R_HS3ly":0.0,"R_ADSS":0.033496076,"R_AMPDA":0.0,"R_ATPH1e":0.0,"R_ATPH2e":0.0,"R_HS4ly":0.0,"R_HSAT1ly":0.0,"R_HSAT2ly":0.0,"R_FBP26":0.0,"R_HSAT3ly":0.0,"R_HSAT4ly":0.0,"R_CYTDK1":0.0,"R_CYTDn":0.0,"R_IDOAASE1ly":0.0,"R_PFK26":0.0,"R_IDOAASE2ly":0.0,"R_IDOAASE3ly":0.0,"R_PMANM":-0.0002606,"R_S2TASE1ly":0.0,"R_CYTK1":0.0049220478,"R_CYTK10":0.0,"R_CYTK10n":0.0,"R_S2TASE2ly":0.0,"R_S6TASE1ly":0.0,"R_SBTR":0.0,"R_S6TASE2ly":0.0,"R_CYTK11":0.0048215389,"R_CYTK11n":0.0,"R_S6TASE3ly":0.0,"R_CYTK12":0.0,"R_GGLUCT":0.0,"R_CYTK12n":0.0,"R_CYTK13":0.0,"R_NACHEX27ly":0.0,"R_INOSTO":0.0,"R_MI123456PP":0.0,"R_CYTK13n":0.0,"R_CYTK14":0.0,"R_CYTK14n":0.0,"R_CYTK1n":0.0,"R_CYTK2":0.0,"R_MI1345PP":0.0,"R_ITKPK":0.0,"R_CYTK2n":0.0,"R_GTHP_CAT":0.0,"R_CYTK3":0.0,"R_CYTK3n":0.0,"R_GTHP_CAT_m":0.0,"R_CYTK4":0.0,"R_MI145PK":0.0,"R_CYTK4n":0.0,"R_GLYCLm":0.0114797885,"R_MI145PP":0.0,"R_R01465m":0.0,"R_MI14P4P":0.0,"R_MI1PP":0.0,"R_CYTK2_1":-0.0048215389,"R_CYTK5n":0.0,"R_CPK1":0.0,"R_CYTK6n":0.0,"R_MI3PP":0.0000776825,"R_CYTK9":0.0,"R_MI3PS":0.0000776825,"R_MI4PK":0.0,"R_MI4PP":0.0,"R_CYTK7":0.0,"R_CYTK7n":0.0,"R_CYTK8":0.0,"R_CYTK9n":0.0,"R_UMPK5":0.0,"R_UMPK5n":0.0,"R_UMPK6":0.0011524964,"R_UMPK6n":0.0,"R_UMPK7":0.0,"R_UMPK7n":0.0,"R_DNDPt54m":0.0,"R_DNDPt55m":0.0,"R_DNDPt56m":0.0,"R_DNDPt57m":0.0,"R_UMPKn":0.0,"R_DADA":0.0283515838,"R_CYTDK2":0.0,"R_DNDPt58m":0.0,"R_DNDPt59m":0.0,"R_DNDPt5m":0.0,"R_DADK":0.0,"R_DADK3":0.0,"R_DNDPt60m":0.0,"R_DNDPt61m":0.0,"R_DNDPt62m":0.0,"R_DADNK":0.0,"R_DNDPt63m":0.0,"R_NTPP3":0.0,"R_DCTPDPn":0.0,"R_DNDPt6m":0.0,"R_DURIK1":0.0049220478,"R_DNDPt7m":0.0,"R_DNDPt8m":0.0,"R_DNDPt9m":0.0,"R_DCTPDPm":0.0,"R_NTPP7":0.0,"R_DTTPDPn":0.0,"R_DTTPDPm":0.0,"R_NTPP5":0.0,"R_L_LACtm":0.0,"R_GUACYC":0.0,"R_PEFLIPm_cho":0.0,"R_PIt2m":-2.9157693054,"R_NDP3g":0.00002606,"R_URIDK2r":0.0,"R_PSFLIPm_cho":0.0060368714,"R_NDP10ex":0.0,"R_DHPM2":0.0,"R_NDP3ex":0.0,"R_DURAD2":0.0,"R_NDP7ex":0.0,"R_DUTPDP":0.0,"R_PYRtm":-0.0612450723,"R_NDP8":0.0,"R_NTD1":0.0,"R_NTD2":0.0,"R_NDP8ex":0.0,"R_NTD3":0.0,"R_NDPK1":0.0684382439,"R_NTD5":0.0,"R_r2408":0.0,"R_NDPK10":0.0,"R_r0083":0.3157878961,"R_r0084":0.0,"R_ADADir":0.0,"R_TMDPP":0.0,"R_NDPK2":4.4355431282,"R_SMOX":0.0046846602,"R_r0644":0.0,"R_NDPK3":0.0,"R_r0737":0.0,"R_3SALACBOXL_cho":0.0,"R_LCYSTCBOXL":0.0,"R_NDPK4":0.0,"R_RE1709N":0.0,"R_RE1709C":0.0,"R_RE2660C":0.0,"R_THBPT4ACAMDASE":0.0,"R_ACP1_FMN":0.0,"R_PYDAMK":0.0,"R_PYDXDH":0.0,"R_PYDXK":0.0,"R_PYDXNK":0.0,"R_G6Pter":0.003054688,"R_H2Oter":-0.0035613856,"R_NDPK5":0.0,"R_UDPGLCAter":0.0,"R_ACt2m":0.0,"R_ABUTD":0.0,"R_BAMPPALDOX":0.0046846602,"R_ATPtm":5.3995951942,"R_NDPK6":0.0001428541,"R_BUTt2m":0.0,"R_CHSTEROLt1":0.0,"R_NBAHH_ir":0.0,"R_NDPK7":0.0012530054,"R_PRPNCOAHYDm":0.0,"R_CRNtim":0.0,"R_DCYTtm":0.0,"R_NDPK8":0.0,"R_DNDPt10m":-0.0001428541,"R_DNDPt11m":0.0,"R_DNDPt12m":0.0,"R_DNDPt13m":0.0,"R_r0466":0.0,"R_SPMDOX":0.0,"R_BACCL":0.0,"R_BACCLm":0.0,"R_DNDPt14m":0.0001428541,"R_DNDPt15m":0.0,"R_DNDPt17m":0.0,"R_DNDPt18m":0.0,"R_BTND1":0.0,"R_NDPK9":0.2814330791,"R_BTND1n":0.0,"R_BTNDe":0.0,"R_DNDPt19m":0.0,"R_DNDPt1m":0.0,"R_DNDPt20m":0.0,"R_DNDPt21m":0.0,"R_BTNDm":0.0,"R_BTNPL":0.0,"R_NTD2e":0.0,"R_BTNPLm":0.0,"R_ACOAD1fm":0.0,"R_MECOAS1m":0.0,"R_DNDPt23m":0.0,"R_DNDPt25m":0.0,"R_DNDPt28m":0.0,"R_DNDPt2m":0.0,"R_DNDPt30m":0.0,"R_CSNATr":0.0,"R_GLCAASE4ly":0.0,"R_DNDPt31m":0.0,"R_NTD4e":0.0,"R_DNDPt32m":0.0,"R_DNDPt37m":0.0,"R_GLCAASE5ly":0.0,"R_GLCAASE6ly":0.0,"R_GLCAASE7ly":0.0,"R_DNDPt38m":0.0001428541,"R_DNDPt39m":0.0,"R_IDOAASE4ly":0.0,"R_NTD6":0.0,"R_NACHEX1ly":0.0,"R_NACHEX2ly":0.0,"R_NACHEX3ly":0.0,"R_DNDPt3m":0.0001428541,"R_DNDPt40m":0.0,"R_DNDPt41m":0.0,"R_DNDPt42m":0.0,"R_DNDPt43m":0.0,"R_NACHEX4ly":0.0,"R_NACHEX5ly":0.0,"R_DNDPt44m":0.0,"R_NTD7":0.0108802751,"R_DNDPt45m":0.0,"R_DNDPt46m":0.0,"R_DNDPt47m":0.0,"R_NACHEX6ly":0.0,"R_NACHEX7ly":0.0,"R_NACHEX8ly":0.0,"R_NACHEX9ly":0.0,"R_DNDPt48m":0.0,"R_DNDPt49m":0.0,"R_NTD8":0.0,"R_DNDPt4m":0.0,"R_DNDPt50m":0.0,"R_NTD9":0.0,"R_DNDPt51m":0.0,"R_NTP3e":0.0,"R_DNDPt52m":0.0,"R_DNDPt53m":0.0,"R_PDE4":0.0,"R_ACITL":0.0147006697,"R_RNDR1":0.0000142854,"R_ACONT":0.0,"R_CSm":0.0,"R_ICDHym":0.0,"R_FACOAL240":0.0,"R_FACOAL245_1":0.0,"R_FACOAL245_2":0.0,"R_FACOAL80":0.0,"R_MDHm":0.0,"R_RNDR2":0.0001005089,"R_HPDCACRNCPT1":0.0,"R_HPDCACRNCPT2":0.0,"R_HPDCACRNt":0.0,"R_RNDR3":0.0001005089,"R_LCAT1e_cho":0.0,"R_SUCD1m_1":0.3771117837,"R_RNDR4":0.0001428541,"R_LNLCCPT1":0.0,"R_SADT":0.0,"R_LNLCCPT2":0.0,"R_LNLCCRNt":0.0,"R_FAS120ACP":0.0,"R_ACACT4p":0.0,"R_TMDK1":0.0,"R_ADRNCPT1":0.0,"R_ADRNCPT2":0.0,"R_ADRNCRNt":0.0,"R_LNLNCACPT1":0.0,"R_LNLNCACPT2":0.0,"R_LNLNCACRNt":0.0,"R_LNLNCGCPT1":0.0,"R_LNLNCGCPT2":0.0,"R_UMPK":0.0,"R_LNLNCGCRNt":0.0,"R_OCD11COACPT1":0.0,"R_OCD11CRNCACT":0.0,"R_OCD11CRNCPT2":0.0,"R_PCRNtm":0.0,"R_PTDCACRNCPT1":0.0,"R_ARACHCPT1":0.0,"R_ARACHCPT2":0.0,"R_ARACHCRNt":0.0,"R_C204CPT1":0.0,"R_C204CPT2":0.0,"R_C226CRNt":0.0,"R_PTDCACRNCPT2":0.0,"R_PTDCACRNt":0.0,"R_CSNATer":0.0,"R_UMPK2":0.0,"R_DCSPTN1CPT1":0.0,"R_DCSPTN1CPT2":0.0,"R_r0432":0.0,"R_RTOTAL2CRNCPT1":0.0,"R_DCSPTN1CRNt":0.0,"R_UMPK2n":0.0,"R_DLNLCGCPT1":0.0,"R_DLNLCGCPT2":0.0,"R_RTOTAL2CRNCPT2":0.0,"R_UMPK3":0.0,"R_RTOTAL2CRNt":0.0,"R_RTOTAL3CRNCPT1":0.0,"R_DLNLCGCRNt":0.0,"R_EICOSTETCPT1":0.0,"R_RTOTAL3CRNCPT2":0.0,"R_RTOTAL3CRNt":0.0,"R_EICOSTETCPT2":0.0,"R_UMPK3n":0.0,"R_EICOSTETCRNt":0.0,"R_STRDNCCPT1":0.0,"R_UMPK4":0.0,"R_STRDNCCPT2":0.0,"R_STRDNCCRNt":0.0,"R_BETALDHx":0.0,"R_BETALDHxm":0.0,"R_DMGDHm":0.0,"R_FA120ACPHi":0.0,"R_FA140ACPHi":0.0,"R_FA160ACPHi":0.0,"R_FA180ACPH":0.0,"R_GCC2bim":0.0,"R_GCC2cm":0.3854437093,"R_UMPK4n":0.0,"R_GCCbim":0.0,"R_GLYOp":0.0,"R_FACOAL150":0.0,"R_FACOAL160":0.0,"R_FACOAL161":0.0,"R_PGM":-0.3026702158,"R_FACOAL170":0.0,"R_FACOAL180":0.0,"R_FACOAL1812":0.0,"R_SPTc":0.0181508657,"R_GK_adp":0.0,"R_ALCD2x":0.0,"R_ALCD2y":0.0,"R_FACOAL1813":0.0,"R_FACOAL181":0.0,"R_ALDD2x":0.0,"R_FACOAL1821":0.0,"R_FACOAL1822":0.0,"R_ALDD2y":0.0056955915,"R_CAT2p":0.0,"R_DPGase":0.0,"R_DPGM":0.0,"R_ETOHMO":0.0,"R_FACOAL1831":0.0,"R_PYK":0.0,"R_FBA":0.0,"R_TPI":0.1454058315,"R_G6PPer":0.0,"R_AG13T10g":0.0,"R_GAPD":0.3513920912,"R_FACOAL1832":0.0,"R_FACOAL184":0.0,"R_AG13T11g":0.0,"R_FACOAL200":0.0,"R_LDH_L":-0.1208,"R_PGK":-0.3513920912,"R_FACOAL203":0.0,"R_AG13T12g":0.0,"R_FACOAL204":0.0,"R_FACOAL2042":0.0,"R_CERK_cho":0.0,"R_AG13T13g":0.0,"R_GALNTg":0.0,"R_N3Tg":0.0,"R_NS26T2g":0.0,"R_NS26Tg":0.0,"R_CYOOm3_cho":1.085087907,"R_CYOR_u10m_cho":2.1701758139,"R_FACOAL205":0.0,"R_FACOAL226":0.0,"R_GLPASE2a":0.3856687613,"R_MALTe":0.0,"R_MLTG1e":0.0,"R_NADH2_u10m_cho":1.7920418338,"R_AG13T14g":0.0,"R_PPA":0.0,"R_O16G1e":0.0,"R_O16G2e":0.0,"R_AG13T15g":0.0,"R_PPAm":4.3419101204,"R_DRPA":0.0,"R_AG13T16g":0.0,"R_G6PDH2r":0.0,"R_GULN3D":0.0,"R_PGLer":0.003054688,"R_PPM":0.0283515838,"R_RE0915E":0.0,"R_RE0926E":0.0,"R_RE0935E":0.0,"R_RE0944E":0.0,"R_RE0958E":0.0,"R_G6Pt6er":0.0,"R_PRPPS":0.0350575092,"R_RBK":0.0,"R_AG13T17g":0.0,"R_TKT1":-0.0012170791,"R_TKT2":-0.0012170791,"R_5HOXINDACTO2OX":0.0100914066,"R_5HOXINDACTOX":-0.0100914066,"R_ADA":0.0,"R_AG13T18g":0.0,"R_r0009":0.0,"R_ECOAH1m":0.0,"R_HACD1m":0.0,"R_XAND":0.0256269459,"R_AG13T1g":0.0,"R_XAO":0.0,"R_XAO2":0.0,"R_KYN3OX":0.0,"R_AG13T2g":0.0,"R_LFORKYNHYD":0.0,"R_MELATNOX":0.0,"R_URIK2":0.0,"R_ALCD21_D":0.0,"R_LCARS":0.0,"R_ALCD22_D":0.0,"R_ALCD22_L":0.0,"R_LALDO2x":0.0,"R_r0647":0.0,"R_RE1711C_2":0.0,"R_HBZOPT10m":0.0,"R_LCADi":0.0,"R_AG13T3g":0.0,"R_LCADi_D":0.0,"R_ME2m":0.0,"R_r0074":0.0042963596,"R_RE0688E":0.0,"R_RE0689E":0.0,"R_AG13T4g":0.0,"R_RE0690E":0.0,"R_MGSA":0.0425778596,"R_MGSA2":0.0,"R_AG13T5g":0.0,"R_LCARR":0.0,"R_RE0827E":0.0,"R_AG13T6g":0.0,"R_RE0828E":0.0,"R_AMY1e":0.0,"R_AG13T7g":0.0,"R_RE3367E":0.0,"R_AG13T8g":0.0,"R_SPRMS":0.0046846602,"R_CLS_cho":0.0000283436,"R_ATPS4m_cho":5.0473055547,"R_FAOXC183_9Z_12Z_15Zm":0.0,"R_FAOXC163_7Z_10Z_13Zm":0.0,"R_FAOXC204_5Z_8Z_11Z_14Zm":0.0,"R_FAOXC2242046m":0.0,"R_FAOXC226205m_cho":0.0,"R_FAOXC180":0.0,"R_FAOXC200180m":0.0,"R_FAOXC170150m":0.0,"R_FAOXC143_5Z_8Z_11Zm":0.0,"R_FAOXC102_4Z_7Zm":0.0,"R_FAOXC150130m":0.0,"R_FAOXC183_6Z_9Z_12Zm":0.0,"R_AG13T9g":0.0,"R_FAOXC163_4Z_7Z_10Zm":0.0,"R_FAOXC142_5Z_8Zm":0.0,"R_FAOXC130110m":0.0,"R_FAOXC11090m":0.0,"R_FAOXC9070m":0.0,"R_FAOXC7050m":0.0,"R_FAOXC5030m":0.0,"R_FAOXC181_9Em":0.0,"R_FAOXC161_7Em":0.0,"R_FAOXC122_3Z_6Zx":0.0,"R_FAOXC184_6Z_9Z_12Z_15Zm":0.0,"R_FAOXC164_4Z_7Z_10Z_13Zm":0.0,"R_FAOXC160140m":0.0,"R_FAOXC140120m":0.0,"R_FAOXC120100m":0.0,"R_FAOXC141_5Em":0.0,"R_FAOXC181_9Zm":0.0,"R_S23T2g":0.0,"R_FAOXC161_7Zm":0.0,"R_FAOXC141_5Zm":0.0,"R_FAOXC181_11Em":0.0,"R_FAOXC10080m":0.0,"R_FAOXC6040m":0.0,"R_FAOXC161_9Em":0.0,"R_S23T4g":0.0,"R_FAOXC141_7Em":0.0,"R_FAOXC121_5Em":0.0,"R_FAOXC204184m":0.0,"R_FAOXC2031836m":0.0,"R_FAOXC182_9Z_12Zm":0.0,"R_FAOXC162_7Z_10Zm":0.0,"R_FAOXC101_4Zm":0.0,"R_FAOXC184_3Z_6Z_9Z_12Zx":0.0,"R_2OXOADPTm":0.0,"R_34DHPHEt":-0.0098010863,"R_FAOXC182_9E_12Em":0.0,"R_FAOXC162_7E_10Em":0.0,"R_CYANSTm":0.0,"R_FAOXC142_5E_8Em":0.0,"R_FAOXC101_4Em":0.0,"R_FAOXC205_5Z_8Z_11Z_14Z_17Zm":0.0,"R_3DSPHR":0.0000913294,"R_3HAO":0.0,"R_FAOXC225_4Z_7Z_10Z_13Z_16Zm":0.0,"R_PPAer":0.0,"R_CHAT":0.0,"R_3SALATAi":0.0,"R_3SALATAim":0.0,"R_PPAn":0.0,"R_41R2A1H12BOOX":0.0,"R_CHATn":0.0,"R_CHLPCTD":0.0009311397,"R_PRDX":0.0,"R_CHOLATEt3":0.0,"R_CHOLt4":-0.0051760658,"R_4HGLSDm":0.0,"R_A_MANASEly":0.0,"R_CHSTEROLt":0.0,"R_A4GNT2g":0.0,"R_PRDXl":0.0,"R_AACOAT":0.0,"R_ACACT1r":0.0,"R_ACACT1m":-0.0046663,"R_CITtam":0.0,"R_CITtbm":0.0,"R_CK_cho":0.0,"R_CMPACNAtg":0.0,"R_CORE2GTg":0.0,"R_CORE3GTg":0.0,"R_CORE4GTg":0.0,"R_CORE6GTg":0.0,"R_ACACt2m":0.0,"R_ACCOAgt":0.0,"R_CREATt4_2_r":-1.713378841,"R_RE2269E":0.0,"R_CSNAT2m":0.0,"R_CSNAT2x":0.0,"R_CSNAT3x":0.0,"R_ACETONEt2":0.0,"R_ACETONEt2m":0.0,"R_ACGAM2E":0.0,"R_RE2513E":0.0,"R_ACGAM6PS":0.00010424,"R_ACGAMPM":0.00010424,"R_ACNAM9PL":0.0,"R_ACNAM9PL2":0.0,"R_CSNATm":0.0,"R_CSNATp":0.0,"R_CYSTA":0.0,"R_DADAe":0.0,"R_DCYTDn":0.0,"R_ACOATA":0.0,"R_ACONTm":0.0,"R_DGK1":0.0,"R_RE2541E":0.0,"R_DHCR243r":0.0006109376,"R_DHCR71r":0.0006109376,"R_DHCR72r":0.0,"R_DHORD9":0.0010221964,"R_DHORTS":-0.0010221964,"R_DHPR":0.0,"R_ACS":0.0,"R_ACTLMO":0.0,"R_ACTNMO":0.0,"R_ADAe":0.0,"R_ADK3m":0.3771117837,"R_ADNK1":0.0,"R_ADPT":0.0,"R_DMATTx":0.0012218752,"R_DOPASULT":0.0,"R_ADSL1r":0.033496076,"R_RE3381E":0.0,"R_ADSL2r":0.0313106749,"R_AGTix":0.0,"R_DPMVDx":0.0,"R_DRBK":0.0,"R_DUTPDPm":0.0001428541,"R_DUTPDPn":0.0,"R_EBP1r":0.0006109376,"R_AICART":0.0313106749,"R_EBP2r":0.0,"R_AIRCr":0.0313106749,"R_TRDR2":0.0,"R_AKGMALtm":0.0,"R_EHGLAT2m":0.0,"R_EHGLATm":0.0,"R_ALASm":0.0,"R_TRDR3":0.0,"R_ELAIDCPT1":0.0,"R_ELAIDCPT2":0.0,"R_ALR2":0.0,"R_AHEXASE2ly":0.0,"R_ENO":0.3026702158,"R_AHEXASEly":0.0,"R_ESTRONEGLCt":0.0,"R_F1PGT":0.0,"R_F6Tg":0.00002606,"R_FACOAL140":0.0,"R_FADDP":0.0,"R_ALR3":0.0,"R_AMACRp":0.0,"R_AMANK":0.0,"R_ARGLYSex":0.0,"R_ARGN":0.0162457414,"R_FCLTm":0.0,"R_FUCASEe":0.0,"R_FPGS2":0.0,"R_FPGS2m":0.0,"R_FPGS3":0.0,"R_FPGS3m":0.0,"R_FPGS5":0.0,"R_FPGS5m":0.0,"R_ARSA_cho":0.0,"R_ASNS1":0.0,"R_ASPCT":0.0010221964,"R_ASPTAm":0.0,"R_B3GALT3g_cho":0.0,"R_B3GNT11g_cho":0.0,"R_B3GNT12g_cho":0.0,"R_FPGS6":0.0,"R_FPGS6m":0.0,"R_AMY2e":0.0,"R_FPGS8":0.0,"R_FPGS8m":0.0,"R_BAAT1x":0.0,"R_BPNT":0.0,"R_FPGS9":0.0,"R_GAMYe":0.0,"R_FPGS9m":0.0,"R_FTCD":0.0024830608,"R_BTNt2i":0.0,"R_C160CPT1":0.0,"R_C160CPT2":0.0,"R_FTHFLi":0.0006109376,"R_FTHFLmi":0.0,"R_C161CPT1":0.0,"R_C161CPT12":0.0,"R_C161CPT2":0.0,"R_C161CPT22":0.0,"R_FUCASE2ly":0.0,"R_C180CPT1":0.0,"R_FUCASEly":0.0,"R_GLPASE1":0.3856687613,"R_FUMAC":0.0,"R_FUMm":0.4419185347,"R_C180CPT2":0.0,"R_C226CPT1":0.0,"R_C226CPT2":0.0,"R_C3STDH1Pr":0.0006109376,"R_FUMSO3tm":0.0,"R_G14T14g":0.0,"R_FUMSO4tm":0.0,"R_FUMtm":0.0,"R_FUMTSULtm":0.0,"R_G14T10g":0.0,"R_G14T11g":0.0,"R_C4STMO1r":0.0006109376,"R_C4STMO2Pr":0.0006109376,"R_C4STMO2r":0.0,"R_CBPS":0.0010221964,"R_G14T12g":0.0,"R_CBPSam":0.0,"R_G14T15g":0.0,"R_CDIPTr_cho":0.0000776825,"R_G14T13g":0.0,"R_CDSm_cho":0.0,"R_G14T16g":0.0,"R_CEPTC_cho":0.0009311397,"R_LNSTLSr":0.0006109376,"R_LSTO1r":0.0006109376,"R_GALASE9ly":0.0,"R_GALKr":0.0,"R_GALt2_2":0.0,"R_GALUi":4.2455070727,"R_GAO1g_cho":0.0,"R_GAO2g_cho":0.0,"R_LSTO2r":0.0,"R_M1316Mg":0.00002606,"R_GARFT":0.0313106749,"R_G14T17g":0.0,"R_GASNASE2ly":0.0,"R_GASNASE3ly":0.0,"R_GASNASEly":0.0,"R_M13N2Tg":0.00002606,"R_M16N6Tg":0.0,"R_GCHOLAt3":0.0,"R_G14T18g":0.0,"R_GDPFUCtg":0.00002606,"R_GF6PTA":0.00010424,"R_M16NTg":0.00002606,"R_MALSO3tm":0.0,"R_MALSO4tm":0.0,"R_MALtm":0.0,"R_G14T19g":0.0,"R_MALTSULtm":0.0,"R_GFUCS":0.0,"R_GGNG":0.385943343,"R_G14T20g":0.0,"R_GHMT2r":0.0176141628,"R_GHMT2rm":0.0480475629,"R_MAN1PT2":0.0002606,"R_MAN6PI":-0.00010424,"R_MCCCrm":0.0083319256,"R_MDH":-0.2591471508,"R_ME1m":0.7010656855,"R_METLEUex":0.0,"R_METS":0.0174713087,"R_GK1":0.0005652968,"R_GLAl_cho":0.0,"R_GLB1_cho":0.0,"R_GLBRAN":0.385943343,"R_GLCAASE8ly":0.0,"R_GLCAASE9ly":0.0,"R_GLCt2_2":0.0,"R_GLCURtly":0.0,"R_MEVK1x":0.0,"R_MG1er":0.00002606,"R_MGCHrm":0.0083319256,"R_GLGNS1":0.385943343,"R_MI134PP":0.0,"R_G14T21g":0.0,"R_MI14PP":0.0,"R_MM5ag":0.00002606,"R_GLUCYS":0.0,"R_G14T2g":0.0,"R_MM5bg":0.0,"R_MM5cg":0.0,"R_MM6B1ag":0.0,"R_GDHm":0.0,"R_G14T3g":0.0,"R_GLUDym":0.0042963596,"R_GluForTx":0.0024830608,"R_GLUPRT":0.0313106749,"R_MM6B1bg":0.0,"R_MM6B2g":0.0,"R_MM6bg":0.00002606,"R_MM7B1g":0.0,"R_MM7B2g":0.0,"R_MM7Cag":0.0,"R_MM7Cbg":0.00002606,"R_GLUTCOADHm":0.0,"R_GLYCLTDy":0.0,"R_GLYOX":0.0,"R_GLYt7_211_r":0.0,"R_GLYt7_311_r":0.0,"R_GMAND":0.00002606,"R_GMPR":0.0,"R_MM8Ag":0.0,"R_MM8Ber":0.0,"R_GRTTx":0.0012218752,"R_G14T4g":0.0,"R_GTHOr":0.0,"R_GTHOm":0.0,"R_MM8Cg":0.00002606,"R_MMMm":0.0071576187,"R_G14T5g":0.0,"R_GTHS":0.0,"R_GTMLTe":0.0,"R_GUAPRT":0.0,"R_NADS2":0.0,"R_HCO3_CLt":-1.7154133216,"R_G14T6g":0.0,"R_HEX1":0.0,"R_NAGA2ly":0.0,"R_NAGAly_cho":0.0,"R_HEX10":0.0,"R_G14T7g":0.0,"R_HEX4":0.0,"R_HEX7":0.0,"R_NDP7g":0.00010424,"R_NH4t3r":0.0,"R_NNMT":0.0,"R_NORANMT":0.0,"R_NTD4":0.0,"R_HKYNH":0.0,"R_HMBS":0.0,"R_HMGCOAS":0.0,"R_HOXG":0.0,"R_G14T8g":0.0,"R_HPYRRy":0.0,"R_HSD11B2r":0.0,"R_OMPDC":0.0010221964,"R_ORNTArm":0.0,"R_G14T9g":0.0,"R_ORPT":-0.0010221964,"R_P45017A1r":0.0,"R_HSD3B7P":0.0,"R_HXPRT":0.0027246379,"R_P45017A3r":0.0,"R_G14Tg":0.00002606,"R_P45019A1r":0.0,"R_G3PD2m":0.0,"R_P45019A2r":0.0,"R_P45021A1r":0.0,"R_HYXNt":0.0,"R_ILETA":0.0071576187,"R_IMPC":-0.0313106749,"R_P4508B11r":0.0,"R_IMPD":0.0005392368,"R_P4508B13r":0.0,"R_G6PDA":0.0,"R_P5CDm":0.0,"R_IPDDIx":0.0012218752,"R_ITCOAL1m":0.0,"R_KYN":0.0,"R_P5CRm":0.0,"R_G6PDH2er":0.003054688,"R_PAPStg":0.0,"R_PCFLOPm_cho":0.0,"R_PCLAD":0.0,"R_PC":0.2675422821,"R_LALDO":0.0,"R_LCYSTAT":0.0,"R_LEUTA":0.0083319256,"R_LGTHL":0.0,"R_LNELDCCPT1":0.0,"R_PDHm":0.3093320473,"R_PDX5POi":0.0,"R_PHCDm":0.0,"R_GACMTRc":0.0,"R_PI345P3P_cho":0.0,"R_PI345P3Pn_cho":0.0,"R_PEPCKm":0.0,"R_PETHCT":0.0,"R_GAL3ST11_cho":0.0,"R_PFK":0.0,"R_PI45PLC_cho":0.0,"R_PI4PLC_cho":0.0,"R_PIPLC_cho":0.0,"R_PGCD":0.0487218753,"R_PMEVKx":0.0,"R_PGMT":-0.3888194594,"R_GALASE10ly":0.0,"R_PGPPT_cho":0.0000346422,"R_PNP":0.0,"R_PPBNGS":0.0,"R_GALASE11ly":0.0,"R_PPCDC":0.0038502399,"R_PPPGOm":0.0,"R_PRAGSr":0.0313106749,"R_PRASCSi":0.0313106749,"R_PRFGS":0.0313106749,"R_TMDS":0.0001428541,"R_TMNDNCCPT1":0.0,"R_TMNDNCCPT2":0.0,"R_TRDR":0.0003581574,"R_PROSTGE1t3":0.0,"R_PROSTGE2t2":0.0,"R_TRPt":0.0032,"R_PROSTGE2t3":0.0,"R_GALASE12ly":0.0,"R_PUNP1":0.0283515838,"R_PUNP2":-0.0283515838,"R_TTDCPT1":0.0,"R_TTDCPT2":0.0,"R_TYMSULT":0.0,"R_TYRt":0.00982,"R_UAG2EMA":0.0,"R_PUNP3":0.0,"R_PUNP4":0.0,"R_PUNP5":0.0,"R_PUNP6":0.0283515838,"R_UAGDP":0.00010424,"R_UDPGALtg":0.00005212,"R_UDPGD":0.0,"R_PUNP7":0.0,"R_PYAM5PO":0.0,"R_UGALNACtg":0.0,"R_PYNP2r":0.0,"R_GALASE13ly":0.0,"R_PYRt2p":0.0,"R_PRAIS":0.0313106749,"R_UGLT":0.0,"R_UPP3S":0.0,"R_UPPDC1":0.0,"R_UPPN":0.0,"R_UREAt5":-0.0162457414,"R_HSD3B7":0.0,"R_BAAT5x":0.0,"R_PI35P3P_cho":0.0,"R_RPE":-0.0024341583,"R_RPI":-0.0024341583,"R_VALTA":0.0064582227,"R_GALASE14ly":0.0,"R_XANDp":0.0,"R_S23T3g":0.0,"R_S23Tg":0.0,"R_GALASE15ly":0.0,"R_S6TASE11ly":0.0,"R_XAO2x":0.0,"R_XAOx":0.0,"R_S6TASE12ly":0.0,"R_GALASE16ly":0.0,"R_S6TASE13ly":0.0,"R_XYLK":0.0,"R_GALASE17ly":0.0,"R_XYLUR":0.0,"R_S6TASE14ly":0.0,"R_S6TASE15ly":0.0,"R_GALt4_2":0.0,"R_S6TASE16ly":0.0,"R_GALASE18ly":0.0,"R_S6TASE17ly":0.0,"R_S6TASE18ly":0.0,"R_S6TASE19ly":0.0,"R_S6TASE20ly":0.0,"R_NNDPR":0.0,"R_SO4t4_3":0.0,"R_C14STRr":0.0006109376,"R_SPMS":0.0,"R_S6TASE21ly":0.0,"R_S6TASE23ly":0.0,"R_S6TASE24ly":0.0,"R_S6TASE25ly":0.0,"R_S6TASE26ly":0.0,"R_SPTix":0.0,"R_5MTHFt2":0.0,"R_BAAT4x_cho":0.0,"R_GALASE19ly":0.0,"R_CAATPS":0.0,"R_FOLt2":0.0,"R_SACCD3m":0.0,"R_SALMCOM2":0.0,"R_SBTD_D2":0.0,"R_FPGS":0.0,"R_GALASE1ly":0.0,"R_FPGS4":0.0,"R_FPGS4m":0.0,"R_SFGTHi":0.0,"R_GALASE20ly":0.0,"R_SGPL12r":0.0,"R_SIAT9g_cho":0.0,"R_SLDx":0.0,"R_FPGS7":0.0,"R_FPGS7m":0.0,"R_FPGSm":0.0,"R_SPODMm":0.0,"R_PYRt2m":0.0,"R_GALASE3ly":0.0,"R_SQLEr":0.0006109376,"R_SQLSr":0.0006109376,"R_ST3GAL31g_cho":0.0,"R_THFt2":0.0,"R_GALASE4ly":0.0,"R_ALR":0.0425778596,"R_LNS14DMr":0.0006109376,"R_HMGCOARx":0.0,"R_C160CRNt":0.0,"R_C161CRN2t":0.0,"R_C161CRNt":0.0,"R_SUCCtm":0.0,"R_SUCOAS1m":-0.3771117837,"R_SULFOX":0.0,"R_TALA":-0.1902695523,"R_TAURt4_2_r":0.0,"R_TCHOLAt3":0.0,"R_C180CRNt":0.0,"R_C181CRNt":0.0,"R_C181CPT1":0.0,"R_THMTP":0.0,"R_GALASE5ly":0.0,"R_EX_12HPET_e":0.0,"R_C181CPT2":0.0,"R_ACRNtm":0.0,"R_ELAIDCRNt":0.0,"R_GALASE6ly":0.0,"R_LNELDCCRNt":0.0,"R_TMNDNCCRNt":0.0,"R_RE3520E":0.0,"R_TTDCRNt":0.0,"R_RE1632C":0.0,"R_GALASE7ly":0.0,"R_FE3R2e":0.0,"R_GALASE8ly":0.0,"R_PSERT":0.0487218753,"R_PSP_L":0.0487218753,"R_LNELDCCPT2":0.0,"R_DOLDPPer":0.00002606,"R_r1527":0.0,"R_RE3236C":0.0050730053,"R_UDPDOLPT_cho":0.00007818,"R_RE2974N":0.0,"R_GLCNACPT_cho":0.00002606,"R_RTOTALCRNCPT1":0.0,"R_RTOTALCRNCPT2":0.0,"R_EX_ddca_e":0.0,"R_4MOPt2im":0.0083319256,"R_r1528":0.0,"R_RTOTALCRNt":0.0,"R_PETOHMr_cho":0.0058237696,"R_PSDm_cho":0.0060368714,"R_PGI":0.1916951114,"R_ACCOAtr":0.0,"R_r2444":0.0,"R_r0636":0.0,"R_BUP2":0.0,"R_4MOPte":0.0,"R_r0637":0.0,"R_4MPTNLte":0.0,"R_EX_cpppg1_e":0.0,"R_4MPTNLtm":0.0,"R_r0774":0.0,"R_r0997":0.0,"R_RE3076X":0.0,"R_4MTOLBUTAMIDEte":0.0,"R_RE3011R":0.0,"R_RE3237C":0.0,"R_4NPHSFte":0.0,"R_ARTFR33_cho":0.0,"R_r2236":0.0,"R_4NPHte":0.0,"R_r2237":0.0,"R_ARTFR43_cho":0.0,"R_P450LTB4r":0.0,"R_r2238":0.0,"R_4OHPROIMINOtc":0.0,"R_RE3016R":0.0,"R_4PYRDX":0.0,"R_ACOAO4p":0.0,"R_ECOAH4p":0.0,"R_r2315":0.0,"R_r2346":0.0,"R_APOCF":0.0,"R_APOCFm":0.0,"R_HACD4p":0.0,"R_ECOAH5m":0.0,"R_r1468":0.0,"R_r1487":0.0,"R_APPNNte":0.0,"R_RE3241C":0.0050730053,"R_5ADTSTSTERONEGLCtr":0.0,"R_r0444":0.0,"R_APRGSTRNte":0.0,"R_ARAB_Lt":0.0,"R_ARACHCOAtx":0.0,"R_r1000":0.0,"R_r0438":0.0,"R_ARACHDCOAtx":0.0,"R_r0440":0.0,"R_ARACHDt2":0.0,"R_5ADTSTSTERONESte":0.0,"R_ARACHDtr":0.0,"R_r1002":0.0,"R_r1003":0.0,"R_ARACHFATPc":0.0,"R_r0720":0.0,"R_ARACHt":0.0,"R_5ADTSTSTERONEte":0.0,"R_ARGATB0tc":0.0,"R_ARTCOAL1_cho":0.0,"R_ARTCOAL2_cho":0.0,"R_RE3110C":0.0,"R_RE3120C":0.0,"R_RE3106C":0.0,"R_RE3119C":0.0,"R_ARTCOAL3_cho":0.0,"R_ARTFR11_cho":0.0,"R_5ADTSTSTERONEtr":0.0,"R_ARTFR12_cho":0.014101961,"R_ARTFR13_cho":0.0,"R_EX_ttdcrn_e":0.0,"R_TDCRNe":0.0,"R_ARTFR202_cho":0.0,"R_5AOPtm":0.0,"R_ARTFR203_cho":0.0,"R_ARTFR204_cho":0.0,"R_ARTFR205_cho":0.0,"R_ARTFR206_cho":0.0,"R_ARTFR207_cho":0.0,"R_ARTFR208_cho":0.0,"R_ARTFR51_cho":0.0,"R_LGNCCOAtcx":0.0,"R_LGNCCOAtx":0.0,"R_r1367":0.0,"R_r1368":0.0,"R_r2515":0.0,"R_ARTFR209_cho":0.0,"R_ARTFR210_cho":0.0,"R_5DHFtl":0.0,"R_ARTFR211_cho":0.0,"R_ARTFR212_cho":0.0,"R_10FTHF5GLUtl":0.0,"R_5HOMEPRAZOLEte":0.0,"R_10FTHF5GLUtm":0.0,"R_10FTHF6GLUtl":0.0,"R_ARTFR213_cho":0.0,"R_ARTFR31_cho":0.0,"R_ARTFR32_cho":0.0,"R_ARTFR34_cho":0.0,"R_10FTHF6GLUtm":0.0,"R_10FTHF7GLUtl":0.0,"R_10FTHF7GLUtm":0.0,"R_ARTFR41_cho":0.0,"R_ARTFR42_cho":0.0,"R_10FTHFtl":0.0,"R_5MTAte":-0.0046846602,"R_10FTHFtm":-0.0595273515,"R_ARTFR44_cho":0.0,"R_ARTFR45_cho":0.0050730053,"R_11DOCRTSLtm":0.0,"R_ARTFR46_cho":0.0,"R_11DOCRTSLtr":0.0,"R_5OXPROt":0.0,"R_11DOCRTSTRNtm":0.0,"R_11DOCRTSTRNtr":0.0,"R_ARTFR52_cho":0.0,"R_ARTFR53_cho":0.0,"R_ARTFR54_cho":0.0,"R_ARTFR55_cho":0.0,"R_ARTFR56_cho":0.0,"R_ARTFR57_cho":0.0,"R_ARTFR61_cho":0.0,"R_1MNCAMti":0.0,"R_1PPDCRp":0.0,"R_24_25DHVITD2t":0.0,"R_24_25DHVITD2tm":0.0,"R_24_25DHVITD3t":0.0,"R_24_25DHVITD3tm":0.0,"R_24NPHte":0.0,"R_ARTPLM1":0.0203467486,"R_ARTPLM1m":0.0,"R_5THFtl":0.0,"R_ARTPLM2":-0.0010341399,"R_25HVITD2t":0.0,"R_25HVITD2tm":0.0,"R_ARTPLM2m":0.0,"R_25HVITD3t":0.0,"R_ARTPLM3":-0.000046313,"R_5THFtm":0.0,"R_ARTPLM3m":0.0,"R_ASCBOX":0.0,"R_ASCBSVCTtc":0.0,"R_ASCBt":0.0,"R_25HVITD3tm":0.0,"R_2AMACSULT":0.0,"R_2DR1PP":0.0,"R_2MB2COAc":0.0,"R_Asn_X_Ser_Thrtr":0.0,"R_ASNATB0tc":0.0,"R_6DHFtl":0.0,"R_ASNtm":0.0,"R_ASPDTDe":0.0,"R_2MCITt":0.0,"R_34DHOXPEGt":0.0,"R_ASPDxt":0.0,"R_34DHPHELAT1tc":0.0,"R_6DHFtm":0.0,"R_34HPLFM":0.0,"R_34HPPte":0.0,"R_35CGMPtn":0.0,"R_ASPte":-0.00976,"R_ATP1ter":0.0,"R_ATP2ter":0.0,"R_ATPtn":0.0,"R_ATPtx":0.0,"R_AVITE1t":0.0,"R_AVITE2t":0.0,"R_3AIB_Dtm":0.0,"R_3AIBt":0.0,"R_3AIBtm":0.0,"R_3DPHBH1":0.0,"R_BALABETAtc":0.0,"R_BALAt2r":0.0,"R_3DPHBH2":0.0,"R_6HTSTSTERONEte":0.0,"R_3HBCOARc":0.0,"R_3MLDAt":0.0,"R_3MOBt2im":0.0,"R_BALAtmr":0.0,"R_BCRNe":0.0,"R_BGLUGCHe":0.0,"R_BGLUTCHLe":0.0,"R_BGLUTDECHOe":0.0,"R_BHBt":0.0,"R_3MOBte":-0.0064582227,"R_3MOPt2im":0.0071576187,"R_6HTSTSTERONEtr":0.0,"R_3MOPt":0.0,"R_3SALAOX":0.0,"R_BHBtm":0.0,"R_BILDGLCURtr":0.0,"R_BILIRUBtr":0.0,"R_3SPYRSP":0.0,"R_6THFtl":0.0,"R_3SPYRSPm":0.0,"R_BIOCYTtn":0.0,"R_BTNTe":0.0,"R_4ABUTtm":0.0,"R_4HBZCOAFm":0.0,"R_4HBZFm":0.0,"R_4HDEBRISOQUINEte":0.0,"R_4HPRO_LTte":0.0,"R_BTNtn":0.0,"R_BVITEt":0.0,"R_C10DCc":0.0,"R_C10DCCACT":0.0,"R_C10DCe":0.0,"R_C12OHc":0.0,"R_C14OHc":0.0,"R_C4tmc":0.0,"R_C16OHc":0.0,"R_C50CPT1":0.0,"R_6THFtm":0.0,"R_C51CPT1":0.0,"R_C6DCc":0.0,"R_7DHCHSTEROLtr":0.0,"R_C6DCCACT":0.0,"R_7DHFtl":0.0,"R_C80CPT1":0.0,"R_FA160COAabcp_1":0.0,"R_7DHFtm":0.0,"R_C204CRNt":0.0,"R_C226COAtx":0.0,"R_C8CRNe":0.0,"R_C8DCc":0.0,"R_C9BRxtc":0.0,"R_ACRNtp":0.0,"R_C30CPT1":0.0,"R_CAROtr":0.0,"R_7THFtl":0.0,"R_CARPEPT1tc":0.0,"R_CARVEOLte":0.0,"R_CBASPte":0.0,"R_C40CPT1":0.0,"R_C4CRNCPT2":0.0,"R_CDPDAGtm_cho":0.0,"R_C4CRNe":0.0,"R_7THFtm":0.0,"R_C4OHc":0.0,"R_CHLtm":0.0,"R_CHOLESTTDe":0.0,"R_CHOLPtg":0.0,"R_CHOLPtl":0.0,"R_CHOLtg":0.0,"R_DGSNt":0.0,"R_DGSNtm":0.0,"R_DGTPtm_cho":0.0,"R_CHOLtn":0.0,"R_DGTPtn":0.0,"R_CHOLtr":0.0,"R_AACTtm":0.0,"R_CHSTEROLt2":0.0,"R_CHSTEROLt3":0.0,"R_DGULND":0.0,"R_DHAPtm":0.0,"R_DHCHOLESTANATEtm":0.0,"R_CHSTEROLtrc":0.0006109376,"R_ABTD":0.0,"R_CLPNDCOAtx":0.0,"R_DHEAtr":0.0,"R_DHFtl":0.0,"R_CLPNDt":0.0,"R_ABTt":0.0,"R_CMPACNAtn":0.0,"R_DHFtm":0.0001428541,"R_DHPR2":0.0025627175,"R_CO2ter":-0.0042765632,"R_ACACtx":0.0,"R_CO2tm":0.6273040615,"R_DIDPtn":0.0,"R_DIGALSGALSIDEte_cho":0.0,"R_CO2tp":0.0,"R_DIGALSGALSIDEtg_cho":0.0,"R_ACALDt":0.0,"R_DIGALSIDEtg_cho":0.0,"R_DIGALSIDEtl_cho":0.0,"R_DINt":0.0,"R_DITPtn":0.0,"R_COAtg":0.0,"R_COAtn":0.0,"R_COAtp":0.0,"R_COAtr":0.0,"R_COQ5m":0.0,"R_Coqe":0.0,"R_CORE5GTg":0.0,"R_CORE7GTg":0.0,"R_CORE8GTg":0.0,"R_DLNLCGt":0.0,"R_ACALDtm":0.0,"R_DM_13_cis_oretn_n":0.0,"R_COt":0.0,"R_COUCOAFm":0.0,"R_DM_13_cis_retn_n":0.0,"R_ACALDtx":0.0,"R_DM_Asn_X_Ser_Thr_l":0.0,"R_DM_datp_m":0.0,"R_COUMARINte":0.0,"R_CREATtmdiffir":0.0,"R_DM_datp_n":0.0,"R_ACCOAtn":0.0,"R_DM_dctp_m":0.0,"R_CRMPte_cho":0.0,"R_CRNCAR3tp":0.0,"R_DM_dctp_n":0.0,"R_DM_dgtp_m":0.0,"R_CRNCARtp":0.0,"R_ACGAGBSIDEtg_cho":0.0,"R_CRNtp":0.0,"R_CRTSLt":0.0,"R_DM_dgtp_n":0.0,"R_DM_dttp_n":0.0,"R_DM_gpi_sig_r":0.0,"R_DM_hretn_n":0.0,"R_CRTSLtm":0.0,"R_CRTSTRNt":0.0,"R_DM_oretn_n":0.0,"R_ACGAGBSIDEtl_cho":0.0,"R_DM_Ser_Gly_Ala_X_Gly_l":0.0,"R_CRTSTRNtm":0.0,"R_CRVNCtr":0.0,"R_DM_Ser_Thr_l":0.0,"R_ACGALFUCGALACGALFUC12GAL14ACGLCGALGLUSIDEte_cho":0.0,"R_DMANTIPYRINEte":0.0,"R_DMGtm":0.0,"R_DMNONCOACRNCPT1":0.0,"R_DNADtn":0.0,"R_CSAPASEly":0.0,"R_CSBPASEly":0.0,"R_CSCPASEly":0.0,"R_CSDPASEly":0.0,"R_CSEPASEly":0.0,"R_CSND":0.0,"R_DOCOSACT":0.0,"R_DOLGLCP_ter":0.00007818,"R_DOLGPP_er":0.0,"R_DOLICHOL_ter":0.0,"R_ACGALFUCGALACGALFUC12GAL14ACGLCGALGLUSIDEtg_cho":0.0,"R_DOLMANP_ter":0.00010424,"R_DOLP_ter":0.00020848,"R_CSPG_Atly":0.0,"R_CSPG_Btly":0.0,"R_CSPG_Ctly":0.0,"R_CSPG_Dtly":0.0,"R_DOLPH_er":0.0,"R_DOLPMT2_er":0.00002606,"R_CSPG_Etly":0.0,"R_ACGALFUCGALACGALFUCGALACGLCGAL14ACGLCGALGLUSIDEte_cho":0.0,"R_CTPtn":0.0,"R_DOLPMT4_er":0.00002606,"R_ACGALFUCGALACGALFUCGALACGLCGAL14ACGLCGALGLUSIDEtg_cho":0.0,"R_DOPAQNISO1":0.0,"R_DOPASFt":0.0,"R_DPCOAPPe":0.0,"R_CYANt":0.0,"R_CYANtm":0.0,"R_DPHMBDCm":0.0,"R_ACGALK2":0.0,"R_DRIBt":0.0,"R_DTDPtn":0.0,"R_CYSAMOe":0.0,"R_CYSATB0tc":0.0,"R_CYSGLTH":0.0,"R_DTMPKm":0.0,"R_DTTPtm_cho":0.0,"R_CYSSNAT5tc":0.0,"R_DTTPtn":0.0,"R_ACGALtly":0.0,"R_DUDPtn":0.0,"R_DUMPtn":0.0,"R_CYSTALArBATtc":0.0,"R_CYSTLEUrBATtc":0.0,"R_CYTDK2m":0.0,"R_CYTDtn":0.0,"R_DURIt":0.0,"R_DURItn":0.0,"R_ACGAMtly":0.0,"R_EAFLATOXINte":0.0,"R_EBASTINEOHte":0.0,"R_D_3AIBt":0.0,"R_D3AIBTm":0.0,"R_EBASTINEOHtr":0.0,"R_DADNt4":0.0,"R_EBASTINEte":0.0,"R_ACHtn":0.0,"R_EBASTINEtr":0.0,"R_DAG_CHOter":0.0,"R_DAGt_cho":0.0,"R_DALAxt":0.0,"R_EICOSTETt":0.0,"R_ELAIDt":0.0,"R_DATPtm_cho":0.0,"R_ACN13ACNGALGBSIDEte_cho":0.0,"R_DATPtn":0.0,"R_DCATDc":0.0,"R_ENGASE2ly":0.0,"R_ENGASE3ly":0.0,"R_ENGASEly":0.0,"R_DCATDr":0.0,"R_ESTRADIOLGLCtr":0.0,"R_DCSPTN1COAtx":0.0,"R_ACN13ACNGALGBSIDEtg_cho":0.0,"R_DCSPTN1COAtxc":0.0,"R_DCSPTN1t":0.0,"R_DCTPtm_cho":0.0,"R_DCTPtn":0.0,"R_DCYTt":0.0,"R_ESTRADIOLt":0.0,"R_ESTRADIOLtr":0.0,"R_ESTRONEGLCtr":0.0,"R_ESTRONEtr":0.0,"R_ETOHt":0.0,"R_ETOHtx":0.0,"R_EX_10fthf_e":0.0,"R_DDCRNe":0.0,"R_DECDPtm":0.0,"R_EX_10fthf5glu_e":0.0,"R_DESAT22_1p":0.0,"R_EX_10fthf6glu_e":0.0,"R_ACN23ACNGALGBSIDEte_cho":0.0,"R_DESAT22_2p":0.0,"R_DGCHOLte":0.0,"R_DGCHOLtx":0.0,"R_EX_10fthf7glu_e":0.0,"R_DGK2m":0.0,"R_EX_11_cis_retfa_e":0.0,"R_ACN23ACNGALGBSIDEtg_cho":0.0,"R_EX_13_cis_retnglc_e":0.0,"R_EX_1glyc_cho_e":0.0,"R_ACNACNGAL14ACGLCGALGLUSIDEte_cho":0.0,"R_EX_1mncam_e":0.0,"R_EX_2mcit_e":0.0,"R_EX_34dhoxpeg_e":0.0,"R_EX_34dhphe_e":0.0098010863,"R_EX_23cump_e":0.0,"R_ACNACNGAL14ACGLCGALGLUSIDEtg_cho":0.0,"R_EX_2425dhvitd2_e":0.0,"R_EX_34hpp_e":0.0,"R_EX_35cgmp_e":0.0,"R_EX_2425dhvitd3_e":0.0,"R_EX_24nph_e":0.0,"R_EX_25hvitd2_e":0.0,"R_EX_25hvitd3_e":0.0,"R_EX_3aib__D_e":0.0,"R_EX_3aib_e":0.0,"R_EX_3bcrn_e":0.0,"R_EX_3ddcrn_e":0.0,"R_EX_2hb_e":0.0,"R_ACNACNGALGBSIDEte_cho":0.0,"R_EX_3hexdcrn_e":0.0,"R_EX_3mlda_e":0.0,"R_EX_3mob_e":0.0064582227,"R_EX_apnnox_e":0.0,"R_ACNACNGALGBSIDEtg_cho":0.0,"R_EX_appnn_e":0.0,"R_EX_aprgstrn_e":0.0,"R_EX_3mop_e":0.0,"R_EX_3tdcrn_e":0.0,"R_ACNAMtn":0.0,"R_EX_arab__L_e":0.0,"R_ACNGALACGLCGAL14ACGLCGALGLUSIDEte_cho":0.0,"R_EX_arach_e":0.0,"R_EX_arachcoa_e":0.0,"R_EX_3ump_e":0.0,"R_ACNGALACGLCGAL14ACGLCGALGLUSIDEtg_cho":0.0,"R_EX_4abut_e":0.0,"R_EX_arachd_e":0.0,"R_EX_4abutn_e":0.0,"R_ADCim":0.0,"R_EX_4hdebrisoquine_e":0.0,"R_EX_arg__L_e":-0.02013,"R_EX_ascb__L_e":0.0,"R_EX_asn__L_e":-0.04058,"R_EX_asp__D_e":0.0,"R_EX_4hphac_e":0.0,"R_EX_4hpro_LT_e":0.0,"R_EX_4mop_e":0.0,"R_EX_asp__L_e":-0.00976,"R_EX_atp_e":0.0,"R_EX_avite1_e":0.0,"R_EX_avite2_e":0.0,"R_EX_bglc_e":0.0,"R_EX_4mptnl_e":0.0,"R_EX_4mtolbutamide_e":0.0,"R_EX_4nph_e":0.0,"R_EX_4nphsf_e":0.0,"R_EX_bhb_e":0.0,"R_ADNK1m":0.0,"R_EX_4pyrdx_e":0.0,"R_EX_bildglcur_e":0.0,"R_EX_5adtststerone_e":0.0,"R_ADNK3":0.0,"R_EX_5adtststeroneglc_e":0.0,"R_EX_5adtststerones_e":0.0,"R_EX_5dhf_e":0.0,"R_EX_bilirub_e":0.0,"R_EX_biocyt_e":0.0,"R_EX_btn_e":0.0,"R_EX_but_e":0.0,"R_EX_5fthf_e":0.0,"R_EX_5homeprazole_e":0.0,"R_EX_bvite_e":0.0,"R_ADNK4":0.0,"R_EX_C02470_e":0.0,"R_EX_C02528_e":0.0,"R_EX_5htrp_e":0.0,"R_EX_5mta_e":0.0046846602,"R_EX_C04849_e":0.0,"R_EX_5mthf_e":0.0,"R_ADPACDAc":0.0,"R_EX_5oxpro_e":0.0,"R_EX_5thf_e":0.0,"R_EX_c10dc_e":0.0,"R_EX_c4crn_e":0.0,"R_EX_c51crn_e":0.0,"R_EX_c8crn_e":0.0,"R_EX_camp_e":0.0,"R_EX_carn_e":0.0,"R_EX_caro_e":0.0,"R_EX_6dhf_e":0.0,"R_EX_6htststerone_e":0.0,"R_EX_6thf_e":0.0,"R_EX_7dhf_e":0.0,"R_EX_7thf_e":0.0,"R_EX_9_cis_retfa_e":0.0,"R_EX_carveol_e":0.0,"R_EX_cbasp_e":0.0,"R_EX_abt_e":0.0,"R_EX_cdp_e":0.0,"R_EX_ac_e":0.0,"R_ADPACTD":0.0,"R_EX_acac_e":0.0,"R_EX_acald_e":0.0,"R_EX_acetone_e":0.0,"R_EX_CE0074_e":0.0256269459,"R_EX_CE1925_e":0.0,"R_EX_CE1926_e":0.0,"R_EX_CE1935_e":0.0,"R_EX_CE1936_e":0.0,"R_EX_acgalfucgalacgalfuc12gal14acglcgalgluside_cho_e":0.0,"R_ADPCOACROT":0.0,"R_EX_acgalfucgalacgalfucgalacglcgal14acglcgalgluside_cho_e":0.0,"R_EX_acgam_e":0.0,"R_EX_ach_e":0.0,"R_EX_CE1939_e":0.0,"R_EX_CE1940_e":0.0,"R_EX_CE1943_e":0.0,"R_EX_CE2011_e":0.0,"R_EX_CE2250_e":0.0,"R_EX_acmana_e":0.0,"R_EX_acn13acngalgbside_cho_e":0.0,"R_EX_CE2838_e":0.0,"R_ADPCOAPTE":0.0,"R_EX_CE2839_e":0.0,"R_EX_CE2915_e":0.0,"R_EX_CE2916_e":0.0,"R_EX_acn23acngalgbside_cho_e":0.0,"R_EX_acnacngal14acglcgalgluside_cho_e":0.0,"R_EX_acnacngalgbside_cho_e":0.0,"R_EX_acngalacglcgal14acglcgalgluside_cho_e":0.0,"R_EX_ade_e":0.0,"R_EX_adn_e":0.0,"R_EX_CE2917_e":0.0,"R_ADPtx":0.0,"R_EX_adp_e":0.0,"R_EX_adprbp_e":0.0,"R_EX_adprib_e":0.0,"R_EX_CE4633_e":0.0,"R_EX_CE4722_e":0.0,"R_EX_adrn_e":0.0,"R_ADRNCOAtx":0.0,"R_EX_adrnl_e":0.0,"R_EX_aflatoxin_e":0.0,"R_EX_ahcys_e":0.0,"R_EX_CE4723_e":0.0,"R_EX_CE4724_e":0.0,"R_EX_ahdt_e":0.0,"R_EX_aicar_e":0.0,"R_EX_CE4881_e":0.0,"R_EX_ak2lgchol_cho_e":0.0,"R_ADRNt":0.0,"R_EX_akg_e":0.0,"R_EX_ala_B_e":0.0046846602,"R_EX_CE5786_e":0.0,"R_EX_CE5788_e":0.0,"R_EX_CE5789_e":0.0,"R_EX_CE5797_e":0.0,"R_EX_ala__D_e":0.0,"R_EX_ala__L_e":0.0113,"R_EX_CE5798_e":0.0,"R_AFLATOXINte":0.0,"R_EX_CE5853_e":0.0,"R_EX_CE5854_e":0.0,"R_EX_CE5867_e":0.0,"R_EX_CE5868_e":0.0,"R_EX_CE5869_e":0.0,"R_EX_alaala_e":0.0,"R_EX_aldstrn_e":0.0,"R_EX_amp_e":0.0,"R_EX_andrstrn_e":0.0,"R_EX_andrstrnglc_e":0.0,"R_EX_anth_e":0.0,"R_EX_antipyrene_e":0.0,"R_EX_cgly_e":0.0,"R_EX_chol_e":0.0051760658,"R_AHCYStm":0.0,"R_EX_cholate_e":0.0,"R_EX_chsterol_e":0.0,"R_EX_crm_cho_e":0.0,"R_EX_chtn_e":0.0,"R_AHCYSte":0.0,"R_EX_cit_e":0.0,"R_EX_citr__L_e":0.0,"R_EX_crmp_cho_e":0.0,"R_AHCYStr":-0.0174713087,"R_EX_crn_e":0.0,"R_EX_cl_e":0.0,"R_EX_clpnd_e":0.0,"R_EX_crtsl_e":0.0,"R_AICARte":0.0,"R_EX_crtstrn_e":0.0,"R_EX_cmp_e":0.0,"R_EX_co_e":0.0,"R_EX_crvnc_e":0.0,"R_AK2LGCHOLt_cho":0.0,"R_EX_csn_e":0.0,"R_EX_cspg_a_e":0.0,"R_EX_co2_e":0.0,"R_EX_coa_e":0.0,"R_EX_coumarin_e":0.0,"R_EX_creat_e":0.0,"R_EX_cspg_b_e":0.0,"R_EX_cspg_c_e":0.0,"R_EX_cspg_d_e":0.0,"R_EX_cspg_e_e":0.0,"R_ALA_DTDe":0.0,"R_EX_ctp_e":0.0,"R_EX_cyan_e":0.0,"R_EX_galfucgalacglcgal14acglcgalgluside_cho_e":0.0,"R_EX_galgalfucfucgalacglcgalacglcgal14acglcgalgluside_cho_e":0.0,"R_EX_galside_cho_e":0.0,"R_EX_cys__L_e":-0.00539,"R_ALAALACNc":0.0,"R_EX_cysam_e":0.0,"R_EX_cytd_e":0.0,"R_EX_gam_e":0.0,"R_EX_gbside_cho_e":0.0,"R_EX_dad_2_e":0.0,"R_EX_gchola_e":0.0,"R_ALAALAPEPT1tc":0.0,"R_EX_gd1b2_cho_e":0.0,"R_EX_gd1c_cho_e":0.0,"R_EX_dag_cho_e":0.0,"R_EX_dca_e":0.0,"R_EX_dchac_e":0.0,"R_EX_gdp_e":0.0,"R_EX_glc__D_e":-0.1979,"R_EX_dcsptn1_e":0.0,"R_ALAATB0tc":0.0,"R_EX_dcyt_e":0.0,"R_EX_glcur_e":0.0,"R_EX_glgchlo_e":0.0,"R_EX_debrisoquine_e":0.0,"R_EX_gln__L_e":-0.0674,"R_EX_dgchol_e":0.0,"R_EX_gltcho_e":0.0,"R_ALAyLATthc":0.0,"R_EX_gltdechol_e":0.0,"R_EX_dgmp_e":0.0,"R_EX_dgsn_e":0.0,"R_EX_dgtp_e":0.0,"R_EX_dha_e":0.0,"R_EX_dhap_e":0.0,"R_EX_glu__L_e":0.0095,"R_EX_gluala_e":0.0,"R_EX_gly_e":0.0209,"R_EX_dhdascb_e":0.0,"R_EX_glyb_e":0.0,"R_EX_dheas_e":0.0,"R_EX_glyc_e":0.0,"R_ALDSTRNte":0.0,"R_EX_glyc__S_e":0.0,"R_EX_glygly_e":0.0,"R_EX_glygn2_e":0.0,"R_EX_dhf_e":0.0,"R_EX_digalsgalside_cho_e":0.0,"R_EX_din_e":0.0,"R_EX_dlnlcg_e":0.0,"R_EX_dmantipyrine_e":0.0,"R_EX_glygn4_e":0.0,"R_EX_glygn5_e":0.0,"R_EX_dopa_e":0.0,"R_EX_glyleu_e":0.0,"R_ALDSTRNtm":0.0,"R_EX_glyphe_e":0.0,"R_EX_dopasf_e":0.0,"R_EX_dpcoa_e":0.0,"R_EX_glypro_e":0.0,"R_AMCOXO":0.0,"R_EX_glysar_e":0.0,"R_EX_drib_e":0.0,"R_EX_dtdp_e":0.0,"R_EX_gmp_e":0.0,"R_AMETr":0.0174713087,"R_EX_gp1c_cho_e":0.0,"R_EX_gp1calpha_cho_e":0.0,"R_EX_gq1b_cho_e":0.0,"R_EX_gq1balpha_cho_e":0.0,"R_EX_gsn_e":0.0,"R_EX_gt1a_cho_e":0.0,"R_EX_gthox_e":0.0,"R_EX_gthrd_e":0.0,"R_EX_dtmp_e":0.0,"R_EX_dttp_e":0.0,"R_EX_duri_e":0.0,"R_EX_eaflatoxin_e":0.0,"R_EX_ebastine_e":0.0,"R_EX_ebastineoh_e":0.0,"R_EX_eicostet_e":0.0,"R_EX_elaid_e":0.0,"R_EX_estradiol_e":0.0,"R_EX_gtp_e":0.0,"R_EX_gua_e":0.0,"R_EX_gum_e":0.0,"R_EX_gumdchac_e":0.0,"R_EX_estradiolglc_e":0.0,"R_EX_estroneglc_e":0.0,"R_EX_gumgchol_e":0.0,"R_AMETtm":0.0,"R_EX_gumtchol_e":0.0,"R_EX_estrones_e":0.0,"R_EX_etoh_e":0.0,"R_EX_fad_e":0.0,"R_EX_h_e":1.1925302596,"R_EX_ha_e":0.0,"R_EX_fald_e":0.0,"R_AMPtp":0.0,"R_EX_fe2_e":0.0,"R_EX_ha_pre1_e":0.0,"R_EX_HC00229_e":0.0,"R_EX_fe3_e":0.0,"R_ANDRSTRNGLCtr":0.0,"R_EX_fmn_e":0.0,"R_EX_HC00250_e":0.0,"R_EX_HC00822_e":0.0,"R_EX_HC00955_e":0.0,"R_EX_HC01104_e":0.0,"R_EX_HC01361_e":0.0,"R_EX_HC01440_e":0.0,"R_EX_HC01441_e":0.0,"R_EX_fol_e":0.0,"R_EX_for_e":0.0,"R_EX_fru_e":0.0,"R_EX_fuc__L_e":0.0,"R_EX_fuc13galacglcgal14acglcgalgluside_cho_e":0.0,"R_EX_HC01444_e":0.0,"R_EX_HC01446_e":0.0,"R_EX_HC01577_e":0.0,"R_ANDRSTRNte":0.0,"R_EX_HC01609_e":0.0,"R_EX_HC01700_e":0.0,"R_EX_HC02160_e":0.0,"R_EX_fuc14galacglcgalgluside_cho_e":0.0,"R_EX_fucacgalfucgalacglcgalgluside_cho_e":0.0,"R_EX_fucacngal14acglcgalgluside_cho_e":0.0,"R_EX_fucacngalacglcgalgluside_cho_e":0.0,"R_EX_fucfuc12gal14acglcgalgluside_cho_e":0.0,"R_EX_HC02161_e":0.0,"R_EX_HC02202_e":0.0,"R_ANDRSTRNtr":0.0,"R_EX_HC02203_e":0.0,"R_EX_HC02204_e":0.0,"R_EX_fucfuc132galacglcgal14acglcgalgluside_cho_e":0.0,"R_EX_fucfucfucgalacglc13galacglcgal14acglcgalgluside_cho_e":0.0,"R_EX_fucfucfucgalacglcgal14acglcgalgluside_cho_e":0.0,"R_EX_HC02205_e":0.0,"R_ANTHte":0.0,"R_EX_HC02206_e":0.0,"R_EX_HC02207_e":0.0,"R_EX_fucfucgalacglcgalgluside_cho_e":0.0,"R_EX_fucgal14acglcgalgluside_cho_e":0.0,"R_EX_fucgalfucgalacglcgalgluside_cho_e":0.0,"R_EX_fucgalgbside_cho_e":0.0,"R_EX_g1p_e":0.0,"R_EX_gal_e":0.0,"R_EX_hco3_e":1.1008833495,"R_EX_hcoumarin_e":0.0,"R_EX_hdca_e":0.0,"R_EX_hdcea_e":0.0,"R_EX_hestratriol_e":0.0,"R_EX_galacglcgalgbside_cho_e":0.0,"R_EX_galfuc12gal14acglcgalgluside_cho_e":0.0,"R_EX_hexc_e":0.0,"R_ANTIPYRENEte":0.0,"R_EX_his__L_e":-0.00407,"R_EX_hista_e":0.0,"R_EX_hom__L_e":0.0,"R_EX_hpdca_e":0.0,"R_EX_hyptaur_e":0.0,"R_AOBUTDsm":0.0,"R_EX_i_e":0.0,"R_EX_hspg_e":0.0,"R_EX_htaxol_e":0.0,"R_APNNOXte":0.0,"R_EX_hxan_e":0.0,"R_EX_idour_e":0.0,"R_EX_idp_e":0.0,"R_EX_ile__L_e":-0.01055,"R_APOC_LYS_BTNP":0.0,"R_EX_imp_e":0.0,"R_EX_pglyc_cho_e":0.0,"R_EX_inost_e":0.0,"R_APOC_LYS_BTNPm":0.0,"R_EX_ins_e":0.0,"R_EX_ivcrn_e":0.0,"R_EX_ksi_deg1_e":0.0,"R_EX_phe__L_e":-0.00592,"R_EX_pheacgln_e":0.0,"R_EX_pheme_e":0.0,"R_EX_pi_e":-0.0028432842,"R_EX_pnto__R_e":0.0,"R_EX_ppa_e":0.0,"R_EX_ppi_e":0.0,"R_EX_ksi_e":0.0,"R_EX_ksii_core2_e":0.0,"R_EX_ksii_core4_e":0.0,"R_EX_lac__D_e":0.0,"R_EX_lac__L_e":0.1208,"R_EX_lcts_e":0.0,"R_EX_prgstrn_e":0.0,"R_EX_pro__L_e":-0.00847,"R_EX_thym_e":0.0,"R_EX_progly_e":0.0,"R_EX_prostgd2_e":0.0,"R_EX_prostge1_e":0.0,"R_EX_prostge2_e":0.0,"R_EX_prostgf2_e":0.0,"R_EX_prostgh2_e":0.0,"R_EX_prostgi2_e":0.0,"R_EX_prpp_e":0.0,"R_EX_cysi__L_e":0.0,"R_EX_leu__L_e":-0.01567,"R_EX_leugly_e":0.0,"R_EX_leuktrA4_e":0.0,"R_EX_leuktrB4_e":0.0,"R_EX_leuktrC4_e":0.0,"R_EX_leuktrD4_e":0.0,"R_EX_leuktrE4_e":0.0,"R_EX_leuktrF4_e":0.0,"R_EX_leuleu_e":0.0,"R_EX_lgnc_e":0.0,"R_EX_limnen_e":0.0,"R_EX_ps_cho_e":0.0,"R_EX_psyl_e":0.0,"R_EX_psylchol_e":0.0,"R_EX_psyltchol_e":0.0,"R_EX_psyltdechol_e":0.0,"R_EX_ptdca_e":0.0,"R_EX_ptrc_e":0.0,"R_EX_ptth_e":0.0,"R_EX_pydam_e":0.0,"R_EX_lneldc_e":0.0,"R_EX_lnlc_e":0.0,"R_EX_lnlnca_e":0.0,"R_EX_lnlncg_e":0.0,"R_EX_lpchol_cho_e":0.0,"R_EX_lys__L_e":-0.01403,"R_EX_mag_cho_e":0.0,"R_EX_pydx_e":0.0,"R_EX_pydx5p_e":0.0,"R_EX_pydxn_e":0.0,"R_EX_pyr_e":0.0,"R_EX_mal__L_e":0.0,"R_EX_q10_e":0.0,"R_EX_thymd_e":0.0,"R_EX_q10h2_e":0.0,"R_EX_rbt_e":0.0,"R_EX_malcoa_e":0.0,"R_EX_malt_e":0.0,"R_EX_malthp_e":0.0,"R_EX_malthx_e":0.0,"R_EX_retfa_e":0.0,"R_EX_thyox__L_e":0.0,"R_EX_retinol_9_cis_e":0.0,"R_EX_retinol_cis_11_e":0.0,"R_EX_retinol_e":0.0,"R_EX_maltpt_e":0.0,"R_EX_malttr_e":0.0,"R_EX_maltttr_e":0.0,"R_EX_retn_e":0.0,"R_EX_tmndnc_e":0.0,"R_EX_retnglc_e":0.0,"R_EX_rib__D_e":0.0,"R_EX_man_e":0.0,"R_EX_meoh_e":0.0,"R_EX_ribflv_e":0.0,"R_EX_mepi_e":0.0,"R_EX_tolbutamide_e":0.0,"R_EX_mercplaccys_e":0.0,"R_EX_met__L_e":-0.00632,"R_EX_mthgxl_e":0.0,"R_EX_n2m2nmasn_e":0.0,"R_EX_Rtotal_e":0.0,"R_EX_Rtotal2_e":0.0,"R_EX_Rtotal3_e":0.0,"R_EX_s2l2fn2m2masn_e":0.0,"R_EX_s2l2n2m2masn_e":0.0,"R_EX_sarcs_e":0.0,"R_EX_nac_e":0.0,"R_EX_nad_e":0.0,"R_EX_tre_e":0.0,"R_EX_nadp_e":0.0,"R_EX_ncam_e":0.0,"R_EX_sbt__D_e":0.0,"R_EX_ser__D_e":0.0,"R_EX_ser__L_e":-0.04813,"R_EX_nh4_e":0.08332,"R_EX_slfcys_e":0.0,"R_EX_no_e":0.0,"R_EX_sl__L_e":0.0,"R_EX_triodthy_e":0.0,"R_EX_so4_e":0.0,"R_EX_no2_e":0.0,"R_EX_npthl_e":0.0,"R_EX_triodthysuf_e":0.0,"R_EX_nrpphr_e":0.0,"R_EX_nrpphrsf_e":0.0,"R_EX_spc_cho_e":0.0,"R_EX_sph1p_e":0.0,"R_EX_nrvnc_e":0.0,"R_EX_sphs1p_e":0.0,"R_EX_trp__L_e":-0.0032,"R_EX_spmd_e":0.0,"R_EX_sprm_e":0.0,"R_EX_o2_e":-1.125,"R_EX_oagt3_cho_e":0.0,"R_EX_ocdca_e":0.0,"R_EX_ocdcea_e":0.0,"R_EX_octa_e":0.0,"R_EX_omeprazole_e":0.0,"R_EX_onpthl_e":0.0,"R_EX_orn_e":0.0162457414,"R_EX_srtn_e":0.0,"R_EX_strch1_e":0.0,"R_EX_strch2_e":0.0,"R_EX_strdnc_e":0.0,"R_EX_succ_e":0.0,"R_EX_sucr_e":0.0,"R_EX_tag_cho_e":0.0,"R_EX_orot_e":0.0,"R_EX_oxa_e":0.0,"R_EX_taur_e":0.0038502399,"R_EX_tststerone_e":0.0,"R_EX_taxol_e":0.0,"R_EX_tchola_e":0.0,"R_EX_tcynt_e":0.0,"R_EX_tdchola_e":0.0,"R_EX_paf_cho_e":0.0,"R_EX_pan4p_e":0.0,"R_EX_pchol_cho_e":0.0,"R_EX_pe_cho_e":0.0,"R_EX_tdechola_e":0.0,"R_EX_tethex3_e":0.0,"R_EX_pect_e":0.0,"R_EX_tetpent3_e":0.0,"R_EX_pectindchac_e":0.0,"R_EX_tststeroneglc_e":0.0,"R_EX_pectingchol_e":0.0,"R_EX_pectintchol_e":0.0,"R_EX_tetpent6_e":0.0,"R_EX_tettet6_e":0.0,"R_EX_thf_e":0.0,"R_EX_peplys_e":0.0076447193,"R_EX_perillyl_e":0.0,"R_EX_thm_e":0.0,"R_EX_thmmp_e":0.0,"R_EX_thmtp_e":0.0,"R_EX_thr__L_e":-0.01058,"R_GALACGLCGALGBSIDEtg_cho":0.0,"R_EX_tststerones_e":0.0,"R_GALFUC12GAL14ACGLCGALGLUSIDEte_cho":0.0,"R_GALFUC12GAL14ACGLCGALGLUSIDEtg_cho":0.0,"R_GALFUCGALACGLCGAL14ACGLCGALGLUSIDEte_cho":0.0,"R_HISyLATthc":0.0,"R_HMGCOAtm":-0.0036656256,"R_GALFUCGALACGLCGAL14ACGLCGALGLUSIDEtg_cho":0.0,"R_EX_tsul_e":0.0,"R_GALGALFUCFUCGALACGLCGALACGLCGAL14ACGLCGALGLUSIDEte_cho":0.0,"R_GALGALFUCFUCGALACGLCGALACGLCGAL14ACGLCGALGLUSIDEtg_cho":0.0,"R_HMGCOAtx":0.0,"R_HPACtr":0.0,"R_HPDCAt":0.0,"R_HPYRDC":0.0,"R_HPYRtp":0.0,"R_GALGLUSIDEtg_cho":0.0,"R_GALGLUSIDEtl_cho":0.0,"R_GALSGLT1le":0.0,"R_HRETNtn":0.0,"R_EX_ttdca_e":0.0,"R_HSPASEly":0.0,"R_HSPGtly":0.0,"R_HTAXOLte":0.0,"R_GALSIDEtg_cho":0.0,"R_GALSIDEtl_cho":0.0,"R_GALtly":0.0,"R_GBSIDEte_cho":0.0,"R_HTDCACBP":0.0,"R_HTDCRNe":0.0,"R_GBSIDEtl_cho":0.0,"R_EX_txa2_e":0.0,"R_GCHOLAte":0.0,"R_GCHOLAtx":0.0,"R_GD1B2te_cho":0.0,"R_GD1B2tg_cho":0.0,"R_GD1Cte_cho":0.0,"R_GD1Ctg_cho":0.0,"R_GDPtg":0.0,"R_Htg":0.0002606,"R_Htr":-0.0183167863,"R_Htx":0.0,"R_HXANtx":0.0,"R_HYPTROX_cho":0.0,"R_HYPTROXe":0.0,"R_IDOURte":0.0,"R_GLACter":0.0,"R_GLCSGLT1le":0.0,"R_GLCter":-0.00007818,"R_IDPtn":0.0,"R_EX_tymsf_e":0.0,"R_ILEATB0tc":0.01055,"R_ILEtmi":0.0,"R_INSK":0.0,"R_GLCtly":0.0,"R_GLCURter":0.0,"R_GLNATB0tc":0.0,"R_GLNtm":0.0,"R_IPDPtx":-0.0036656256,"R_ITPtn":0.0,"R_GLNyLATthc":0.0,"R_EX_Tyr_ggn_e":0.0,"R_GLRASE":0.0,"R_GLU5SAtmc":0.0,"R_GLUt7l":0.0,"R_IVCOAACBP":0.0,"R_IVCRNe":0.0,"R_KDNH":0.0,"R_Kt3r":0.0,"R_GLUtr":0.0,"R_GLXtm":0.0,"R_KSII_CORE2t":0.0,"R_EX_tyr__L_e":-0.00982,"R_KSII_CORE2tly":0.0,"R_KSII_CORE4t":0.0,"R_KSII_CORE4tly":0.0,"R_KSIt":0.0,"R_KSItly":0.0,"R_L_LACt4r":0.0,"R_LACLt":0.0,"R_GLXtp":0.0,"R_GLY3Pt":0.0,"R_GLYBtm":0.0,"R_GLYC_St":0.0,"R_G3PDm":0.0,"R_GLYC3Ptm":0.0,"R_GLYCLTtp":0.0,"R_GLYCtm":0.0,"R_GLYGLYCNc":0.0,"R_LAPCOAe":0.0,"R_LCTStg":0.0,"R_LEUATB0tc":0.0,"R_LEUGLYHYc":0.0,"R_GLYGLYPEPT1tc":0.0,"R_EX_udp_e":0.0,"R_GLYLEUHYDROc":0.0,"R_GLYLEUPEPT1tc":0.0,"R_GLYPHEHYc":0.0,"R_LEUGLYPEPT1tc":0.0,"R_LEUKTRA4t":0.0,"R_LEUKTRA4tr":0.0,"R_LEUKTRB4t":0.0,"R_GLYPHEPEPT1tc":0.0,"R_LEUKTRD4t":0.0,"R_GLYPROPEPT1tc":0.0,"R_EX_udpg_e":0.0,"R_GLYPROPRO1c":0.0,"R_GLYSARCNc":0.0,"R_GLYSARPEPT1tc":0.0,"R_LEUKTRD4tr":0.0,"R_LEUKTRE4t":0.0,"R_LEUKTRF4t":0.0,"R_LEULEULAPc":0.0,"R_LEULEUPEPT1tc":0.0,"R_LEUt5m":0.0,"R_LEUyLAThtc":0.01567,"R_LGNCt":0.0,"R_LIMNENte":0.0,"R_GLYSNAT5tc":0.0,"R_GLYtm":-0.0365677744,"R_GLYtp":0.0,"R_GMPtg":0.0,"R_GMPtn":0.0,"R_GNDer":0.003054688,"R_GP1CALPHAte_cho":0.0,"R_GP1CALPHAtg_cho":0.0,"R_LINKDEG1ly":0.0,"R_LINKDEG2ly":0.0,"R_LINKDEG3ly":0.0,"R_GP1Cte_cho":0.0,"R_LINKDEG4ly":0.0,"R_GP1Ctg_cho":0.0,"R_EX_udpgal_e":0.0,"R_GQ1BALPHAte_cho":0.0,"R_GQ1BALPHAtg_cho":0.0,"R_GQ1Bte_cho":0.0,"R_GQ1Btg_cho":0.0,"R_LINOFATPtc":0.0,"R_LNELDCt":0.0,"R_LNLCt":0.0,"R_LNLNCAt":0.0,"R_LNLNCGt":0.0,"R_LPCHOLt_cho":0.0,"R_GT1Ate_cho":0.0,"R_EX_ump_e":0.0,"R_GT1Atg_cho":0.0,"R_GTHRDt":0.0,"R_LRAT1_cho":0.0,"R_LRAT2_cho":0.0,"R_EX_ura_e":0.0,"R_LTC4CP":0.0,"R_GTHRDtr":0.0,"R_GULLACter":0.0,"R_GULNter":0.0,"R_GUMDCHAe":0.0,"R_GUMGCHLe":0.0,"R_LTD4DP":0.0,"R_LYSATB0tc":0.0,"R_LYSOXp":0.0,"R_LYStip":0.0,"R_LYStn":0.0076447193,"R_M4MPDOL_ter":0.00002606,"R_GUMTCHOLe":0.0,"R_GUR1PP":0.0,"R_H2O2t":-0.0256269459,"R_M7MASNBterg":0.0,"R_M8MASNterg":0.00002606,"R_H2O2tly":0.0,"R_EX_urate_e":0.0,"R_H2O2tm":0.0,"R_H2O2tn":0.0,"R_H2O2tp":0.0,"R_H2Otly":0.0,"R_H2Otn":0.0,"R_H2Otp":0.0,"R_MAGt_cho":0.0,"R_MALt":0.0,"R_MAL_Ltx":0.0,"R_HAtly":0.0,"R_EX_urea_e":0.0418726873,"R_HCOUMARINte":0.0,"R_HDCAter":0.0,"R_MANter":0.0,"R_MANtg":0.00015636,"R_MANtly":0.0,"R_MCITS":0.0,"R_HDD2COAtx":0.0,"R_EX_uri_e":0.0,"R_HDDACBP":0.0,"R_HDECAACBP":0.0,"R_HESTRATRIOLte":0.0,"R_MCLACCYSR":0.0,"R_HESTRATRIOLtr":0.0,"R_EX_utp_e":0.0,"R_HEXCCOAtx":0.0,"R_HEXCt":0.0,"R_HEXDCRNe":0.0,"R_HISyLATtc":0.0,"R_MDHp":0.0,"R_MEOHt2":0.0,"R_MEOHtly":0.0,"R_MEPIVESSte_cho":0.0,"R_MERCPLACCYSt":0.0,"R_METATB0tc":0.0,"R_EX_vacc_e":0.0,"R_METyLATthc":0.0,"R_MG2er":0.00002606,"R_MG3er":0.00002606,"R_MI1P_Dtn":0.0,"R_MINOHPtn":0.0,"R_MMTSADm":0.0071576187,"R_MTHGXLt":0.0,"R_MI13PP":0.0,"R_MI14Ptn":0.0,"R_N2M2NMASNt":0.0,"R_EX_val__L_e":-0.01246,"R_N2M2NMASNtly":0.0,"R_N4Tg":0.0,"R_NACASPtm":0.0,"R_PGPP_cho":0.0000346422,"R_PHACCOAGLNAC":0.0,"R_PHEACGLNt":0.0,"R_NACt":0.0,"R_EX_vitd3_e":0.0,"R_NACHORCTL3le":0.0,"R_NADHtpu":0.0,"R_PHEATB0tc":0.0,"R_PHEMEtm":0.0,"R_NADHtru":0.0,"R_PHEyLATthc":0.0,"R_EX_whddca_e":0.0,"R_PHYQt":0.0,"R_PI345P5Pn_cho":0.0,"R_PI34P4Pn_cho":0.0,"R_PI34P5Kn_cho":0.0,"R_PI3P4Kn_cho":0.0,"R_PI45P3Kn_cho":0.0,"R_NADN":0.0,"R_NADPHtru":0.0,"R_NADPHtxu":0.0,"R_NADPtru":0.0,"R_NADPtxu":0.0,"R_NADtn":0.0,"R_NADtru":0.0,"R_PI45P4P_cho":0.0,"R_PI45P5Pn_cho":0.0,"R_PI4P3Kn_cho":0.0,"R_EX_whhdca_e":0.0,"R_PI4P5Kn_cho":0.0,"R_PI4PP_cho":0.0,"R_EX_whttdca_e":0.0,"R_PI5P4Kn_cho":0.0,"R_PIK3n_cho":0.0,"R_NADtx":0.0,"R_PIK4n_cho":0.0,"R_EX_xolest_cho_e":0.0,"R_PIK5n_cho":0.0,"R_PIter":0.00002606,"R_NAGLCAly":0.0,"R_NCAMUP":0.0,"R_NDP6":0.0,"R_PItg":0.0001303,"R_NDP7er":0.0,"R_EX_xolest2_cho_e":0.0,"R_NH4tn":0.0,"R_NH4tp":0.0,"R_PItn":0.0,"R_PItx":0.0,"R_PMTCOAFABP1tc":0.0,"R_EX_xoltri24_e":0.0,"R_PMTCOAtx":0.0,"R_PNTEHe":0.0,"R_EX_xoltri25_e":0.0,"R_PNTOte":0.0,"R_PPAtr":0.0,"R_PPAtm":0.0,"R_PPD2CSPp":0.0,"R_PPItm":4.3371009664,"R_PPItr":-0.0012218752,"R_NICRNTtn":0.0,"R_NMNtn":0.0,"R_NOt":0.0,"R_NPTHLte":0.0,"R_NRPPHRSFt":0.0,"R_NRVNCCOAtx":0.0,"R_PPItx":-0.0024437504,"R_PPMI12346Ptn":0.0,"R_PPPG9tm":0.0,"R_NRVNCCOAtxc":0.0,"R_PRGNLONEtm":0.0,"R_NRVNCt":0.0,"R_EX_xoltri27_e":0.0,"R_O2St":0.0,"R_PRGNLONEtr":0.0,"R_PRGSTRNt":0.0,"R_PRISTANALtx":0.0,"R_O2Stm":-0.0217017581,"R_PRISTCOAtcx":0.0,"R_EX_xyl__D_e":0.0,"R_PRISTCOAtx":0.0,"R_O2Stn":0.0,"R_O2Stx":0.0,"R_PRISTtx":0.0,"R_EX_xylt_e":0.0,"R_PRO_Dtde":0.0,"R_PROGLYPEPT1tc":0.0,"R_O2t":1.125,"R_O2ter":0.0054984385,"R_AMPTASEPG":0.0,"R_O2tm":1.085087907,"R_EX_yvite_e":0.0,"R_O2tn":0.0,"R_O2tp":0.0,"R_PROIMINOtc":0.0,"R_PROSTGH2t":0.0,"R_PROSTGI2t":0.0,"R_PROSTGI2tr":0.0,"R_PROtm":0.0042963596,"R_PSt3_cho":0.0,"R_PSYGCHe":0.0,"R_PSYTCHe":0.0,"R_OAADCm":-0.3304885659,"R_OAGD3te_cho":0.0,"R_OAGD3tg_cho":0.0,"R_F1Atg":0.0,"R_OAGT3te_cho":0.0,"R_OAGT3tg_cho":0.0,"R_PSYTDECHe":0.0,"R_PTRCtex2":0.0,"R_PTDCAt":0.0,"R_PTPATe":0.0,"R_FADH2ETC_1":0.3771117837,"R_PVD3":0.0,"R_PYDAMtr":0.0,"R_OBDHc":0.0062021283,"R_PYDXNtr":0.0,"R_FADH2tru":0.0006109376,"R_PYDXtr":0.0,"R_Q10H2e":0.0,"R_OCCOAtm":0.0,"R_OCCOAtx":0.0,"R_FADH2tx":0.0,"R_OCDCAFATPc":0.0,"R_OCDCAt":0.0,"R_q10h2tc":0.0,"R_q10tm":0.0,"R_QUILSYN":0.0,"R_OCDCEAt":0.0,"R_R_group_phosphotase_1":0.0,"R_FADtru":0.0006109376,"R_R_group_phosphotase_2":0.0,"R_R_group_phosphotase_3":0.0,"R_r0002":0.0,"R_OCDEAFABP1tc":0.0,"R_OCT11EFATP":0.0,"R_OCTAt":0.0,"R_ODECOAtx":0.0,"R_OLEICFATPtc":0.0,"R_OMEPRAZOLEte":0.0,"R_OMHDEACIDTD":0.0,"R_r0027":0.0,"R_NDP1":0.0,"R_DPCOAKm":0.0,"R_r0047":0.0,"R_r0051":0.0,"R_ACOAHim":0.3304885659,"R_ONPTHLte":0.0,"R_ORETNF_cho":0.0,"R_ORETNF2_cho":0.0,"R_r0068":0.0056955915,"R_ORETNtn":0.0,"R_FADtx":0.0,"R_ORETNtn2":0.0,"R_ORNALArBATtc":0.0113,"R_ALATA_Lm":0.0,"R_r0082":0.0,"R_r0093":0.0,"R_r0097":0.0056955915,"R_ORNLEUrBATtc":0.0,"R_FALDtly":0.0,"R_OROTGLUt":0.0095,"R_OXAtp":0.0,"R_r0113":0.0,"R_NTPP2":0.0,"R_P450SCC1m":0.0,"R_PYK3":0.0,"R_FALDtm":0.0,"R_PA_CHOter":0.0,"R_PA_CHOtg":0.0,"R_GTHRDH_syn":0.0,"R_PA_CHOtn":0.0,"R_FAOXMC10OHMC10r":0.0,"R_GGTAe2":0.0,"R_FAOXOHMC10DC10c":0.0,"R_r0139":0.0,"R_r0142":0.0,"R_r0149":0.0,"R_PYK4":0.0,"R_r0156":0.0,"R_r0157":0.0,"R_PACCOAL":0.0,"R_PAFt_cho":0.0,"R_PAIL_CHOtn":0.0,"R_PAIL45P_CHOtn":0.0,"R_PAIL4P_CHOtn":0.0,"R_PALFATPtc":0.0,"R_PAN4PP":0.0038502399,"R_PAN4PPe":0.0,"R_r0163":0.0,"R_r0166":0.0,"R_r0173":0.0,"R_r0179":0.0,"R_PAPtg":0.0,"R_FE2t":0.0,"R_PCHOL_CHOter":-0.0058237696,"R_PCHOL_CHOtg":0.0,"R_PCHOLHSTDe":0.0,"R_PCREATtmdiffir":0.0,"R_PCRNtc":0.0,"R_r0186":0.0,"R_r0193":0.0,"R_r0202":0.0,"R_r0220":0.0,"R_r0221":0.0,"R_PE_CHOter":0.0058237696,"R_PE_CHOtm":-0.0060368714,"R_FE2tm":0.0,"R_PECDCHe":0.0,"R_PECGCHLe":0.0,"R_DHFR2i":0.0,"R_ACP1e":0.0,"R_DHFRim":0.0001428541,"R_r0239":0.0,"R_PECTCHLe":0.0,"R_PEPLYStn":-0.0076447193,"R_PERILLYLte":0.0,"R_PEt_cho":0.0,"R_PGLYCt_cho":0.0,"R_r0242":0.0,"R_r0246":0.0,"R_r0249":-0.003054688,"R_r0281":0.0,"R_FORtm":0.0,"R_r0283":0.0,"R_GMPS":0.0005392368,"R_r0620":0.0,"R_r0627":0.0,"R_r0308":0.0,"R_FORtr":-0.0006109376,"R_r0311":0.0,"R_r0629":0.0,"R_FRDPtc":0.0012218752,"R_r0630":0.0,"R_ACOAR5m":0.0,"R_r0641":0.0,"R_r0317":0.3157878961,"R_r0318":0.0,"R_r0319":0.0,"R_r0321":0.0046663,"R_r0354":0.2814330791,"R_r0642":0.0,"R_FRDPtcr":0.0012218752,"R_AM6SAD":0.0,"R_r0355":0.3022138622,"R_r0357":0.0,"R_r0358":0.0,"R_r0360":0.0,"R_r0648":0.0,"R_r0649":0.0,"R_FRDPtr":0.0,"R_r0650":0.0,"R_r0361":0.00015636,"R_r0363":0.0,"R_r0364":0.0,"R_r0365":0.0,"R_r0366":0.0,"R_r0651":0.0,"R_r0652":0.0,"R_ACACT7m":0.0,"R_r0656":0.0083319256,"R_r0670":0.0071576187,"R_r0368":0.0,"R_r0380":0.0,"R_r0381":0.0038502399,"R_PPNCL2":0.0038502399,"R_FUC13GALACGLCGAL14ACGLCGALGLUSIDEte_cho":0.0,"R_r0672":0.0,"R_r0679":0.0,"R_r0383":0.0,"R_r0384":0.3699541651,"R_r0385":0.0,"R_r0386":0.0083319256,"R_r0680":0.0,"R_FUC13GALACGLCGAL14ACGLCGALGLUSIDEtg_cho":0.0,"R_r0686":0.0,"R_r0706":0.0,"R_r0707":0.0,"R_r0714":0.0,"R_PYDXO_1":0.0,"R_PYDXNO":0.0,"R_r0390":0.0,"R_r0716":0.0,"R_GLYALDDr":-0.0181508657,"R_r0744":0.0,"R_FUC14GALACGLCGALGLUSIDEte_cho":0.0,"R_r0753":0.0,"R_r0754":0.0,"R_r0782":0.00002606,"R_r0393":0.0,"R_HXAND":0.0256269459,"R_PHETHPTOX":0.0025627175,"R_r0407":0.1890524732,"R_r0408":0.0,"R_r0409":0.1890524732,"R_r0410":0.0,"R_AGPOP":0.0,"R_r0423":0.0,"R_r0786":0.0,"R_SBPP1":0.0,"R_r0425":0.3157878961,"R_FUC14GALACGLCGALGLUSIDEtg_cho":0.0,"R_r0426":-0.3157878961,"R_r0430":0.0,"R_r0431":0.0,"R_r0788":0.0,"R_r0789":0.0,"R_r0795":0.0,"R_r0433":0.0,"R_r0796":0.0,"R_FUCACGALFUCGALACGLCGALGLUSIDEte_cho":0.0,"R_r0797":0.0,"R_r0801":0.0,"R_r0809":0.0,"R_r0434":0.0,"R_r0437":0.0,"R_r0441":0.0,"R_r0443":0.0,"R_r0812":0.0,"R_FUCACGALFUCGALACGLCGALGLUSIDEtg_cho":0.0,"R_r0813":0.0,"R_r0450":0.0,"R_r0451":0.0,"R_DGNSK":0.0,"R_r0463":0.0,"R_r0817":0.0,"R_r0818":0.0001428541,"R_r0819":0.0,"R_SUCFUMtm":0.0,"R_ABOR":0.0,"R_FUCACNGAL14ACGLCGALGLUSIDEte_cho":0.0,"R_r0465":0.0,"R_r0480":0.0,"R_r0483":0.0,"R_r0822":0.0648067509,"R_r0829":0.0,"R_r0830":0.0,"R_r0494":0.0,"R_FUCACNGAL14ACGLCGALGLUSIDEtg_cho":0.0,"R_r0497":0.0,"R_r0512":0.0,"R_r0834":0.0,"R_r0835":0.0,"R_r0836":0.0,"R_NH4tm":-0.0157761481,"R_r0514":0.0,"R_THFATm":0.0,"R_r0839":-0.0095,"R_FUCACNGALACGLCGALGLUSIDEte_cho":0.0,"R_r0840":-0.003054688,"R_r0841":0.0,"R_r0842":0.0,"R_FTHFCLm":0.0,"R_r0525":0.0,"R_NMNDA":0.0,"R_r0845":0.0,"R_FUCACNGALACGLCGALGLUSIDEtg_cho":0.0,"R_r0853":0.0,"R_r0860":0.0,"R_DUTCP":0.0,"R_SPHPL":0.0,"R_r0546":0.063680857,"R_r0548":-0.063680857,"R_r0555":0.0,"R_r0556":-0.3699541651,"R_r0557":0.0,"R_r0870":0.0,"R_r0871":0.0,"R_r0879":0.0,"R_r0881":0.0,"R_r0885":0.3591231414,"R_r0558":0.0,"R_r0559":0.0,"R_r0892":0.0,"R_r0568":0.0,"R_FUCFUC12GAL14ACGLCGALGLUSIDEte_cho":0.0,"R_PPM2":0.0,"R_r0571":0.0071576187,"R_r0899":0.0046846602,"R_r0907":0.0,"R_MALICITtm":0.0,"R_r0573":0.0,"R_APNPT":0.0,"R_r0915":0.0,"R_FUCFUC12GAL14ACGLCGALGLUSIDEtg_cho":0.0,"R_CITtcm":0.0,"R_r0921":0.0,"R_r0579":0.0,"R_r0580":0.0,"R_r0587":0.0,"R_r0924":0.0,"R_PTPATim":0.0,"R_r0926":0.0,"R_FUCFUC132GALACGLCGAL14ACGLCGALGLUSIDEte_cho":0.0,"R_r0931":0.0,"R_DPCOAPP":0.0,"R_r0604":0.0071576187,"R_FUCFUC132GALACGLCGAL14ACGLCGALGLUSIDEtg_cho":0.0,"R_r0614":0.0,"R_HPROx":0.0,"R_r0993":0.0,"R_r0932":0.0,"R_r0934":0.0,"R_r0940":0.0,"R_r0941":-2.0042698213,"R_r0942":-1.713378841,"R_r0947":0.0,"R_r0950":0.0,"R_r0994":0.0,"R_r0995":0.0,"R_r0998":0.0,"R_r0954":0.0,"R_FUCFUCFUCGALACGLC13GALACGLCGAL14ACGLCGALGLUSIDEte_cho":0.0,"R_r0960":0.0,"R_r0961":0.0,"R_r0962":0.0,"R_r0999":0.0,"R_r1004":0.0,"R_r1006":0.0,"R_r0963":0.0,"R_r1007":0.0,"R_r0968":0.0,"R_FUCFUCFUCGALACGLC13GALACGLCGAL14ACGLCGALGLUSIDEtg_cho":0.0,"R_r0970":0.0,"R_r0973":0.0,"R_r1008":0.0,"R_r1010":0.0,"R_r1011":0.0,"R_r1012":0.0,"R_PNTOt4":0.0,"R_r0975":0.0,"R_r1017":0.0,"R_FUCFUCFUCGALACGLCGAL14ACGLCGALGLUSIDEte_cho":0.0,"R_r1018":0.0,"R_r1019":0.0,"R_r0983":0.0,"R_r0984":0.0,"R_r1020":0.0,"R_FUCFUCFUCGALACGLCGAL14ACGLCGALGLUSIDEtg_cho":0.0,"R_r1024":0.0,"R_r1025":0.0,"R_r1026":0.0,"R_r1027":0.0,"R_r1028":0.0,"R_r0986":0.0,"R_r0987":0.0,"R_r0989":0.0,"R_r0990":0.0,"R_r0992":0.0,"R_r1029":0.0,"R_r1030":0.0,"R_r1043":0.0,"R_FUCFUCGALACGLCGALGLUSIDEte_cho":0.0,"R_r1044":0.0,"R_r1045":0.0,"R_r1052":0.0,"R_r1466":0.0,"R_r1467":0.0,"R_Kt1":0.0,"R_r1078":0.0,"R_FUCFUCGALACGLCGALGLUSIDEtg_cho":0.0,"R_CITt2r":0.0,"R_r1106":0.0,"R_GTHRDt2":0.0,"R_r1495":0.0,"R_r1109":-0.3304885659,"R_r1116":0.0,"R_r1497":0.0,"R_FUCGAL14ACGLCGALGLUSIDEte_cho":0.0,"R_r1498":0.0,"R_r1117":0.0001428541,"R_r1499":0.0,"R_AKGICITtm":0.0,"R_FUCGAL14ACGLCGALGLUSIDEtg_cho":0.0,"R_r1148":0.0,"R_r1500":0.0,"R_FUCGALFUCGALACGLCGALGLUSIDEte_cho":0.0,"R_r1501":0.0,"R_r1502":0.0,"R_OBDHm":-0.0062021283,"R_r1155":0.0,"R_DUTUP":0.0,"R_r1162":0.0,"R_r1164":0.0,"R_r1165":0.0,"R_r1167":0.0,"R_r1503":0.0,"R_r1512":0.0,"R_r1514":0.0,"R_r1515":0.0,"R_r1516":0.0,"R_r1517":0.0,"R_r1168":0.0,"R_r1169":0.0,"R_r1518":0.0,"R_FUCGALFUCGALACGLCGALGLUSIDEtg_cho":0.0,"R_r1519":0.0,"R_r1520":0.0,"R_r1170":0.0,"R_r1171":0.0,"R_r1521":0.0,"R_r1172":0.0,"R_r1522":0.0,"R_FUCGALGBSIDEte_cho":0.0,"R_r1523":0.0,"R_r1525":0.0,"R_r1174":0.0,"R_r1177":0.0,"R_r1529":0.0,"R_r1179":0.0,"R_FUCGALGBSIDEtg_cho":0.0,"R_r1181":0.0,"R_r1182":0.0,"R_r1530":0.0,"R_r1531":0.0,"R_r1532":0.0,"R_r1183":0.0,"R_FUCtly":0.0,"R_r1251":0.0,"R_r1252":0.0,"R_r1533":0.0,"R_r1536":0.0,"R_r1255":0.0,"R_G16MT_cho":0.00002606,"R_r1257":0.0,"R_r1259":0.0,"R_GACPAILter_cho":0.0,"R_r1260":0.0,"R_r1262":0.0,"R_r1290":0.0006109376,"R_PPCOAtm":0.0062021283,"R_r1292":0.0,"R_r2073":0.0,"R_r2136":0.0028432842,"R_Clt":-1.6551033216,"R_r1298":0.0,"R_r1299":0.0,"R_r2139":0.0,"R_r1301":0.0,"R_GALACGLCGALGBSIDEte_cho":0.0,"R_r1302":0.0,"R_r1303":0.0,"R_r2140":0.0,"R_r2141":0.0,"R_r2142":0.0,"R_r1304":0.0,"R_r1318":0.0,"R_r2143":0.0,"R_r2203":0.0,"R_r2144":0.0,"R_r2145":0.0,"R_r2146":0.0,"R_r2147":0.0,"R_r2148":0.0,"R_r1364":0.0,"R_r1365":0.0,"R_r1374":0.0,"R_r1375":0.0,"R_r1377":0.0,"R_r1378":0.0,"R_r1380":0.0,"R_r1382":0.0,"R_r1383":0.0,"R_r2149":0.0,"R_r2150":0.0,"R_r2151":0.0,"R_r1384":0.0,"R_r1391":0.3856687613,"R_r2152":0.0,"R_r2153":0.0,"R_r2154":0.0,"R_r2155":0.0,"R_r1392":0.3856687613,"R_r1400":0.0,"R_r1401":0.0,"R_r1411":0.0,"R_r1421":0.0,"R_r2156":0.0,"R_r2157":0.0,"R_r2158":0.0,"R_PIt":0.0,"R_r2159":0.0,"R_r2204":0.0,"R_r2160":0.0,"R_r2161":0.0,"R_r2162":0.0,"R_HISt2m":0.0,"R_r1428":0.0,"R_ALAtmi":0.0,"R_r1435":0.0480475629,"R_thr_mt":0.0,"R_r2163":0.0,"R_r2164":0.0,"R_r1454":0.0062021283,"R_r2165":0.0,"R_r2205":0.0,"R_PHEt2m":-1.2674723246,"R_r1456":1.2674723246,"R_r2166":0.0,"R_r1457":0.0,"R_r2206":0.0,"R_r1459":0.0,"R_r2167":0.0,"R_r2168":0.0,"R_r2207":0.0,"R_r2169":0.0,"R_r2303":0.0,"R_r2208":0.0,"R_r2304":0.0,"R_r2305":0.0,"R_r2306":0.0,"R_r2307":0.0,"R_r2308":0.0,"R_r2309":0.0,"R_r2170":0.0,"R_r2171":0.0,"R_r2172":0.0,"R_r2173":0.0,"R_r2174":0.0,"R_r2175":0.0,"R_r2176":0.0,"R_r2177":0.0,"R_r2310":0.0,"R_r2311":0.0,"R_r2209":0.0,"R_r2312":0.0,"R_r2313":0.0,"R_r2314":0.0,"R_r2178":0.0,"R_r2179":0.0,"R_r2180":0.0,"R_r2181":0.0,"R_r2316":0.0,"R_r2317":0.0,"R_r2210":0.0,"R_r2318":0.0,"R_r2182":0.0,"R_r2183":0.0,"R_r2319":0.0,"R_r2211":0.0,"R_r2320":0.0,"R_r2321":0.0,"R_r2322":0.0,"R_r2184":0.0,"R_r2185":0.0,"R_r2186":0.0,"R_r2212":0.0,"R_r2187":0.0,"R_r2188":0.0,"R_r2189":0.0,"R_r2190":0.0,"R_r2191":0.0,"R_r2192":0.0,"R_r2323":0.0,"R_r2324":0.0,"R_r2325":0.0,"R_r2326":0.0,"R_r2327":0.0,"R_r2328":0.0,"R_r2329":0.0,"R_r2330":0.0,"R_r2331":0.0,"R_r2193":0.0,"R_r2194":0.0,"R_r2195":0.0,"R_r2196":0.0,"R_r2332":0.0,"R_r2213":0.0,"R_r2333":0.0,"R_r2334":0.0,"R_r2335":0.0,"R_r2338":0.0,"R_r2197":0.0,"R_r2198":0.0,"R_r2199":0.0,"R_r2341":0.0,"R_r2214":0.0,"R_r2342":0.0,"R_r2343":0.0,"R_r2344":0.0,"R_r2347":0.0,"R_r2200":0.0,"R_r2201":0.0,"R_r2202":0.0,"R_r2352":0.0,"R_r2215":0.0,"R_r2353":0.0,"R_r2354":0.0,"R_r2355":0.0,"R_r2356":0.0,"R_r2357":0.0,"R_r2358":0.0,"R_r2425":0.0,"R_r2447":0.0,"R_r2449":0.0,"R_r2465":0.0,"R_SERt2r":0.0,"R_r2472":0.0,"R_r2359":0.0,"R_r2360":0.0,"R_r2482":0.0,"R_r2361":0.0,"R_r2216":0.0,"R_r2362":0.0,"R_r2483":0.0,"R_r2484":0.0,"R_r2485":0.0,"R_r2363":0.0,"R_r2364":0.0,"R_r2486":0.0,"R_r2217":0.0,"R_r2365":0.0,"R_r2487":0.0,"R_r2218":0.0,"R_r2488":0.0,"R_r2489":0.0,"R_r2490":0.0,"R_r2366":0.0,"R_r2367":0.0,"R_r2368":0.0,"R_r2491":0.0,"R_r2369":0.0,"R_r2492":0.0,"R_r2219":0.0,"R_r2371":0.0,"R_r2372":0.0,"R_r2374":0.0147006697,"R_r2375":0.0,"R_r2376":0.0,"R_r2493":0.0,"R_r2494":0.0,"R_r2495":0.0,"R_r2496":0.0,"R_r2497":0.0,"R_r2377":-0.309253232,"R_r2220":0.0,"R_r2378":0.0,"R_r2499":0.0,"R_r2501":0.0,"R_r2379":0.3239539018,"R_r2221":0.0,"R_r2380":-0.0147006697,"R_r2381":0.0,"R_r2502":0.0,"R_r2503":0.0,"R_r2222":0.0,"R_r2505":0.0,"R_r2506":0.0,"R_r2382":0.0,"R_r2384":0.0,"R_r2385":0.0,"R_r2507":0.0,"R_r2223":0.0,"R_r2508":0.0,"R_r2509":0.0,"R_r2386":0.0,"R_r2387":0.0,"R_r2510":0.0,"R_r2388":0.0,"R_r2224":0.0,"R_r2389":0.0,"R_r2390":0.0,"R_r2391":0.0,"R_r2511":0.0,"R_r2512":0.0,"R_r2513":0.0,"R_r2392":0.0,"R_r2393":0.0,"R_r2514":0.0,"R_r2516":0.0,"R_r2518":0.0,"R_r2519":0.0,"R_r2394":0.0,"R_r2395":0.0,"R_r2396":0.0,"R_r2397":0.0,"R_r2520":-0.3591231414,"R_r2521":0.0,"R_r2398":0.0,"R_r2225":0.0,"R_r2399":0.0,"R_r2400":0.0,"R_r2401":0.0,"R_r2402":0.0,"R_GLNt":0.0674,"R_r2526":0.04813,"R_r2532":0.04058,"R_r2534":0.01058,"R_r2403":0.0,"R_r2405":0.0,"R_r2226":0.0,"R_r2406":0.0,"R_r2407":0.0,"R_r2535":0.0,"R_r2537":0.0,"R_r2538":0.0,"R_r2409":0.0,"R_r2227":0.0,"R_r2410":0.0,"R_r2411":0.0,"R_r2539":0.0,"R_RADH3":0.0,"R_r2413":0.0,"R_r2228":0.0,"R_r2416":0.0,"R_r2419":0.0,"R_RAHY":0.0,"R_RAI1":0.0,"R_RAI2":0.0,"R_r2420":0.0,"R_r2229":0.0,"R_RE2677C":0.0,"R_RE2677E":0.0,"R_RE2677G":0.0,"R_RAI4":0.0,"R_RAtn3":0.0,"R_RBTt":0.0,"R_RE0452M":0.0001428541,"R_RE0452N":0.0,"R_RE2680C":0.0,"R_RE2814M":0.0,"R_r2230":0.0,"R_RE2814R":0.0,"R_RE2888E":0.0256269459,"R_PAPSR":0.0,"R_RE0453C":-0.3025273617,"R_RE0565C":0.0,"R_RE0566C":0.0,"R_RE0567C":0.0,"R_RE3017R":0.0,"R_r2231":0.0,"R_RE3050R":0.0,"R_RE0568C":0.0,"R_RE0569E":0.0,"R_RE3112C":0.0,"R_RE3113C":0.0,"R_r2232":0.0,"R_RE3121C":0.0,"R_ECOAR":0.0,"R_RE3122C":0.0,"R_r2233":0.0,"R_RE0691C":0.0,"R_r2234":0.0,"R_RE0908C":0.0,"R_RE3198C":0.0,"R_RE3224C":0.0050730053,"R_RE0936E":0.0,"R_RE3225C":0.0050730053,"R_r2235":0.0,"R_RE3226C":0.0050730053,"R_RE3227C":0.0050730053,"R_RE0937E":0.0,"R_RE0938E":0.0,"R_RE3228C":0.0050730053,"R_RE1342C":0.0,"R_r2239":0.0,"R_RE1441R":0.0,"R_RE1447M":0.0,"R_RE1447N":0.0,"R_RE1448N":0.0,"R_RE1448R":0.0,"R_RE1530C":-0.0049220478,"R_RE3229C":0.0050730053,"R_RE3230C":0.0050730053,"R_RE3231C":0.0050730053,"R_RE3232C":0.0050730053,"R_RE3234C":0.0050730053,"R_RE3235C":0.0050730053,"R_RE3242C":0.0050730053,"R_RE3242R":0.0,"R_RE1804C":0.0,"R_RE1807C":0.0,"R_RE1810M":0.0,"R_RE3243C":0.0050730053,"R_r2240":0.0,"R_RE3243R":0.0,"R_RE3244C":0.0050730053,"R_RE1826C":0.0,"R_RE1897C":0.0,"R_RE1898C":0.0,"R_RE3244R":0.0,"R_RE1901R":0.0,"R_FACOAE181":0.0,"R_r2241":0.0,"R_RE3251C":0.0,"R_RE3252C":0.0,"R_RE1903R":0.0,"R_RE2069C":0.0,"R_RE3268R":0.0,"R_r2242":0.0,"R_PI4P4Pn_cho":0.0,"R_DHRT_ibcoa":0.0,"R_RE3421R":0.0,"R_RE2079R":0.0,"R_RE2240C":0.0,"R_RE2426C":0.0,"R_r2243":0.0,"R_RE2439C":0.0,"R_RE2514E":0.0,"R_RE2625C":0.0,"R_RE3524R":0.0,"R_RE3556C":0.0,"R_RE3565C":0.0,"R_RE2651R":0.0,"R_r2244":0.0,"R_RE2655R":0.0,"R_RE2658R":0.0,"R_RE2659R":0.0,"R_RE2666C":0.0,"R_RE3566C":0.0,"R_RE3567C":0.0,"R_RE3568C":0.0,"R_r2245":0.0,"R_RETFAt":0.0,"R_RETFAt1":0.0,"R_SERtp":0.0,"R_SFCYSc":0.0,"R_SFCYSe":0.0,"R_RETFAt2":0.0,"R_RETI1":0.0,"R_SGALSIDEtg_cho":0.0,"R_r2246":0.0,"R_SGALSIDEtl_cho":0.0,"R_SLDt":0.0,"R_RETI2":0.0,"R_RETI3":0.0,"R_RETNGLCt":0.0,"R_RETNGLCt2":0.0,"R_SO4tl":0.0,"R_r2247":0.0,"R_SPC_CHOt":0.0,"R_SPH1Pte":0.0,"R_RETNGLCt2r":0.0,"R_RETNGLCtr":0.0,"R_RETNt":0.0,"R_SPH1Pter":0.0,"R_SPHGNtr":0.0,"R_r2248":0.0,"R_SPHINGStl":0.0,"R_SPHINGStr":0.0,"R_RETNtr":0.0,"R_RETNtr2":0.0,"R_RETt":0.0,"R_RIBFLVt3":0.0,"R_RIBFLVt3o":0.0,"R_SPHMYLNtg_cho":0.0,"R_SPHMYLNtl_cho":0.0,"R_r2249":0.0,"R_SPHS1Pte":0.0,"R_SPHS1Ptr":0.0,"R_SPMDtex2":0.0,"R_SPRMti":0.0,"R_STCOAtx":0.0,"R_RIBt":0.0,"R_RIBt2":0.0,"R_RTOT_2_cho":0.0,"R_RTOT_3_cho":0.0,"R_RTOT1_cho":0.0138627099,"R_RTOT2_cho":0.0,"R_RTOT3_cho":0.0,"R_RTOT4_cho":0.0076095079,"R_STCOATxc":0.0,"R_STRDNCt":0.0,"R_SUBEACTD":0.0,"R_SUBERCACT":0.0,"R_RTOT5_cho":0.0,"R_r2250":0.0,"R_RTOT6_cho":0.0,"R_RTOTAL2FATPc":0.0,"R_SUBERCROT":0.0,"R_SUBERICACT":0.0,"R_T4HCINNMFM":0.0,"R_RTOTAL2t":0.0,"R_r2251":0.0,"R_RTOTAL3FATPc":0.0,"R_RTOTAL3t":0.0,"R_RTOTALFATPc":0.0,"R_TAGt_cho":0.0,"R_TAUPAT1c":0.0,"R_TAURt":0.0038502399,"R_TAXOLte":0.0,"R_TCHOLAte":0.0,"R_RTOTALt":0.0,"R_Rtotaltl":0.0,"R_TCHOLAtx":0.0,"R_S2L2FN2M2MASNt":0.0,"R_r2252":0.0,"R_S2L2FN2M2MASNtly":0.0,"R_S2L2N2M2MASNtly":0.0,"R_TCYNTt":0.0,"R_TCYNTtm":0.0,"R_TDCHOLAte":0.0,"R_TDCHOLAtx":0.0,"R_TDP":0.0,"R_S2TASE4ly":0.0,"R_S2TASE5ly":0.0,"R_S3TASE1ly":0.0,"R_S3TASE2ly":0.0,"R_S3TASE3ly":0.0,"R_SARCStex":0.0,"R_TDPm":0.0,"R_TETHEX3COAtx":0.0,"R_r2253":0.0,"R_TETHEX3t":0.0,"R_TETPENT3COAtx":0.0,"R_TETPENT3t":0.0,"R_SARCStm":0.0,"R_SBCOAACOTx":0.0,"R_SBT_Dt":0.0,"R_TETPENT6COAtx":0.0,"R_SCP21cx":0.0,"R_TETPENT6t":0.0,"R_SEBACACT":0.0,"R_r2254":0.0,"R_SEBACIDTD":0.0,"R_SEBCOACROT":0.0,"R_SEBCOAPET":0.0,"R_TETTET6COAtx":0.0,"R_TETTET6t":0.0,"R_THCHOLSTOICtm":0.0,"R_THFtl":0.0,"R_r2255":0.0,"R_THFtm":0.0593844973,"R_Ser_Thrtg":0.0,"R_r2256":0.0,"R_SERATB0tc":0.0,"R_THMATPe":0.0,"R_r2257":0.0,"R_THMMPtm_cho":0.0,"R_THMP":0.0,"R_r2258":0.0,"R_THMPPtm_cho":0.0,"R_THP2Ctp":0.0,"R_THRATB0tc":0.0,"R_TIGCRNe":0.0,"R_XOL7AONEtr":0.0,"R_XOLDIOLONEt":0.0,"R_XOLEST2te_cho":0.0,"R_XOLESTte_cho":0.0,"R_XOLTRI24tc":0.0,"R_XOLTRI24te":0.0,"R_TMDPPK":0.0,"R_TMNDNCCOAtx":0.0,"R_TMNDNCt":0.0,"R_XOLTRI25tc":0.0,"R_r2259":0.0,"R_XOLTRI25te":0.0,"R_TOLBUTAMIDEte":0.0,"R_TRIODTHYSUFt":0.0,"R_XOLTRI27tc":0.0,"R_TRPATB0tc":0.0,"R_XOLTRI27te":0.0,"R_r2260":0.0,"R_XOLTRIOLtm":0.0,"R_TSTSTERONEGLCtr":0.0,"R_TSTSTERONESte":0.0,"R_TSTSTERONEt":0.0,"R_XYLTD_D":0.0,"R_XYLtly":0.0,"R_TSTSTERONEtr":0.0,"R_r2261":0.0,"R_TTDCAFATPc":0.0,"R_TXA2te":0.0,"R_XYLTt":0.0,"R_YVITEt":0.0,"R_TXA2tr":0.0,"R_r2262":0.0,"R_TYMSFt":0.0,"R_TYRATB0tc":0.0,"R_UDPACGALtl":0.0,"R_UDPG1P":0.0,"R_UDPGLCter":0.0,"R_UDPGNP":0.0,"R_UDPtl":0.0,"R_UMPtr":0.0,"R_2AOBUTtm":0.0,"R_CYSAMO_cho":0.0038502399,"R_HSDA":0.0,"R_PGAM1_PhosHydro":0.0,"R_PIt2m_2":0.0,"R_THRD":0.0,"R_GTHOXti":0.0,"R_peplys_synthesis":0.0076447193,"R_UNK2_cho":0.0,"R_URATEt":0.0256269459,"R_SK_Asn_X_Ser_Thr_r":-0.00002606,"R_URATEtx":0.0,"R_r2263":0.0,"R_Uritn":0.0,"R_UROLACer":0.0,"R_SK_Ser_Thr_g":0.0,"R_SK_Tyr_ggn_c":-0.0002745816,"R_BIOMASS_cho":0.0,"R_VACCt":0.0,"R_VALATB0tc":0.01246,"R_FAOXC15ATPx":0.0,"R_r2264":0.0,"R_FAOXC16Brx":0.0,"R_LNLNCGCOAtx":0.0,"R_VALt5m":0.0,"R_VD3":0.0,"R_VITD3t":0.0,"R_VITD3tm":0.0,"R_BIOMASS_cho_producing_1":0.0106899731,"R_r2265":0.0,"R_epo_translation":0.0,"R_epo_processing":0.0,"R_VITEtl":0.0,"R_VITKtl":0.0,"R_r2266":0.0,"R_WHDDCAte":0.0,"R_WHHDCAte":0.0,"R_DM_epo_g":0.0,"R_epo_degradation":0.0,"R_igg_hc_1":0.00002606,"R_igg_lc_1":0.00002606,"R_igg_formation":0.00001303,"R_DM_igg_g":0.00001303,"R_WHTTDCAte":0.0,"R_XANtx":0.0,"R_XOL27OHtm":0.0,"R_XOL7AH2tm":0.0,"R_r2267":0.0,"R_r2095":0.0,"R_C8CRNt":0.0,"R_MALCRNt":0.0,"R_r2268":0.0,"R_SK_T_antigen_g":0.0,"R_DM_avite1_c":0.0,"R_r2269":0.0,"R_DM_avite2_c":0.0,"R_DM_bvite_c":0.0,"R_DM_core5_g":0.0,"R_r2270":0.0,"R_r2271":0.0,"R_DM_core7_g":0.0,"R_r2272":0.0,"R_DM_core8_g":0.0,"R_DM_dem2emgacpail_prot_cho_r":0.0,"R_r2273":0.0,"R_DM_dgpi_prot_cho_r":0.0,"R_r2274":0.0,"R_DM_dsT_antigen_g":0.0,"R_DM_dttp_m":0.0,"R_DM_ethamp_r":0.0,"R_DM_gncore2_g":0.0,"R_DM_kdn_c":0.0,"R_DM_n5m2masn_g":0.0,"R_r2275":0.0,"R_DM_sTn_antigen_g":0.0,"R_r2276":0.0,"R_DM_sprm_c":0.0,"R_DM_yvite_c":0.0,"R_DM_56iqcrbxlt_c":0.0,"R_r2277":0.0,"R_ATPM":0.0,"R_r2278":0.0,"R_SK_pre_prot_r":0.0,"R_r2279":0.0,"R_r2280":0.0,"R_SK_trp__L_c":0.0025470899,"R_r2281":0.0,"R_r2282":0.0,"R_r2283":0.0,"R_r2284":0.0,"R_r2285":0.0,"R_r2286":0.0,"R_r2287":0.0,"R_r2288":0.0,"R_r2289":0.0,"R_r2290":0.0,"R_r2291":0.0,"R_r2292":0.0,"R_r2293":0.0,"R_r2294":0.0,"R_r2295":0.0,"R_r2296":0.0,"R_r2297":0.0,"R_r2298":0.0,"R_r2299":0.0,"R_r2300":0.0,"R_r2301":0.0,"R_r2302":0.0}]