[{"data_set_value_component_environment_variable_t":0.0,"data_set_value_component_parameters_variable_D_Ca":0.1,"data_set_value_component_parameters_variable_k_1":40.0,"data_set_value_component_parameters_variable_k_2":20.0,"data_set_value_component_parameters_variable_f":10.0,"data_set_value_component_parameters_variable_g":10.0,"data_set_value_component_parameters_variable_Ca_max":1.0,"data_set_value_component_parameters_variable_Total_Tn":1.0,"data_set_value_component_parameters_variable_Total_CB":1.0,"data_set_value_component_Ca_t_variable_Ca_t":0.0,"data_set_value_component_TnCa_variable_TnCa":0.0,"data_set_value_component_CB_on_variable_CB_on":0.0,"data_set_value_component_CumCB_variable_CumCB_on":0.0,"data_set_value_component_CumCB_variable_CumCB_off":0.0,"data_set_value_component_force_development_variable_F":0.0,"data_set_value_component_force_development_variable_FTI":0.0,"data_set_value_component_force_development_variable_FLA":0.228,"data_set_value_component_force_development_variable_phi":1.0,"data_set_value_component_force_development_variable_s":1.0,"data_set_value_component_force_development_variable_L":1.0,"data_set_value_component_force_development_variable_L_0":0.0,"data_set_value_component_force_development_variable_F_max":0.228,"data_set_value_component_ATP_variable_ATP":1.0,"data_set_value_component_ATP_variable_ATP_energy":1.0,"data_set_value_component_ATP_variable_epsilon":1.0,"data_set_value_component_ATP_variable_CumCB_on_end":1.0,"data_set_value_component_equations_main_variable_Efficiency":0.228,"data_set_value_component_equations_main_variable_Economy":0.1},{"data_set_value_component_environment_variable_t":0.1,"data_set_value_component_parameters_variable_D_Ca":0.1,"data_set_value_component_parameters_variable_k_1":40.0,"data_set_value_component_parameters_variable_k_2":20.0,"data_set_value_component_parameters_variable_f":10.0,"data_set_value_component_parameters_variable_g":10.0,"data_set_value_component_parameters_variable_Ca_max":1.0,"data_set_value_component_parameters_variable_Total_Tn":1.0,"data_set_value_component_parameters_variable_Total_CB":1.0,"data_set_value_component_Ca_t_variable_Ca_t":0.0,"data_set_value_component_TnCa_variable_TnCa":0.3536965325,"data_set_value_component_CB_on_variable_CB_on":0.2269886591,"data_set_value_component_CumCB_variable_CumCB_on":0.337291955,"data_set_value_component_CumCB_variable_CumCB_off":0.1103032958,"data_set_value_component_force_development_variable_F":0.2269886591,"data_set_value_component_force_development_variable_FTI":0.0110303296,"data_set_value_component_force_development_variable_FLA":0.228,"data_set_value_component_force_development_variable_phi":1.0,"data_set_value_component_force_development_variable_s":1.0,"data_set_value_component_force_development_variable_L":1.0,"data_set_value_component_force_development_variable_L_0":0.0,"data_set_value_component_force_development_variable_F_max":0.228,"data_set_value_component_ATP_variable_ATP":1.0,"data_set_value_component_ATP_variable_ATP_energy":1.0,"data_set_value_component_ATP_variable_epsilon":1.0,"data_set_value_component_ATP_variable_CumCB_on_end":1.0,"data_set_value_component_equations_main_variable_Efficiency":0.228,"data_set_value_component_equations_main_variable_Economy":0.1},{"data_set_value_component_environment_variable_t":0.2,"data_set_value_component_parameters_variable_D_Ca":0.1,"data_set_value_component_parameters_variable_k_1":40.0,"data_set_value_component_parameters_variable_k_2":20.0,"data_set_value_component_parameters_variable_f":10.0,"data_set_value_component_parameters_variable_g":10.0,"data_set_value_component_parameters_variable_Ca_max":1.0,"data_set_value_component_parameters_variable_Total_Tn":1.0,"data_set_value_component_parameters_variable_Total_CB":1.0,"data_set_value_component_Ca_t_variable_Ca_t":0.0,"data_set_value_component_TnCa_variable_TnCa":0.0478672713,"data_set_value_component_CB_on_variable_CB_on":0.1488383764,"data_set_value_component_CumCB_variable_CumCB_on":0.4578363873,"data_set_value_component_CumCB_variable_CumCB_off":0.3089980109,"data_set_value_component_force_development_variable_F":0.1488383764,"data_set_value_component_force_development_variable_FTI":0.0308998011,"data_set_value_component_force_development_variable_FLA":0.228,"data_set_value_component_force_development_variable_phi":1.0,"data_set_value_component_force_development_variable_s":1.0,"data_set_value_component_force_development_variable_L":1.0,"data_set_value_component_force_development_variable_L_0":0.0,"data_set_value_component_force_development_variable_F_max":0.228,"data_set_value_component_ATP_variable_ATP":1.0,"data_set_value_component_ATP_variable_ATP_energy":1.0,"data_set_value_component_ATP_variable_epsilon":1.0,"data_set_value_component_ATP_variable_CumCB_on_end":1.0,"data_set_value_component_equations_main_variable_Efficiency":0.228,"data_set_value_component_equations_main_variable_Economy":0.1},{"data_set_value_component_environment_variable_t":0.3,"data_set_value_component_parameters_variable_D_Ca":0.1,"data_set_value_component_parameters_variable_k_1":40.0,"data_set_value_component_parameters_variable_k_2":20.0,"data_set_value_component_parameters_variable_f":10.0,"data_set_value_component_parameters_variable_g":10.0,"data_set_value_component_parameters_variable_Ca_max":1.0,"data_set_value_component_parameters_variable_Total_Tn":1.0,"data_set_value_component_parameters_variable_Total_CB":1.0,"data_set_value_component_Ca_t_variable_Ca_t":0.0,"data_set_value_component_TnCa_variable_TnCa":0.006478471,"data_set_value_component_CB_on_variable_CB_on":0.0646674058,"data_set_value_component_CumCB_variable_CumCB_on":0.4761318947,"data_set_value_component_CumCB_variable_CumCB_off":0.4114644888,"data_set_value_component_force_development_variable_F":0.0646674058,"data_set_value_component_force_development_variable_FTI":0.0411464489,"data_set_value_component_force_development_variable_FLA":0.228,"data_set_value_component_force_development_variable_phi":1.0,"data_set_value_component_force_development_variable_s":1.0,"data_set_value_component_force_development_variable_L":1.0,"data_set_value_component_force_development_variable_L_0":0.0,"data_set_value_component_force_development_variable_F_max":0.228,"data_set_value_component_ATP_variable_ATP":1.0,"data_set_value_component_ATP_variable_ATP_energy":1.0,"data_set_value_component_ATP_variable_epsilon":1.0,"data_set_value_component_ATP_variable_CumCB_on_end":1.0,"data_set_value_component_equations_main_variable_Efficiency":0.228,"data_set_value_component_equations_main_variable_Economy":0.1},{"data_set_value_component_environment_variable_t":0.4,"data_set_value_component_parameters_variable_D_Ca":0.1,"data_set_value_component_parameters_variable_k_1":40.0,"data_set_value_component_parameters_variable_k_2":20.0,"data_set_value_component_parameters_variable_f":10.0,"data_set_value_component_parameters_variable_g":10.0,"data_set_value_component_parameters_variable_Ca_max":1.0,"data_set_value_component_parameters_variable_Total_Tn":1.0,"data_set_value_component_parameters_variable_Total_CB":1.0,"data_set_value_component_Ca_t_variable_Ca_t":0.0,"data_set_value_component_TnCa_variable_TnCa":0.0008768364,"data_set_value_component_CB_on_variable_CB_on":0.0252279981,"data_set_value_component_CumCB_variable_CumCB_on":0.4787972128,"data_set_value_component_CumCB_variable_CumCB_off":0.4535692147,"data_set_value_component_force_development_variable_F":0.0252279981,"data_set_value_component_force_development_variable_FTI":0.0453569215,"data_set_value_component_force_development_variable_FLA":0.228,"data_set_value_component_force_development_variable_phi":1.0,"data_set_value_component_force_development_variable_s":1.0,"data_set_value_component_force_development_variable_L":1.0,"data_set_value_component_force_development_variable_L_0":0.0,"data_set_value_component_force_development_variable_F_max":0.228,"data_set_value_component_ATP_variable_ATP":1.0,"data_set_value_component_ATP_variable_ATP_energy":1.0,"data_set_value_component_ATP_variable_epsilon":1.0,"data_set_value_component_ATP_variable_CumCB_on_end":1.0,"data_set_value_component_equations_main_variable_Efficiency":0.228,"data_set_value_component_equations_main_variable_Economy":0.1},{"data_set_value_component_environment_variable_t":0.5,"data_set_value_component_parameters_variable_D_Ca":0.1,"data_set_value_component_parameters_variable_k_1":40.0,"data_set_value_component_parameters_variable_k_2":20.0,"data_set_value_component_parameters_variable_f":10.0,"data_set_value_component_parameters_variable_g":10.0,"data_set_value_component_parameters_variable_Ca_max":1.0,"data_set_value_component_parameters_variable_Total_Tn":1.0,"data_set_value_component_parameters_variable_Total_CB":1.0,"data_set_value_component_Ca_t_variable_Ca_t":0.0,"data_set_value_component_TnCa_variable_TnCa":0.0001187499,"data_set_value_component_CB_on_variable_CB_on":0.0094812239,"data_set_value_component_CumCB_variable_CumCB_on":0.4791692161,"data_set_value_component_CumCB_variable_CumCB_off":0.4696879922,"data_set_value_component_force_development_variable_F":0.0094812239,"data_set_value_component_force_development_variable_FTI":0.0469687992,"data_set_value_component_force_development_variable_FLA":0.228,"data_set_value_component_force_development_variable_phi":1.0,"data_set_value_component_force_development_variable_s":1.0,"data_set_value_component_force_development_variable_L":1.0,"data_set_value_component_force_development_variable_L_0":0.0,"data_set_value_component_force_development_variable_F_max":0.228,"data_set_value_component_ATP_variable_ATP":1.0,"data_set_value_component_ATP_variable_ATP_energy":1.0,"data_set_value_component_ATP_variable_epsilon":1.0,"data_set_value_component_ATP_variable_CumCB_on_end":1.0,"data_set_value_component_equations_main_variable_Efficiency":0.228,"data_set_value_component_equations_main_variable_Economy":0.1},{"data_set_value_component_environment_variable_t":0.6,"data_set_value_component_parameters_variable_D_Ca":0.1,"data_set_value_component_parameters_variable_k_1":40.0,"data_set_value_component_parameters_variable_k_2":20.0,"data_set_value_component_parameters_variable_f":10.0,"data_set_value_component_parameters_variable_g":10.0,"data_set_value_component_parameters_variable_Ca_max":1.0,"data_set_value_component_parameters_variable_Total_Tn":1.0,"data_set_value_component_parameters_variable_Total_CB":1.0,"data_set_value_component_Ca_t_variable_Ca_t":0.0,"data_set_value_component_TnCa_variable_TnCa":0.0000161987,"data_set_value_component_CB_on_variable_CB_on":0.0035155094,"data_set_value_component_CumCB_variable_CumCB_on":0.4792201383,"data_set_value_component_CumCB_variable_CumCB_off":0.4757046289,"data_set_value_component_force_development_variable_F":0.0035155094,"data_set_value_component_force_development_variable_FTI":0.0475704629,"data_set_value_component_force_development_variable_FLA":0.228,"data_set_value_component_force_development_variable_phi":1.0,"data_set_value_component_force_development_variable_s":1.0,"data_set_value_component_force_development_variable_L":1.0,"data_set_value_component_force_development_variable_L_0":0.0,"data_set_value_component_force_development_variable_F_max":0.228,"data_set_value_component_ATP_variable_ATP":1.0,"data_set_value_component_ATP_variable_ATP_energy":1.0,"data_set_value_component_ATP_variable_epsilon":1.0,"data_set_value_component_ATP_variable_CumCB_on_end":1.0,"data_set_value_component_equations_main_variable_Efficiency":0.228,"data_set_value_component_equations_main_variable_Economy":0.1},{"data_set_value_component_environment_variable_t":0.7,"data_set_value_component_parameters_variable_D_Ca":0.1,"data_set_value_component_parameters_variable_k_1":40.0,"data_set_value_component_parameters_variable_k_2":20.0,"data_set_value_component_parameters_variable_f":10.0,"data_set_value_component_parameters_variable_g":10.0,"data_set_value_component_parameters_variable_Ca_max":1.0,"data_set_value_component_parameters_variable_Total_Tn":1.0,"data_set_value_component_parameters_variable_Total_CB":1.0,"data_set_value_component_Ca_t_variable_Ca_t":0.0,"data_set_value_component_TnCa_variable_TnCa":0.000002212,"data_set_value_component_CB_on_variable_CB_on":0.0012971234,"data_set_value_component_CumCB_variable_CumCB_on":0.4792271113,"data_set_value_component_CumCB_variable_CumCB_off":0.4779299879,"data_set_value_component_force_development_variable_F":0.0012971234,"data_set_value_component_force_development_variable_FTI":0.0477929988,"data_set_value_component_force_development_variable_FLA":0.228,"data_set_value_component_force_development_variable_phi":1.0,"data_set_value_component_force_development_variable_s":1.0,"data_set_value_component_force_development_variable_L":1.0,"data_set_value_component_force_development_variable_L_0":0.0,"data_set_value_component_force_development_variable_F_max":0.228,"data_set_value_component_ATP_variable_ATP":1.0,"data_set_value_component_ATP_variable_ATP_energy":1.0,"data_set_value_component_ATP_variable_epsilon":1.0,"data_set_value_component_ATP_variable_CumCB_on_end":1.0,"data_set_value_component_equations_main_variable_Efficiency":0.228,"data_set_value_component_equations_main_variable_Economy":0.1},{"data_set_value_component_environment_variable_t":0.8,"data_set_value_component_parameters_variable_D_Ca":0.1,"data_set_value_component_parameters_variable_k_1":40.0,"data_set_value_component_parameters_variable_k_2":20.0,"data_set_value_component_parameters_variable_f":10.0,"data_set_value_component_parameters_variable_g":10.0,"data_set_value_component_parameters_variable_Ca_max":1.0,"data_set_value_component_parameters_variable_Total_Tn":1.0,"data_set_value_component_parameters_variable_Total_CB":1.0,"data_set_value_component_Ca_t_variable_Ca_t":0.0,"data_set_value_component_TnCa_variable_TnCa":0.0000003018,"data_set_value_component_CB_on_variable_CB_on":0.000477733,"data_set_value_component_CumCB_variable_CumCB_on":0.4792280651,"data_set_value_component_CumCB_variable_CumCB_off":0.4787503321,"data_set_value_component_force_development_variable_F":0.000477733,"data_set_value_component_force_development_variable_FTI":0.0478750332,"data_set_value_component_force_development_variable_FLA":0.228,"data_set_value_component_force_development_variable_phi":1.0,"data_set_value_component_force_development_variable_s":1.0,"data_set_value_component_force_development_variable_L":1.0,"data_set_value_component_force_development_variable_L_0":0.0,"data_set_value_component_force_development_variable_F_max":0.228,"data_set_value_component_ATP_variable_ATP":1.0,"data_set_value_component_ATP_variable_ATP_energy":1.0,"data_set_value_component_ATP_variable_epsilon":1.0,"data_set_value_component_ATP_variable_CumCB_on_end":1.0,"data_set_value_component_equations_main_variable_Efficiency":0.228,"data_set_value_component_equations_main_variable_Economy":0.1},{"data_set_value_component_environment_variable_t":0.9,"data_set_value_component_parameters_variable_D_Ca":0.1,"data_set_value_component_parameters_variable_k_1":40.0,"data_set_value_component_parameters_variable_k_2":20.0,"data_set_value_component_parameters_variable_f":10.0,"data_set_value_component_parameters_variable_g":10.0,"data_set_value_component_parameters_variable_Ca_max":1.0,"data_set_value_component_parameters_variable_Total_Tn":1.0,"data_set_value_component_parameters_variable_Total_CB":1.0,"data_set_value_component_Ca_t_variable_Ca_t":0.0,"data_set_value_component_TnCa_variable_TnCa":0.0000000461,"data_set_value_component_CB_on_variable_CB_on":0.0001758888,"data_set_value_component_CumCB_variable_CumCB_on":0.4792281932,"data_set_value_component_CumCB_variable_CumCB_off":0.4790523044,"data_set_value_component_force_development_variable_F":0.0001758888,"data_set_value_component_force_development_variable_FTI":0.0479052304,"data_set_value_component_force_development_variable_FLA":0.228,"data_set_value_component_force_development_variable_phi":1.0,"data_set_value_component_force_development_variable_s":1.0,"data_set_value_component_force_development_variable_L":1.0,"data_set_value_component_force_development_variable_L_0":0.0,"data_set_value_component_force_development_variable_F_max":0.228,"data_set_value_component_ATP_variable_ATP":1.0,"data_set_value_component_ATP_variable_ATP_energy":1.0,"data_set_value_component_ATP_variable_epsilon":1.0,"data_set_value_component_ATP_variable_CumCB_on_end":1.0,"data_set_value_component_equations_main_variable_Efficiency":0.228,"data_set_value_component_equations_main_variable_Economy":0.1},{"data_set_value_component_environment_variable_t":1.0,"data_set_value_component_parameters_variable_D_Ca":0.1,"data_set_value_component_parameters_variable_k_1":40.0,"data_set_value_component_parameters_variable_k_2":20.0,"data_set_value_component_parameters_variable_f":10.0,"data_set_value_component_parameters_variable_g":10.0,"data_set_value_component_parameters_variable_Ca_max":1.0,"data_set_value_component_parameters_variable_Total_Tn":1.0,"data_set_value_component_parameters_variable_Total_CB":1.0,"data_set_value_component_Ca_t_variable_Ca_t":0.0,"data_set_value_component_TnCa_variable_TnCa":0.000000007,"data_set_value_component_CB_on_variable_CB_on":0.0000647904,"data_set_value_component_CumCB_variable_CumCB_on":0.4792282124,"data_set_value_component_CumCB_variable_CumCB_off":0.4791634219,"data_set_value_component_force_development_variable_F":0.0000647904,"data_set_value_component_force_development_variable_FTI":0.0479163422,"data_set_value_component_force_development_variable_FLA":0.228,"data_set_value_component_force_development_variable_phi":1.0,"data_set_value_component_force_development_variable_s":1.0,"data_set_value_component_force_development_variable_L":1.0,"data_set_value_component_force_development_variable_L_0":0.0,"data_set_value_component_force_development_variable_F_max":0.228,"data_set_value_component_ATP_variable_ATP":1.0,"data_set_value_component_ATP_variable_ATP_energy":1.0,"data_set_value_component_ATP_variable_epsilon":1.0,"data_set_value_component_ATP_variable_CumCB_on_end":1.0,"data_set_value_component_equations_main_variable_Efficiency":0.228,"data_set_value_component_equations_main_variable_Economy":0.1}]