[{"data_set_value_component_environment_variable_time":0.0,"data_set_value_component_r_variable_r":0.5,"data_set_value_component_c1_variable_c1":0.3333333333,"data_set_value_component_c2_variable_c2":0.0,"data_set_value_component_e_PI3K_variable_e_PI3K":0.0,"data_set_value_component_e_PI3K_variable_kappa_PI3K":0.3,"data_set_value_component_e_PI3K_variable_alpha_PI3K":80.0,"data_set_value_component_m_3PI_variable_m_3PI":0.0,"data_set_value_component_m_3PI_variable_k_3PI":1.0,"data_set_value_component_e_GEF_variable_e_GEF":0.0,"data_set_value_component_e_GEF_variable_K_GR":495.0,"data_set_value_component_e_GEF_variable_K_GP":5.09,"data_set_value_component_m_Ras_variable_m_Ras":0.0,"data_set_value_component_m_Ras_variable_k_Ras":1.0,"data_set_value_component_m_Ras_variable_gamma":0.1,"data_set_value_component_x1_variable_x1":0.0,"data_set_value_component_x1_variable_kd_x1":0.745,"data_set_value_component_x2_variable_x2":0.0,"data_set_value_component_x2_variable_kd_x2":2.85,"data_set_value_component_x2_variable_K_x2":6.77,"data_set_value_component_y_variable_y":1.0,"data_set_value_component_y_variable_Vmax_yph1_KM_yph1":4.4,"data_set_value_component_yp_variable_yp":0.0,"data_set_value_component_ypp_variable_ypp":0.0,"data_set_value_component_ypp_variable_Vmax_yph2_KM_yph2":6.77,"data_set_value_component_z_variable_z":1.0,"data_set_value_component_z_variable_Vmax_zph1_KM_zph1":0.451,"data_set_value_component_z_variable_Vmax_y1_KM_y1":11.8,"data_set_value_component_zp_variable_zp":0.0,"data_set_value_component_zpp_variable_zpp":0.0,"data_set_value_component_zpp_variable_Vmax_zph2_KM_zph2":0.228,"data_set_value_component_zpp_variable_Vmax_y2_KM_y2":31.9,"data_set_value_component_f_GEF_variable_f_GEF":1.0,"data_set_value_component_f_GEF_variable_n":1.03,"data_set_value_component_f_GEF_variable_Kf":3.76,"data_set_value_component_f_GEF_variable_Zf":0.272,"data_set_value_component_f_GEF_variable_k_FB_f":0.976,"data_set_value_component_w_variable_w":0.0,"data_set_value_component_w_variable_kd_w":0.0333,"data_set_value_component_e_ph_variable_e_ph":1.0,"data_set_value_component_e_ph_variable_k_FB_ph":2.34,"data_set_value_component_e_ph_variable_p":1.98,"data_set_value_component_e_ph_variable_Wph":0.385,"data_set_value_component_e_ph_variable_Kph":4.64,"data_set_value_component_model_parameters_variable_L":1.0,"data_set_value_component_model_parameters_variable_kt":0.005,"data_set_value_component_model_parameters_variable_ke":0.2,"data_set_value_component_model_parameters_variable_kxR0":0.3,"data_set_value_component_model_parameters_variable_k_minusx":0.07,"data_set_value_component_model_parameters_variable_KDL":1.5,"data_set_value_component_model_parameters_variable_KM_x11":30.3,"data_set_value_component_model_parameters_variable_KM_x12":45.5,"data_set_value_component_model_parameters_variable_KM_x21":21.6,"data_set_value_component_model_parameters_variable_KM_x22":15.7,"data_set_value_component_model_parameters_variable_KM_y1":31.9,"data_set_value_component_model_parameters_variable_KM_y2":8.81,"data_set_value_component_model_parameters_variable_KM_zph1":14.0,"data_set_value_component_model_parameters_variable_KM_zph2":31.5,"data_set_value_component_model_parameters_variable_KM_yph1":44.0,"data_set_value_component_model_parameters_variable_KM_yph2":12.7,"data_set_value_component_model_parameters_variable_Vmax_x11_KM_x11":1.18,"data_set_value_component_model_parameters_variable_Vmax_x21_KM_x21":0.405,"data_set_value_component_model_parameters_variable_Vmax_x12_KM_x12":4.71,"data_set_value_component_model_parameters_variable_Vmax_x22_KM_x22":2.41},{"data_set_value_component_environment_variable_time":0.1,"data_set_value_component_r_variable_r":0.4960960541,"data_set_value_component_c1_variable_c1":0.3307307027,"data_set_value_component_c2_variable_c2":0.003262909,"data_set_value_component_e_PI3K_variable_e_PI3K":0.0,"data_set_value_component_e_PI3K_variable_kappa_PI3K":0.3,"data_set_value_component_e_PI3K_variable_alpha_PI3K":80.0,"data_set_value_component_m_3PI_variable_m_3PI":0.0,"data_set_value_component_m_3PI_variable_k_3PI":1.0,"data_set_value_component_e_GEF_variable_e_GEF":0.6176112855,"data_set_value_component_e_GEF_variable_K_GR":495.0,"data_set_value_component_e_GEF_variable_K_GP":5.09,"data_set_value_component_m_Ras_variable_m_Ras":0.0429879627,"data_set_value_component_m_Ras_variable_k_Ras":1.0,"data_set_value_component_m_Ras_variable_gamma":0.1,"data_set_value_component_x1_variable_x1":0.001223267,"data_set_value_component_x1_variable_kd_x1":0.745,"data_set_value_component_x2_variable_x2":0.0,"data_set_value_component_x2_variable_kd_x2":2.85,"data_set_value_component_x2_variable_K_x2":6.77,"data_set_value_component_y_variable_y":0.9999646938,"data_set_value_component_y_variable_Vmax_yph1_KM_yph1":4.4,"data_set_value_component_yp_variable_yp":0.0000353037,"data_set_value_component_ypp_variable_ypp":0.0000000026,"data_set_value_component_ypp_variable_Vmax_yph2_KM_yph2":6.77,"data_set_value_component_z_variable_z":0.9999999996,"data_set_value_component_z_variable_Vmax_zph1_KM_zph1":0.451,"data_set_value_component_z_variable_Vmax_y1_KM_y1":11.8,"data_set_value_component_zp_variable_zp":0.0000000003,"data_set_value_component_zpp_variable_zpp":0.0000000001,"data_set_value_component_zpp_variable_Vmax_zph2_KM_zph2":0.228,"data_set_value_component_zpp_variable_Vmax_y2_KM_y2":31.9,"data_set_value_component_f_GEF_variable_f_GEF":1.0,"data_set_value_component_f_GEF_variable_n":1.03,"data_set_value_component_f_GEF_variable_Kf":3.76,"data_set_value_component_f_GEF_variable_Zf":0.272,"data_set_value_component_f_GEF_variable_k_FB_f":0.976,"data_set_value_component_w_variable_w":0.0,"data_set_value_component_w_variable_kd_w":0.0333,"data_set_value_component_e_ph_variable_e_ph":1.0,"data_set_value_component_e_ph_variable_k_FB_ph":2.34,"data_set_value_component_e_ph_variable_p":1.98,"data_set_value_component_e_ph_variable_Wph":0.385,"data_set_value_component_e_ph_variable_Kph":4.64,"data_set_value_component_model_parameters_variable_L":1.0,"data_set_value_component_model_parameters_variable_kt":0.005,"data_set_value_component_model_parameters_variable_ke":0.2,"data_set_value_component_model_parameters_variable_kxR0":0.3,"data_set_value_component_model_parameters_variable_k_minusx":0.07,"data_set_value_component_model_parameters_variable_KDL":1.5,"data_set_value_component_model_parameters_variable_KM_x11":30.3,"data_set_value_component_model_parameters_variable_KM_x12":45.5,"data_set_value_component_model_parameters_variable_KM_x21":21.6,"data_set_value_component_model_parameters_variable_KM_x22":15.7,"data_set_value_component_model_parameters_variable_KM_y1":31.9,"data_set_value_component_model_parameters_variable_KM_y2":8.81,"data_set_value_component_model_parameters_variable_KM_zph1":14.0,"data_set_value_component_model_parameters_variable_KM_zph2":31.5,"data_set_value_component_model_parameters_variable_KM_yph1":44.0,"data_set_value_component_model_parameters_variable_KM_yph2":12.7,"data_set_value_component_model_parameters_variable_Vmax_x11_KM_x11":1.18,"data_set_value_component_model_parameters_variable_Vmax_x21_KM_x21":0.405,"data_set_value_component_model_parameters_variable_Vmax_x12_KM_x12":4.71,"data_set_value_component_model_parameters_variable_Vmax_x22_KM_x22":2.41},{"data_set_value_component_environment_variable_time":0.2,"data_set_value_component_r_variable_r":0.492282125,"data_set_value_component_c1_variable_c1":0.3281880834,"data_set_value_component_c2_variable_c2":0.0063885353,"data_set_value_component_e_PI3K_variable_e_PI3K":0.0,"data_set_value_component_e_PI3K_variable_kappa_PI3K":0.3,"data_set_value_component_e_PI3K_variable_alpha_PI3K":80.0,"data_set_value_component_m_3PI_variable_m_3PI":0.0,"data_set_value_component_m_3PI_variable_k_3PI":1.0,"data_set_value_component_e_GEF_variable_e_GEF":0.7597496553,"data_set_value_component_e_GEF_variable_K_GR":495.0,"data_set_value_component_e_GEF_variable_K_GP":5.09,"data_set_value_component_m_Ras_variable_m_Ras":0.1117800007,"data_set_value_component_m_Ras_variable_k_Ras":1.0,"data_set_value_component_m_Ras_variable_gamma":0.1,"data_set_value_component_x1_variable_x1":0.0066835406,"data_set_value_component_x1_variable_kd_x1":0.745,"data_set_value_component_x2_variable_x2":0.0,"data_set_value_component_x2_variable_kd_x2":2.85,"data_set_value_component_x2_variable_K_x2":6.77,"data_set_value_component_y_variable_y":0.9996300007,"data_set_value_component_y_variable_Vmax_yph1_KM_yph1":4.4,"data_set_value_component_yp_variable_yp":0.0003697122,"data_set_value_component_ypp_variable_ypp":0.0000002871,"data_set_value_component_ypp_variable_Vmax_yph2_KM_yph2":6.77,"data_set_value_component_z_variable_z":0.9999999145,"data_set_value_component_z_variable_Vmax_zph1_KM_zph1":0.451,"data_set_value_component_z_variable_Vmax_y1_KM_y1":11.8,"data_set_value_component_zp_variable_zp":0.000000049,"data_set_value_component_zpp_variable_zpp":0.0000000365,"data_set_value_component_zpp_variable_Vmax_zph2_KM_zph2":0.228,"data_set_value_component_zpp_variable_Vmax_y2_KM_y2":31.9,"data_set_value_component_f_GEF_variable_f_GEF":0.9999999983,"data_set_value_component_f_GEF_variable_n":1.03,"data_set_value_component_f_GEF_variable_Kf":3.76,"data_set_value_component_f_GEF_variable_Zf":0.272,"data_set_value_component_f_GEF_variable_k_FB_f":0.976,"data_set_value_component_w_variable_w":0.0,"data_set_value_component_w_variable_kd_w":0.0333,"data_set_value_component_e_ph_variable_e_ph":1.0,"data_set_value_component_e_ph_variable_k_FB_ph":2.34,"data_set_value_component_e_ph_variable_p":1.98,"data_set_value_component_e_ph_variable_Wph":0.385,"data_set_value_component_e_ph_variable_Kph":4.64,"data_set_value_component_model_parameters_variable_L":1.0,"data_set_value_component_model_parameters_variable_kt":0.005,"data_set_value_component_model_parameters_variable_ke":0.2,"data_set_value_component_model_parameters_variable_kxR0":0.3,"data_set_value_component_model_parameters_variable_k_minusx":0.07,"data_set_value_component_model_parameters_variable_KDL":1.5,"data_set_value_component_model_parameters_variable_KM_x11":30.3,"data_set_value_component_model_parameters_variable_KM_x12":45.5,"data_set_value_component_model_parameters_variable_KM_x21":21.6,"data_set_value_component_model_parameters_variable_KM_x22":15.7,"data_set_value_component_model_parameters_variable_KM_y1":31.9,"data_set_value_component_model_parameters_variable_KM_y2":8.81,"data_set_value_component_model_parameters_variable_KM_zph1":14.0,"data_set_value_component_model_parameters_variable_KM_zph2":31.5,"data_set_value_component_model_parameters_variable_KM_yph1":44.0,"data_set_value_component_model_parameters_variable_KM_yph2":12.7,"data_set_value_component_model_parameters_variable_Vmax_x11_KM_x11":1.18,"data_set_value_component_model_parameters_variable_Vmax_x21_KM_x21":0.405,"data_set_value_component_model_parameters_variable_Vmax_x12_KM_x12":4.71,"data_set_value_component_model_parameters_variable_Vmax_x22_KM_x22":2.41},{"data_set_value_component_environment_variable_time":0.3,"data_set_value_component_r_variable_r":0.4885551726,"data_set_value_component_c1_variable_c1":0.3257034484,"data_set_value_component_c2_variable_c2":0.0093820689,"data_set_value_component_e_PI3K_variable_e_PI3K":0.0,"data_set_value_component_e_PI3K_variable_kappa_PI3K":0.3,"data_set_value_component_e_PI3K_variable_alpha_PI3K":80.0,"data_set_value_component_m_3PI_variable_m_3PI":0.0,"data_set_value_component_m_3PI_variable_k_3PI":1.0,"data_set_value_component_e_GEF_variable_e_GEF":0.8228245272,"data_set_value_component_e_GEF_variable_K_GR":495.0,"data_set_value_component_e_GEF_variable_K_GP":5.09,"data_set_value_component_m_Ras_variable_m_Ras":0.1832611212,"data_set_value_component_m_Ras_variable_k_Ras":1.0,"data_set_value_component_m_Ras_variable_gamma":0.1,"data_set_value_component_x1_variable_x1":0.0168583961,"data_set_value_component_x1_variable_kd_x1":0.745,"data_set_value_component_x2_variable_x2":0.0,"data_set_value_component_x2_variable_kd_x2":2.85,"data_set_value_component_x2_variable_K_x2":6.77,"data_set_value_component_y_variable_y":0.9986751916,"data_set_value_component_y_variable_Vmax_yph1_KM_yph1":4.4,"data_set_value_component_yp_variable_yp":0.0013210499,"data_set_value_component_ypp_variable_ypp":0.0000037584,"data_set_value_component_ypp_variable_Vmax_yph2_KM_yph2":6.77,"data_set_value_component_z_variable_z":0.9999982404,"data_set_value_component_z_variable_Vmax_zph1_KM_zph1":0.451,"data_set_value_component_z_variable_Vmax_y1_KM_y1":11.8,"data_set_value_component_zp_variable_zp":0.0000008065,"data_set_value_component_zpp_variable_zpp":0.0000009532,"data_set_value_component_zpp_variable_Vmax_zph2_KM_zph2":0.228,"data_set_value_component_zpp_variable_Vmax_y2_KM_y2":31.9,"data_set_value_component_f_GEF_variable_f_GEF":0.9999999238,"data_set_value_component_f_GEF_variable_n":1.03,"data_set_value_component_f_GEF_variable_Kf":3.76,"data_set_value_component_f_GEF_variable_Zf":0.272,"data_set_value_component_f_GEF_variable_k_FB_f":0.976,"data_set_value_component_w_variable_w":0.0000000011,"data_set_value_component_w_variable_kd_w":0.0333,"data_set_value_component_e_ph_variable_e_ph":1.0,"data_set_value_component_e_ph_variable_k_FB_ph":2.34,"data_set_value_component_e_ph_variable_p":1.98,"data_set_value_component_e_ph_variable_Wph":0.385,"data_set_value_component_e_ph_variable_Kph":4.64,"data_set_value_component_model_parameters_variable_L":1.0,"data_set_value_component_model_parameters_variable_kt":0.005,"data_set_value_component_model_parameters_variable_ke":0.2,"data_set_value_component_model_parameters_variable_kxR0":0.3,"data_set_value_component_model_parameters_variable_k_minusx":0.07,"data_set_value_component_model_parameters_variable_KDL":1.5,"data_set_value_component_model_parameters_variable_KM_x11":30.3,"data_set_value_component_model_parameters_variable_KM_x12":45.5,"data_set_value_component_model_parameters_variable_KM_x21":21.6,"data_set_value_component_model_parameters_variable_KM_x22":15.7,"data_set_value_component_model_parameters_variable_KM_y1":31.9,"data_set_value_component_model_parameters_variable_KM_y2":8.81,"data_set_value_component_model_parameters_variable_KM_zph1":14.0,"data_set_value_component_model_parameters_variable_KM_zph2":31.5,"data_set_value_component_model_parameters_variable_KM_yph1":44.0,"data_set_value_component_model_parameters_variable_KM_yph2":12.7,"data_set_value_component_model_parameters_variable_Vmax_x11_KM_x11":1.18,"data_set_value_component_model_parameters_variable_Vmax_x21_KM_x21":0.405,"data_set_value_component_model_parameters_variable_Vmax_x12_KM_x12":4.71,"data_set_value_component_model_parameters_variable_Vmax_x22_KM_x22":2.41},{"data_set_value_component_environment_variable_time":0.4,"data_set_value_component_r_variable_r":0.4849122789,"data_set_value_component_c1_variable_c1":0.3232748526,"data_set_value_component_c2_variable_c2":0.0122484973,"data_set_value_component_e_PI3K_variable_e_PI3K":0.0,"data_set_value_component_e_PI3K_variable_kappa_PI3K":0.3,"data_set_value_component_e_PI3K_variable_alpha_PI3K":80.0,"data_set_value_component_m_3PI_variable_m_3PI":0.0,"data_set_value_component_m_3PI_variable_k_3PI":1.0,"data_set_value_component_e_GEF_variable_e_GEF":0.8584163632,"data_set_value_component_e_GEF_variable_K_GR":495.0,"data_set_value_component_e_GEF_variable_K_GP":5.09,"data_set_value_component_m_Ras_variable_m_Ras":0.2522460552,"data_set_value_component_m_Ras_variable_k_Ras":1.0,"data_set_value_component_m_Ras_variable_gamma":0.1,"data_set_value_component_x1_variable_x1":0.0313885527,"data_set_value_component_x1_variable_kd_x1":0.745,"data_set_value_component_x2_variable_x2":0.0,"data_set_value_component_x2_variable_kd_x2":2.85,"data_set_value_component_x2_variable_K_x2":6.77,"data_set_value_component_y_variable_y":0.9969008621,"data_set_value_component_y_variable_Vmax_yph1_KM_yph1":4.4,"data_set_value_component_yp_variable_yp":0.0030782065,"data_set_value_component_ypp_variable_ypp":0.0000209314,"data_set_value_component_ypp_variable_Vmax_yph2_KM_yph2":6.77,"data_set_value_component_z_variable_z":0.9999863646,"data_set_value_component_z_variable_Vmax_zph1_KM_zph1":0.451,"data_set_value_component_z_variable_Vmax_y1_KM_y1":11.8,"data_set_value_component_zp_variable_zp":0.0000051429,"data_set_value_component_zpp_variable_zpp":0.0000084925,"data_set_value_component_zpp_variable_Vmax_zph2_KM_zph2":0.228,"data_set_value_component_zpp_variable_Vmax_y2_KM_y2":31.9,"data_set_value_component_f_GEF_variable_f_GEF":0.9999989937,"data_set_value_component_f_GEF_variable_n":1.03,"data_set_value_component_f_GEF_variable_Kf":3.76,"data_set_value_component_f_GEF_variable_Zf":0.272,"data_set_value_component_f_GEF_variable_k_FB_f":0.976,"data_set_value_component_w_variable_w":0.0000000132,"data_set_value_component_w_variable_kd_w":0.0333,"data_set_value_component_e_ph_variable_e_ph":1.0,"data_set_value_component_e_ph_variable_k_FB_ph":2.34,"data_set_value_component_e_ph_variable_p":1.98,"data_set_value_component_e_ph_variable_Wph":0.385,"data_set_value_component_e_ph_variable_Kph":4.64,"data_set_value_component_model_parameters_variable_L":1.0,"data_set_value_component_model_parameters_variable_kt":0.005,"data_set_value_component_model_parameters_variable_ke":0.2,"data_set_value_component_model_parameters_variable_kxR0":0.3,"data_set_value_component_model_parameters_variable_k_minusx":0.07,"data_set_value_component_model_parameters_variable_KDL":1.5,"data_set_value_component_model_parameters_variable_KM_x11":30.3,"data_set_value_component_model_parameters_variable_KM_x12":45.5,"data_set_value_component_model_parameters_variable_KM_x21":21.6,"data_set_value_component_model_parameters_variable_KM_x22":15.7,"data_set_value_component_model_parameters_variable_KM_y1":31.9,"data_set_value_component_model_parameters_variable_KM_y2":8.81,"data_set_value_component_model_parameters_variable_KM_zph1":14.0,"data_set_value_component_model_parameters_variable_KM_zph2":31.5,"data_set_value_component_model_parameters_variable_KM_yph1":44.0,"data_set_value_component_model_parameters_variable_KM_yph2":12.7,"data_set_value_component_model_parameters_variable_Vmax_x11_KM_x11":1.18,"data_set_value_component_model_parameters_variable_Vmax_x21_KM_x21":0.405,"data_set_value_component_model_parameters_variable_Vmax_x12_KM_x12":4.71,"data_set_value_component_model_parameters_variable_Vmax_x22_KM_x22":2.41},{"data_set_value_component_environment_variable_time":0.5,"data_set_value_component_r_variable_r":0.481350643,"data_set_value_component_c1_variable_c1":0.3209004287,"data_set_value_component_c2_variable_c2":0.0149926142,"data_set_value_component_e_PI3K_variable_e_PI3K":0.0,"data_set_value_component_e_PI3K_variable_kappa_PI3K":0.3,"data_set_value_component_e_PI3K_variable_alpha_PI3K":80.0,"data_set_value_component_m_3PI_variable_m_3PI":0.0,"data_set_value_component_m_3PI_variable_k_3PI":1.0,"data_set_value_component_e_GEF_variable_e_GEF":0.8812480433,"data_set_value_component_e_GEF_variable_K_GR":495.0,"data_set_value_component_e_GEF_variable_K_GP":5.09,"data_set_value_component_m_Ras_variable_m_Ras":0.3170259406,"data_set_value_component_m_Ras_variable_k_Ras":1.0,"data_set_value_component_m_Ras_variable_gamma":0.1,"data_set_value_component_x1_variable_x1":0.0497187164,"data_set_value_component_x1_variable_kd_x1":0.745,"data_set_value_component_x2_variable_x2":0.0,"data_set_value_component_x2_variable_kd_x2":2.85,"data_set_value_component_x2_variable_K_x2":6.77,"data_set_value_component_y_variable_y":0.9942221662,"data_set_value_component_y_variable_Vmax_yph1_KM_yph1":4.4,"data_set_value_component_yp_variable_yp":0.0057040945,"data_set_value_component_ypp_variable_ypp":0.0000737392,"data_set_value_component_ypp_variable_Vmax_yph2_KM_yph2":6.77,"data_set_value_component_z_variable_z":0.9999375175,"data_set_value_component_z_variable_Vmax_zph1_KM_zph1":0.451,"data_set_value_component_z_variable_Vmax_y1_KM_y1":11.8,"data_set_value_component_zp_variable_zp":0.000020023,"data_set_value_component_zpp_variable_zpp":0.0000424595,"data_set_value_component_zpp_variable_Vmax_zph2_KM_zph2":0.228,"data_set_value_component_zpp_variable_Vmax_y2_KM_y2":31.9,"data_set_value_component_f_GEF_variable_f_GEF":0.9999931174,"data_set_value_component_f_GEF_variable_n":1.03,"data_set_value_component_f_GEF_variable_Kf":3.76,"data_set_value_component_f_GEF_variable_Zf":0.272,"data_set_value_component_f_GEF_variable_k_FB_f":0.976,"data_set_value_component_w_variable_w":0.000000086,"data_set_value_component_w_variable_kd_w":0.0333,"data_set_value_component_e_ph_variable_e_ph":1.0,"data_set_value_component_e_ph_variable_k_FB_ph":2.34,"data_set_value_component_e_ph_variable_p":1.98,"data_set_value_component_e_ph_variable_Wph":0.385,"data_set_value_component_e_ph_variable_Kph":4.64,"data_set_value_component_model_parameters_variable_L":1.0,"data_set_value_component_model_parameters_variable_kt":0.005,"data_set_value_component_model_parameters_variable_ke":0.2,"data_set_value_component_model_parameters_variable_kxR0":0.3,"data_set_value_component_model_parameters_variable_k_minusx":0.07,"data_set_value_component_model_parameters_variable_KDL":1.5,"data_set_value_component_model_parameters_variable_KM_x11":30.3,"data_set_value_component_model_parameters_variable_KM_x12":45.5,"data_set_value_component_model_parameters_variable_KM_x21":21.6,"data_set_value_component_model_parameters_variable_KM_x22":15.7,"data_set_value_component_model_parameters_variable_KM_y1":31.9,"data_set_value_component_model_parameters_variable_KM_y2":8.81,"data_set_value_component_model_parameters_variable_KM_zph1":14.0,"data_set_value_component_model_parameters_variable_KM_zph2":31.5,"data_set_value_component_model_parameters_variable_KM_yph1":44.0,"data_set_value_component_model_parameters_variable_KM_yph2":12.7,"data_set_value_component_model_parameters_variable_Vmax_x11_KM_x11":1.18,"data_set_value_component_model_parameters_variable_Vmax_x21_KM_x21":0.405,"data_set_value_component_model_parameters_variable_Vmax_x12_KM_x12":4.71,"data_set_value_component_model_parameters_variable_Vmax_x22_KM_x22":2.41},{"data_set_value_component_environment_variable_time":0.6,"data_set_value_component_r_variable_r":0.4778675756,"data_set_value_component_c1_variable_c1":0.3185783838,"data_set_value_component_c2_variable_c2":0.017619027,"data_set_value_component_e_PI3K_variable_e_PI3K":0.0,"data_set_value_component_e_PI3K_variable_kappa_PI3K":0.3,"data_set_value_component_e_PI3K_variable_alpha_PI3K":80.0,"data_set_value_component_m_3PI_variable_m_3PI":0.0,"data_set_value_component_m_3PI_variable_k_3PI":1.0,"data_set_value_component_e_GEF_variable_e_GEF":0.8971064139,"data_set_value_component_e_GEF_variable_K_GR":495.0,"data_set_value_component_e_GEF_variable_K_GP":5.09,"data_set_value_component_m_Ras_variable_m_Ras":0.3770480593,"data_set_value_component_m_Ras_variable_k_Ras":1.0,"data_set_value_component_m_Ras_variable_gamma":0.1,"data_set_value_component_x1_variable_x1":0.0712578533,"data_set_value_component_x1_variable_kd_x1":0.745,"data_set_value_component_x2_variable_x2":0.0,"data_set_value_component_x2_variable_kd_x2":2.85,"data_set_value_component_x2_variable_K_x2":6.77,"data_set_value_component_y_variable_y":0.9906343441,"data_set_value_component_y_variable_Vmax_yph1_KM_yph1":4.4,"data_set_value_component_yp_variable_yp":0.0091701257,"data_set_value_component_ypp_variable_ypp":0.0001955302,"data_set_value_component_ypp_variable_Vmax_yph2_KM_yph2":6.77,"data_set_value_component_z_variable_z":0.9997935233,"data_set_value_component_z_variable_Vmax_zph1_KM_zph1":0.451,"data_set_value_component_z_variable_Vmax_y1_KM_y1":11.8,"data_set_value_component_zp_variable_zp":0.0000566362,"data_set_value_component_zpp_variable_zpp":0.0001498405,"data_set_value_component_zpp_variable_Vmax_zph2_KM_zph2":0.228,"data_set_value_component_zpp_variable_Vmax_y2_KM_y2":31.9,"data_set_value_component_f_GEF_variable_f_GEF":0.9999688587,"data_set_value_component_f_GEF_variable_n":1.03,"data_set_value_component_f_GEF_variable_Kf":3.76,"data_set_value_component_f_GEF_variable_Zf":0.272,"data_set_value_component_f_GEF_variable_k_FB_f":0.976,"data_set_value_component_w_variable_w":0.0000003742,"data_set_value_component_w_variable_kd_w":0.0333,"data_set_value_component_e_ph_variable_e_ph":1.0,"data_set_value_component_e_ph_variable_k_FB_ph":2.34,"data_set_value_component_e_ph_variable_p":1.98,"data_set_value_component_e_ph_variable_Wph":0.385,"data_set_value_component_e_ph_variable_Kph":4.64,"data_set_value_component_model_parameters_variable_L":1.0,"data_set_value_component_model_parameters_variable_kt":0.005,"data_set_value_component_model_parameters_variable_ke":0.2,"data_set_value_component_model_parameters_variable_kxR0":0.3,"data_set_value_component_model_parameters_variable_k_minusx":0.07,"data_set_value_component_model_parameters_variable_KDL":1.5,"data_set_value_component_model_parameters_variable_KM_x11":30.3,"data_set_value_component_model_parameters_variable_KM_x12":45.5,"data_set_value_component_model_parameters_variable_KM_x21":21.6,"data_set_value_component_model_parameters_variable_KM_x22":15.7,"data_set_value_component_model_parameters_variable_KM_y1":31.9,"data_set_value_component_model_parameters_variable_KM_y2":8.81,"data_set_value_component_model_parameters_variable_KM_zph1":14.0,"data_set_value_component_model_parameters_variable_KM_zph2":31.5,"data_set_value_component_model_parameters_variable_KM_yph1":44.0,"data_set_value_component_model_parameters_variable_KM_yph2":12.7,"data_set_value_component_model_parameters_variable_Vmax_x11_KM_x11":1.18,"data_set_value_component_model_parameters_variable_Vmax_x21_KM_x21":0.405,"data_set_value_component_model_parameters_variable_Vmax_x12_KM_x12":4.71,"data_set_value_component_model_parameters_variable_Vmax_x22_KM_x22":2.41},{"data_set_value_component_environment_variable_time":0.7,"data_set_value_component_r_variable_r":0.4744604939,"data_set_value_component_c1_variable_c1":0.3163069959,"data_set_value_component_c2_variable_c2":0.0201321656,"data_set_value_component_e_PI3K_variable_e_PI3K":0.0,"data_set_value_component_e_PI3K_variable_kappa_PI3K":0.3,"data_set_value_component_e_PI3K_variable_alpha_PI3K":80.0,"data_set_value_component_m_3PI_variable_m_3PI":0.0,"data_set_value_component_m_3PI_variable_k_3PI":1.0,"data_set_value_component_e_GEF_variable_e_GEF":0.9087069524,"data_set_value_component_e_GEF_variable_K_GR":495.0,"data_set_value_component_e_GEF_variable_K_GP":5.09,"data_set_value_component_m_Ras_variable_m_Ras":0.4322359927,"data_set_value_component_m_Ras_variable_k_Ras":1.0,"data_set_value_component_m_Ras_variable_gamma":0.1,"data_set_value_component_x1_variable_x1":0.0954358999,"data_set_value_component_x1_variable_kd_x1":0.745,"data_set_value_component_x2_variable_x2":0.0,"data_set_value_component_x2_variable_kd_x2":2.85,"data_set_value_component_x2_variable_K_x2":6.77,"data_set_value_component_y_variable_y":0.9861816966,"data_set_value_component_y_variable_Vmax_yph1_KM_yph1":4.4,"data_set_value_component_yp_variable_yp":0.0133906253,"data_set_value_component_ypp_variable_ypp":0.0004276781,"data_set_value_component_ypp_variable_Vmax_yph2_KM_yph2":6.77,"data_set_value_component_z_variable_z":0.9994536322,"data_set_value_component_z_variable_Vmax_zph1_KM_zph1":0.451,"data_set_value_component_z_variable_Vmax_y1_KM_y1":11.8,"data_set_value_component_zp_variable_zp":0.0001286159,"data_set_value_component_zpp_variable_zpp":0.0004177519,"data_set_value_component_zpp_variable_Vmax_zph2_KM_zph2":0.228,"data_set_value_component_zpp_variable_Vmax_y2_KM_y2":31.9,"data_set_value_component_f_GEF_variable_f_GEF":0.999892951,"data_set_value_component_f_GEF_variable_n":1.03,"data_set_value_component_f_GEF_variable_Kf":3.76,"data_set_value_component_f_GEF_variable_Zf":0.272,"data_set_value_component_f_GEF_variable_k_FB_f":0.976,"data_set_value_component_w_variable_w":0.0000012561,"data_set_value_component_w_variable_kd_w":0.0333,"data_set_value_component_e_ph_variable_e_ph":1.0,"data_set_value_component_e_ph_variable_k_FB_ph":2.34,"data_set_value_component_e_ph_variable_p":1.98,"data_set_value_component_e_ph_variable_Wph":0.385,"data_set_value_component_e_ph_variable_Kph":4.64,"data_set_value_component_model_parameters_variable_L":1.0,"data_set_value_component_model_parameters_variable_kt":0.005,"data_set_value_component_model_parameters_variable_ke":0.2,"data_set_value_component_model_parameters_variable_kxR0":0.3,"data_set_value_component_model_parameters_variable_k_minusx":0.07,"data_set_value_component_model_parameters_variable_KDL":1.5,"data_set_value_component_model_parameters_variable_KM_x11":30.3,"data_set_value_component_model_parameters_variable_KM_x12":45.5,"data_set_value_component_model_parameters_variable_KM_x21":21.6,"data_set_value_component_model_parameters_variable_KM_x22":15.7,"data_set_value_component_model_parameters_variable_KM_y1":31.9,"data_set_value_component_model_parameters_variable_KM_y2":8.81,"data_set_value_component_model_parameters_variable_KM_zph1":14.0,"data_set_value_component_model_parameters_variable_KM_zph2":31.5,"data_set_value_component_model_parameters_variable_KM_yph1":44.0,"data_set_value_component_model_parameters_variable_KM_yph2":12.7,"data_set_value_component_model_parameters_variable_Vmax_x11_KM_x11":1.18,"data_set_value_component_model_parameters_variable_Vmax_x21_KM_x21":0.405,"data_set_value_component_model_parameters_variable_Vmax_x12_KM_x12":4.71,"data_set_value_component_model_parameters_variable_Vmax_x22_KM_x22":2.41},{"data_set_value_component_environment_variable_time":0.8,"data_set_value_component_r_variable_r":0.4711269166,"data_set_value_component_c1_variable_c1":0.3140846111,"data_set_value_component_c2_variable_c2":0.022536289,"data_set_value_component_e_PI3K_variable_e_PI3K":0.0,"data_set_value_component_e_PI3K_variable_kappa_PI3K":0.3,"data_set_value_component_e_PI3K_variable_alpha_PI3K":80.0,"data_set_value_component_m_3PI_variable_m_3PI":0.0,"data_set_value_component_m_3PI_variable_k_3PI":1.0,"data_set_value_component_e_GEF_variable_e_GEF":0.9174557394,"data_set_value_component_e_GEF_variable_K_GR":495.0,"data_set_value_component_e_GEF_variable_K_GP":5.09,"data_set_value_component_m_Ras_variable_m_Ras":0.4827284404,"data_set_value_component_m_Ras_variable_k_Ras":1.0,"data_set_value_component_m_Ras_variable_gamma":0.1,"data_set_value_component_x1_variable_x1":0.1217257107,"data_set_value_component_x1_variable_kd_x1":0.745,"data_set_value_component_x2_variable_x2":0.0,"data_set_value_component_x2_variable_kd_x2":2.85,"data_set_value_component_x2_variable_K_x2":6.77,"data_set_value_component_y_variable_y":0.9809351325,"data_set_value_component_y_variable_Vmax_yph1_KM_yph1":4.4,"data_set_value_component_yp_variable_yp":0.018250334,"data_set_value_component_ypp_variable_ypp":0.0008145335,"data_set_value_component_ypp_variable_Vmax_yph2_KM_yph2":6.77,"data_set_value_component_z_variable_z":0.9987682336,"data_set_value_component_z_variable_Vmax_zph1_KM_zph1":0.451,"data_set_value_component_z_variable_Vmax_y1_KM_y1":11.8,"data_set_value_component_zp_variable_zp":0.0002537258,"data_set_value_component_zpp_variable_zpp":0.0009780406,"data_set_value_component_zpp_variable_Vmax_zph2_KM_zph2":0.228,"data_set_value_component_zpp_variable_Vmax_y2_KM_y2":31.9,"data_set_value_component_f_GEF_variable_f_GEF":0.9996984696,"data_set_value_component_f_GEF_variable_n":1.03,"data_set_value_component_f_GEF_variable_Kf":3.76,"data_set_value_component_f_GEF_variable_Zf":0.272,"data_set_value_component_f_GEF_variable_k_FB_f":0.976,"data_set_value_component_w_variable_w":0.0000034679,"data_set_value_component_w_variable_kd_w":0.0333,"data_set_value_component_e_ph_variable_e_ph":1.0,"data_set_value_component_e_ph_variable_k_FB_ph":2.34,"data_set_value_component_e_ph_variable_p":1.98,"data_set_value_component_e_ph_variable_Wph":0.385,"data_set_value_component_e_ph_variable_Kph":4.64,"data_set_value_component_model_parameters_variable_L":1.0,"data_set_value_component_model_parameters_variable_kt":0.005,"data_set_value_component_model_parameters_variable_ke":0.2,"data_set_value_component_model_parameters_variable_kxR0":0.3,"data_set_value_component_model_parameters_variable_k_minusx":0.07,"data_set_value_component_model_parameters_variable_KDL":1.5,"data_set_value_component_model_parameters_variable_KM_x11":30.3,"data_set_value_component_model_parameters_variable_KM_x12":45.5,"data_set_value_component_model_parameters_variable_KM_x21":21.6,"data_set_value_component_model_parameters_variable_KM_x22":15.7,"data_set_value_component_model_parameters_variable_KM_y1":31.9,"data_set_value_component_model_parameters_variable_KM_y2":8.81,"data_set_value_component_model_parameters_variable_KM_zph1":14.0,"data_set_value_component_model_parameters_variable_KM_zph2":31.5,"data_set_value_component_model_parameters_variable_KM_yph1":44.0,"data_set_value_component_model_parameters_variable_KM_yph2":12.7,"data_set_value_component_model_parameters_variable_Vmax_x11_KM_x11":1.18,"data_set_value_component_model_parameters_variable_Vmax_x21_KM_x21":0.405,"data_set_value_component_model_parameters_variable_Vmax_x12_KM_x12":4.71,"data_set_value_component_model_parameters_variable_Vmax_x22_KM_x22":2.41},{"data_set_value_component_environment_variable_time":0.9,"data_set_value_component_r_variable_r":0.4678644594,"data_set_value_component_c1_variable_c1":0.3119096396,"data_set_value_component_c2_variable_c2":0.0248354933,"data_set_value_component_e_PI3K_variable_e_PI3K":0.0,"data_set_value_component_e_PI3K_variable_kappa_PI3K":0.3,"data_set_value_component_e_PI3K_variable_alpha_PI3K":80.0,"data_set_value_component_m_3PI_variable_m_3PI":0.0,"data_set_value_component_m_3PI_variable_k_3PI":1.0,"data_set_value_component_e_GEF_variable_e_GEF":0.9241001813,"data_set_value_component_e_GEF_variable_K_GR":495.0,"data_set_value_component_e_GEF_variable_K_GP":5.09,"data_set_value_component_m_Ras_variable_m_Ras":0.5287595084,"data_set_value_component_m_Ras_variable_k_Ras":1.0,"data_set_value_component_m_Ras_variable_gamma":0.1,"data_set_value_component_x1_variable_x1":0.1496506703,"data_set_value_component_x1_variable_kd_x1":0.745,"data_set_value_component_x2_variable_x2":0.0,"data_set_value_component_x2_variable_kd_x2":2.85,"data_set_value_component_x2_variable_K_x2":6.77,"data_set_value_component_y_variable_y":0.9749776987,"data_set_value_component_y_variable_Vmax_yph1_KM_yph1":4.4,"data_set_value_component_yp_variable_yp":0.0236239358,"data_set_value_component_ypp_variable_ypp":0.0013983654,"data_set_value_component_ypp_variable_Vmax_yph2_KM_yph2":6.77,"data_set_value_component_z_variable_z":0.9975384869,"data_set_value_component_z_variable_Vmax_zph1_KM_zph1":0.451,"data_set_value_component_z_variable_Vmax_y1_KM_y1":11.8,"data_set_value_component_zp_variable_zp":0.0004491961,"data_set_value_component_zpp_variable_zpp":0.002012317,"data_set_value_component_zpp_variable_Vmax_zph2_KM_zph2":0.228,"data_set_value_component_zpp_variable_Vmax_y2_KM_y2":31.9,"data_set_value_component_f_GEF_variable_f_GEF":0.9992695784,"data_set_value_component_f_GEF_variable_n":1.03,"data_set_value_component_f_GEF_variable_Kf":3.76,"data_set_value_component_f_GEF_variable_Zf":0.272,"data_set_value_component_f_GEF_variable_k_FB_f":0.976,"data_set_value_component_w_variable_w":0.0000082668,"data_set_value_component_w_variable_kd_w":0.0333,"data_set_value_component_e_ph_variable_e_ph":1.0000000001,"data_set_value_component_e_ph_variable_k_FB_ph":2.34,"data_set_value_component_e_ph_variable_p":1.98,"data_set_value_component_e_ph_variable_Wph":0.385,"data_set_value_component_e_ph_variable_Kph":4.64,"data_set_value_component_model_parameters_variable_L":1.0,"data_set_value_component_model_parameters_variable_kt":0.005,"data_set_value_component_model_parameters_variable_ke":0.2,"data_set_value_component_model_parameters_variable_kxR0":0.3,"data_set_value_component_model_parameters_variable_k_minusx":0.07,"data_set_value_component_model_parameters_variable_KDL":1.5,"data_set_value_component_model_parameters_variable_KM_x11":30.3,"data_set_value_component_model_parameters_variable_KM_x12":45.5,"data_set_value_component_model_parameters_variable_KM_x21":21.6,"data_set_value_component_model_parameters_variable_KM_x22":15.7,"data_set_value_component_model_parameters_variable_KM_y1":31.9,"data_set_value_component_model_parameters_variable_KM_y2":8.81,"data_set_value_component_model_parameters_variable_KM_zph1":14.0,"data_set_value_component_model_parameters_variable_KM_zph2":31.5,"data_set_value_component_model_parameters_variable_KM_yph1":44.0,"data_set_value_component_model_parameters_variable_KM_yph2":12.7,"data_set_value_component_model_parameters_variable_Vmax_x11_KM_x11":1.18,"data_set_value_component_model_parameters_variable_Vmax_x21_KM_x21":0.405,"data_set_value_component_model_parameters_variable_Vmax_x12_KM_x12":4.71,"data_set_value_component_model_parameters_variable_Vmax_x22_KM_x22":2.41},{"data_set_value_component_environment_variable_time":1.0,"data_set_value_component_r_variable_r":0.4646708307,"data_set_value_component_c1_variable_c1":0.3097805538,"data_set_value_component_c2_variable_c2":0.0270337175,"data_set_value_component_e_PI3K_variable_e_PI3K":0.0,"data_set_value_component_e_PI3K_variable_kappa_PI3K":0.3,"data_set_value_component_e_PI3K_variable_alpha_PI3K":80.0,"data_set_value_component_m_3PI_variable_m_3PI":0.0,"data_set_value_component_m_3PI_variable_k_3PI":1.0,"data_set_value_component_e_GEF_variable_e_GEF":0.9290040054,"data_set_value_component_e_GEF_variable_K_GR":495.0,"data_set_value_component_e_GEF_variable_K_GP":5.09,"data_set_value_component_m_Ras_variable_m_Ras":0.5705964491,"data_set_value_component_m_Ras_variable_k_Ras":1.0,"data_set_value_component_m_Ras_variable_gamma":0.1,"data_set_value_component_x1_variable_x1":0.1787855273,"data_set_value_component_x1_variable_kd_x1":0.745,"data_set_value_component_x2_variable_x2":0.0,"data_set_value_component_x2_variable_kd_x2":2.85,"data_set_value_component_x2_variable_K_x2":6.77,"data_set_value_component_y_variable_y":0.9683961219,"data_set_value_component_y_variable_Vmax_yph1_KM_yph1":4.4,"data_set_value_component_yp_variable_yp":0.0293885657,"data_set_value_component_ypp_variable_ypp":0.0022153124,"data_set_value_component_ypp_variable_Vmax_yph2_KM_yph2":6.77,"data_set_value_component_z_variable_z":0.9955211549,"data_set_value_component_z_variable_Vmax_zph1_KM_zph1":0.451,"data_set_value_component_z_variable_Vmax_y1_KM_y1":11.8,"data_set_value_component_zp_variable_zp":0.0007299086,"data_set_value_component_zpp_variable_zpp":0.0037489366,"data_set_value_component_zpp_variable_Vmax_zph2_KM_zph2":0.228,"data_set_value_component_zpp_variable_Vmax_y2_KM_y2":31.9,"data_set_value_component_f_GEF_variable_f_GEF":0.9984275233,"data_set_value_component_f_GEF_variable_n":1.03,"data_set_value_component_f_GEF_variable_Kf":3.76,"data_set_value_component_f_GEF_variable_Zf":0.272,"data_set_value_component_f_GEF_variable_k_FB_f":0.976,"data_set_value_component_w_variable_w":0.0000175885,"data_set_value_component_w_variable_kd_w":0.0333,"data_set_value_component_e_ph_variable_e_ph":1.0000000004,"data_set_value_component_e_ph_variable_k_FB_ph":2.34,"data_set_value_component_e_ph_variable_p":1.98,"data_set_value_component_e_ph_variable_Wph":0.385,"data_set_value_component_e_ph_variable_Kph":4.64,"data_set_value_component_model_parameters_variable_L":1.0,"data_set_value_component_model_parameters_variable_kt":0.005,"data_set_value_component_model_parameters_variable_ke":0.2,"data_set_value_component_model_parameters_variable_kxR0":0.3,"data_set_value_component_model_parameters_variable_k_minusx":0.07,"data_set_value_component_model_parameters_variable_KDL":1.5,"data_set_value_component_model_parameters_variable_KM_x11":30.3,"data_set_value_component_model_parameters_variable_KM_x12":45.5,"data_set_value_component_model_parameters_variable_KM_x21":21.6,"data_set_value_component_model_parameters_variable_KM_x22":15.7,"data_set_value_component_model_parameters_variable_KM_y1":31.9,"data_set_value_component_model_parameters_variable_KM_y2":8.81,"data_set_value_component_model_parameters_variable_KM_zph1":14.0,"data_set_value_component_model_parameters_variable_KM_zph2":31.5,"data_set_value_component_model_parameters_variable_KM_yph1":44.0,"data_set_value_component_model_parameters_variable_KM_yph2":12.7,"data_set_value_component_model_parameters_variable_Vmax_x11_KM_x11":1.18,"data_set_value_component_model_parameters_variable_Vmax_x21_KM_x21":0.405,"data_set_value_component_model_parameters_variable_Vmax_x12_KM_x12":4.71,"data_set_value_component_model_parameters_variable_Vmax_x22_KM_x22":2.41}]