[{"data_set_value_component_environment_variable_time":0.0,"data_set_value_component_membrane_variable_Cm":4524.0,"data_set_value_component_membrane_variable_V":-43.0,"data_set_value_component_Ca_current_variable_Vm":-22.0,"data_set_value_component_Ca_current_variable_VCa":100.0,"data_set_value_component_Ca_current_variable_gCa":280.0,"data_set_value_component_Ca_current_variable_minf":0.0573241759,"data_set_value_component_Ca_current_variable_sm":7.5,"data_set_value_component_Ca_current_variable_ICa":-2295.2600029907,"data_set_value_component_rapid_K_current_variable_IK":1443.0,"data_set_value_component_rapid_K_current_variable_VK":-80.0,"data_set_value_component_rapid_K_current_variable_gK":1300.0,"data_set_value_component_rapid_K_current_variable_n":0.03,"data_set_value_component_rapid_K_current_variable_lambda":1.1,"data_set_value_component_rapid_K_current_variable_tnbar":9.09,"data_set_value_component_rapid_K_current_variable_Vn":-9.0,"data_set_value_component_rapid_K_current_variable_sn":10.0,"data_set_value_component_rapid_K_current_variable_taun":8.7964342259,"data_set_value_component_rapid_K_current_variable_ninf":0.0322954647,"data_set_value_component_slow_K_current_variable_Is1":74.0,"data_set_value_component_slow_K_current_variable_gs1":20.0,"data_set_value_component_slow_K_current_variable_s1":0.1,"data_set_value_component_slow_K_current_variable_s1inf":0.0024726232,"data_set_value_component_slow_K_current_variable_Vs1":-40.0,"data_set_value_component_slow_K_current_variable_ss1":0.5,"data_set_value_component_slow_K_current_variable_taus1":1000.0,"data_set_value_component_very_slow_K_current_variable_Vs2":-42.0,"data_set_value_component_very_slow_K_current_variable_s2":0.434,"data_set_value_component_very_slow_K_current_variable_s2inf":0.07585818,"data_set_value_component_very_slow_K_current_variable_ss2":0.4,"data_set_value_component_very_slow_K_current_variable_gs2":32.0,"data_set_value_component_very_slow_K_current_variable_taus2":120000.0,"data_set_value_component_very_slow_K_current_variable_Is2":513.856,"data_set_value_component_leak_current_variable_Il":-75.0,"data_set_value_component_leak_current_variable_gl":25.0,"data_set_value_component_leak_current_variable_Vl":-40.0},{"data_set_value_component_environment_variable_time":0.1,"data_set_value_component_membrane_variable_Cm":4524.0,"data_set_value_component_membrane_variable_V":-42.9924955136,"data_set_value_component_Ca_current_variable_Vm":-22.0,"data_set_value_component_Ca_current_variable_VCa":100.0,"data_set_value_component_Ca_current_variable_gCa":280.0,"data_set_value_component_Ca_current_variable_minf":0.0573782703,"data_set_value_component_Ca_current_variable_sm":7.5,"data_set_value_component_Ca_current_variable_ICa":-2297.3053761415,"data_set_value_component_rapid_K_current_variable_IK":1444.6699067937,"data_set_value_component_rapid_K_current_variable_VK":-80.0,"data_set_value_component_rapid_K_current_variable_gK":1300.0,"data_set_value_component_rapid_K_current_variable_n":0.0300286269,"data_set_value_component_rapid_K_current_variable_lambda":1.1,"data_set_value_component_rapid_K_current_variable_tnbar":9.09,"data_set_value_component_rapid_K_current_variable_Vn":-9.0,"data_set_value_component_rapid_K_current_variable_sn":10.0,"data_set_value_component_rapid_K_current_variable_taun":8.7962209599,"data_set_value_component_rapid_K_current_variable_ninf":0.0323189263,"data_set_value_component_slow_K_current_variable_Is1":74.0077948493,"data_set_value_component_slow_K_current_variable_gs1":20.0,"data_set_value_component_slow_K_current_variable_s1":0.0999902532,"data_set_value_component_slow_K_current_variable_s1inf":0.0025099207,"data_set_value_component_slow_K_current_variable_Vs1":-40.0,"data_set_value_component_slow_K_current_variable_ss1":0.5,"data_set_value_component_slow_K_current_variable_taus1":1000.0,"data_set_value_component_very_slow_K_current_variable_Vs2":-42.0,"data_set_value_component_very_slow_K_current_variable_s2":0.4339997029,"data_set_value_component_very_slow_K_current_variable_s2inf":0.0771839216,"data_set_value_component_very_slow_K_current_variable_ss2":0.4,"data_set_value_component_very_slow_K_current_variable_gs2":32.0,"data_set_value_component_very_slow_K_current_variable_taus2":120000.0,"data_set_value_component_very_slow_K_current_variable_Is2":513.9598705164,"data_set_value_component_leak_current_variable_Il":-74.8123878408,"data_set_value_component_leak_current_variable_gl":25.0,"data_set_value_component_leak_current_variable_Vl":-40.0},{"data_set_value_component_environment_variable_time":0.2,"data_set_value_component_membrane_variable_Cm":4524.0,"data_set_value_component_membrane_variable_V":-42.984989164,"data_set_value_component_Ca_current_variable_Vm":-22.0,"data_set_value_component_Ca_current_variable_VCa":100.0,"data_set_value_component_Ca_current_variable_gCa":280.0,"data_set_value_component_Ca_current_variable_minf":0.0574324261,"data_set_value_component_Ca_current_variable_sm":7.5,"data_set_value_component_Ca_current_variable_ICa":-2299.352949602,"data_set_value_component_rapid_K_current_variable_IK":1446.3373821981,"data_set_value_component_rapid_K_current_variable_VK":-80.0,"data_set_value_component_rapid_K_current_variable_gK":1300.0,"data_set_value_component_rapid_K_current_variable_n":0.0300571901,"data_set_value_component_rapid_K_current_variable_lambda":1.1,"data_set_value_component_rapid_K_current_variable_tnbar":9.09,"data_set_value_component_rapid_K_current_variable_Vn":-9.0,"data_set_value_component_rapid_K_current_variable_sn":10.0,"data_set_value_component_rapid_K_current_variable_taun":8.7960074911,"data_set_value_component_rapid_K_current_variable_ninf":0.0323424102,"data_set_value_component_slow_K_current_variable_Is1":74.0155941184,"data_set_value_component_slow_K_current_variable_gs1":20.0,"data_set_value_component_slow_K_current_variable_s1":0.0999805112,"data_set_value_component_slow_K_current_variable_s1inf":0.002547789,"data_set_value_component_slow_K_current_variable_Vs1":-40.0,"data_set_value_component_slow_K_current_variable_ss1":0.5,"data_set_value_component_slow_K_current_variable_taus1":1000.0,"data_set_value_component_very_slow_K_current_variable_Vs2":-42.0,"data_set_value_component_very_slow_K_current_variable_s2":0.433999407,"data_set_value_component_very_slow_K_current_variable_s2inf":0.0785312008,"data_set_value_component_very_slow_K_current_variable_ss2":0.4,"data_set_value_component_very_slow_K_current_variable_gs2":32.0,"data_set_value_component_very_slow_K_current_variable_taus2":120000.0,"data_set_value_component_very_slow_K_current_variable_Is2":514.063768136,"data_set_value_component_leak_current_variable_Il":-74.6247291005,"data_set_value_component_leak_current_variable_gl":25.0,"data_set_value_component_leak_current_variable_Vl":-40.0},{"data_set_value_component_environment_variable_time":0.3,"data_set_value_component_membrane_variable_Cm":4524.0,"data_set_value_component_membrane_variable_V":-42.9774815968,"data_set_value_component_Ca_current_variable_Vm":-22.0,"data_set_value_component_Ca_current_variable_VCa":100.0,"data_set_value_component_Ca_current_variable_gCa":280.0,"data_set_value_component_Ca_current_variable_minf":0.0574866386,"data_set_value_component_Ca_current_variable_sm":7.5,"data_set_value_component_Ca_current_variable_ICa":-2301.4025494781,"data_set_value_component_rapid_K_current_variable_IK":1448.0034607167,"data_set_value_component_rapid_K_current_variable_VK":-80.0,"data_set_value_component_rapid_K_current_variable_gK":1300.0,"data_set_value_component_rapid_K_current_variable_n":0.0300857117,"data_set_value_component_rapid_K_current_variable_lambda":1.1,"data_set_value_component_rapid_K_current_variable_tnbar":9.09,"data_set_value_component_rapid_K_current_variable_Vn":-9.0,"data_set_value_component_rapid_K_current_variable_sn":10.0,"data_set_value_component_rapid_K_current_variable_taun":8.7957938378,"data_set_value_component_rapid_K_current_variable_ninf":0.0323659144,"data_set_value_component_slow_K_current_variable_Is1":74.0233952633,"data_set_value_component_slow_K_current_variable_gs1":20.0,"data_set_value_component_slow_K_current_variable_s1":0.0999707725,"data_set_value_component_slow_K_current_variable_s1inf":0.0025862333,"data_set_value_component_slow_K_current_variable_Vs1":-40.0,"data_set_value_component_slow_K_current_variable_ss1":0.5,"data_set_value_component_slow_K_current_variable_taus1":1000.0,"data_set_value_component_very_slow_K_current_variable_Vs2":-42.0,"data_set_value_component_very_slow_K_current_variable_s2":0.4339991119,"data_set_value_component_very_slow_K_current_variable_s2inf":0.0799001849,"data_set_value_component_very_slow_K_current_variable_ss2":0.4,"data_set_value_component_very_slow_K_current_variable_gs2":32.0,"data_set_value_component_very_slow_K_current_variable_taus2":120000.0,"data_set_value_component_very_slow_K_current_variable_Is2":514.1676834193,"data_set_value_component_leak_current_variable_Il":-74.4370399188,"data_set_value_component_leak_current_variable_gl":25.0,"data_set_value_component_leak_current_variable_Vl":-40.0},{"data_set_value_component_environment_variable_time":0.4,"data_set_value_component_membrane_variable_Cm":4524.0,"data_set_value_component_membrane_variable_V":-42.969972561,"data_set_value_component_Ca_current_variable_Vm":-22.0,"data_set_value_component_Ca_current_variable_VCa":100.0,"data_set_value_component_Ca_current_variable_gCa":280.0,"data_set_value_component_Ca_current_variable_minf":0.0575409099,"data_set_value_component_Ca_current_variable_sm":7.5,"data_set_value_component_Ca_current_variable_ICa":-2303.4542463247,"data_set_value_component_rapid_K_current_variable_IK":1449.667919753,"data_set_value_component_rapid_K_current_variable_VK":-80.0,"data_set_value_component_rapid_K_current_variable_gK":1300.0,"data_set_value_component_rapid_K_current_variable_n":0.0301141869,"data_set_value_component_rapid_K_current_variable_lambda":1.1,"data_set_value_component_rapid_K_current_variable_tnbar":9.09,"data_set_value_component_rapid_K_current_variable_Vn":-9.0,"data_set_value_component_rapid_K_current_variable_sn":10.0,"data_set_value_component_rapid_K_current_variable_taun":8.7955799926,"data_set_value_component_rapid_K_current_variable_ninf":0.0323894398,"data_set_value_component_slow_K_current_variable_Is1":74.0311991509,"data_set_value_component_slow_K_current_variable_gs1":20.0,"data_set_value_component_slow_K_current_variable_s1":0.0999610374,"data_set_value_component_slow_K_current_variable_s1inf":0.0026252639,"data_set_value_component_slow_K_current_variable_Vs1":-40.0,"data_set_value_component_slow_K_current_variable_ss1":0.5,"data_set_value_component_slow_K_current_variable_taus1":1000.0,"data_set_value_component_very_slow_K_current_variable_Vs2":-42.0,"data_set_value_component_very_slow_K_current_variable_s2":0.4339988176,"data_set_value_component_very_slow_K_current_variable_s2inf":0.0812912025,"data_set_value_component_very_slow_K_current_variable_ss2":0.4,"data_set_value_component_very_slow_K_current_variable_gs2":32.0,"data_set_value_component_very_slow_K_current_variable_taus2":120000.0,"data_set_value_component_very_slow_K_current_variable_Is2":514.2716199935,"data_set_value_component_leak_current_variable_Il":-74.2493140245,"data_set_value_component_leak_current_variable_gl":25.0,"data_set_value_component_leak_current_variable_Vl":-40.0},{"data_set_value_component_environment_variable_time":0.5,"data_set_value_component_membrane_variable_Cm":4524.0,"data_set_value_component_membrane_variable_V":-42.9624610668,"data_set_value_component_Ca_current_variable_Vm":-22.0,"data_set_value_component_Ca_current_variable_VCa":100.0,"data_set_value_component_Ca_current_variable_gCa":280.0,"data_set_value_component_Ca_current_variable_minf":0.057595247,"data_set_value_component_Ca_current_variable_sm":7.5,"data_set_value_component_Ca_current_variable_ICa":-2305.5083131137,"data_set_value_component_rapid_K_current_variable_IK":1451.3298837762,"data_set_value_component_rapid_K_current_variable_VK":-80.0,"data_set_value_component_rapid_K_current_variable_gK":1300.0,"data_set_value_component_rapid_K_current_variable_n":0.0301425968,"data_set_value_component_rapid_K_current_variable_lambda":1.1,"data_set_value_component_rapid_K_current_variable_tnbar":9.09,"data_set_value_component_rapid_K_current_variable_Vn":-9.0,"data_set_value_component_rapid_K_current_variable_sn":10.0,"data_set_value_component_rapid_K_current_variable_taun":8.795365927,"data_set_value_component_rapid_K_current_variable_ninf":0.0324129893,"data_set_value_component_slow_K_current_variable_Is1":74.0390092012,"data_set_value_component_slow_K_current_variable_gs1":20.0,"data_set_value_component_slow_K_current_variable_s1":0.099951308,"data_set_value_component_slow_K_current_variable_s1inf":0.0026648951,"data_set_value_component_slow_K_current_variable_Vs1":-40.0,"data_set_value_component_slow_K_current_variable_ss1":0.5,"data_set_value_component_slow_K_current_variable_taus1":1000.0,"data_set_value_component_very_slow_K_current_variable_Vs2":-42.0,"data_set_value_component_very_slow_K_current_variable_s2":0.4339985247,"data_set_value_component_very_slow_K_current_variable_s2inf":0.0827047265,"data_set_value_component_very_slow_K_current_variable_ss2":0.4,"data_set_value_component_very_slow_K_current_variable_gs2":32.0,"data_set_value_component_very_slow_K_current_variable_taus2":120000.0,"data_set_value_component_very_slow_K_current_variable_Is2":514.3755921723,"data_set_value_component_leak_current_variable_Il":-74.06152667,"data_set_value_component_leak_current_variable_gl":25.0,"data_set_value_component_leak_current_variable_Vl":-40.0},{"data_set_value_component_environment_variable_time":0.6,"data_set_value_component_membrane_variable_Cm":4524.0,"data_set_value_component_membrane_variable_V":-42.9549477438,"data_set_value_component_Ca_current_variable_Vm":-22.0,"data_set_value_component_Ca_current_variable_VCa":100.0,"data_set_value_component_Ca_current_variable_gCa":280.0,"data_set_value_component_Ca_current_variable_minf":0.0576496456,"data_set_value_component_Ca_current_variable_sm":7.5,"data_set_value_component_Ca_current_variable_ICa":-2307.5645803,"data_set_value_component_rapid_K_current_variable_IK":1452.9899073264,"data_set_value_component_rapid_K_current_variable_VK":-80.0,"data_set_value_component_rapid_K_current_variable_gK":1300.0,"data_set_value_component_rapid_K_current_variable_n":0.0301709534,"data_set_value_component_rapid_K_current_variable_lambda":1.1,"data_set_value_component_rapid_K_current_variable_tnbar":9.09,"data_set_value_component_rapid_K_current_variable_Vn":-9.0,"data_set_value_component_rapid_K_current_variable_sn":10.0,"data_set_value_component_rapid_K_current_variable_taun":8.7951516588,"data_set_value_component_rapid_K_current_variable_ninf":0.0324365612,"data_set_value_component_slow_K_current_variable_Is1":74.0468232406,"data_set_value_component_slow_K_current_variable_gs1":20.0,"data_set_value_component_slow_K_current_variable_s1":0.0999415829,"data_set_value_component_slow_K_current_variable_s1inf":0.0027051328,"data_set_value_component_slow_K_current_variable_Vs1":-40.0,"data_set_value_component_slow_K_current_variable_ss1":0.5,"data_set_value_component_slow_K_current_variable_taus1":1000.0,"data_set_value_component_very_slow_K_current_variable_Vs2":-42.0,"data_set_value_component_very_slow_K_current_variable_s2":0.4339982328,"data_set_value_component_very_slow_K_current_variable_s2inf":0.0841409307,"data_set_value_component_very_slow_K_current_variable_ss2":0.4,"data_set_value_component_very_slow_K_current_variable_gs2":32.0,"data_set_value_component_very_slow_K_current_variable_taus2":120000.0,"data_set_value_component_very_slow_K_current_variable_Is2":514.4795908533,"data_set_value_component_leak_current_variable_Il":-73.8736935951,"data_set_value_component_leak_current_variable_gl":25.0,"data_set_value_component_leak_current_variable_Vl":-40.0},{"data_set_value_component_environment_variable_time":0.7,"data_set_value_component_membrane_variable_Cm":4524.0,"data_set_value_component_membrane_variable_V":-42.947432592,"data_set_value_component_Ca_current_variable_Vm":-22.0,"data_set_value_component_Ca_current_variable_VCa":100.0,"data_set_value_component_Ca_current_variable_gCa":280.0,"data_set_value_component_Ca_current_variable_minf":0.0577041056,"data_set_value_component_Ca_current_variable_sm":7.5,"data_set_value_component_Ca_current_variable_ICa":-2309.6230502946,"data_set_value_component_rapid_K_current_variable_IK":1454.647989044,"data_set_value_component_rapid_K_current_variable_VK":-80.0,"data_set_value_component_rapid_K_current_variable_gK":1300.0,"data_set_value_component_rapid_K_current_variable_n":0.0301992566,"data_set_value_component_rapid_K_current_variable_lambda":1.1,"data_set_value_component_rapid_K_current_variable_tnbar":9.09,"data_set_value_component_rapid_K_current_variable_Vn":-9.0,"data_set_value_component_rapid_K_current_variable_sn":10.0,"data_set_value_component_rapid_K_current_variable_taun":8.7949371879,"data_set_value_component_rapid_K_current_variable_ninf":0.0324601553,"data_set_value_component_slow_K_current_variable_Is1":74.0546412701,"data_set_value_component_slow_K_current_variable_gs1":20.0,"data_set_value_component_slow_K_current_variable_s1":0.0999318623,"data_set_value_component_slow_K_current_variable_s1inf":0.0027459863,"data_set_value_component_slow_K_current_variable_Vs1":-40.0,"data_set_value_component_slow_K_current_variable_ss1":0.5,"data_set_value_component_slow_K_current_variable_taus1":1000.0,"data_set_value_component_very_slow_K_current_variable_Vs2":-42.0,"data_set_value_component_very_slow_K_current_variable_s2":0.433997942,"data_set_value_component_very_slow_K_current_variable_s2inf":0.0856001056,"data_set_value_component_very_slow_K_current_variable_ss2":0.4,"data_set_value_component_very_slow_K_current_variable_gs2":32.0,"data_set_value_component_very_slow_K_current_variable_taus2":120000.0,"data_set_value_component_very_slow_K_current_variable_Is2":514.5836160371,"data_set_value_component_leak_current_variable_Il":-73.6858147999,"data_set_value_component_leak_current_variable_gl":25.0,"data_set_value_component_leak_current_variable_Vl":-40.0},{"data_set_value_component_environment_variable_time":0.8,"data_set_value_component_membrane_variable_Cm":4524.0,"data_set_value_component_membrane_variable_V":-42.939914912,"data_set_value_component_Ca_current_variable_Vm":-22.0,"data_set_value_component_Ca_current_variable_VCa":100.0,"data_set_value_component_Ca_current_variable_gCa":280.0,"data_set_value_component_Ca_current_variable_minf":0.0577586323,"data_set_value_component_Ca_current_variable_sm":7.5,"data_set_value_component_Ca_current_variable_ICa":-2311.6839173231,"data_set_value_component_rapid_K_current_variable_IK":1456.3040214361,"data_set_value_component_rapid_K_current_variable_VK":-80.0,"data_set_value_component_rapid_K_current_variable_gK":1300.0,"data_set_value_component_rapid_K_current_variable_n":0.0302275038,"data_set_value_component_rapid_K_current_variable_lambda":1.1,"data_set_value_component_rapid_K_current_variable_tnbar":9.09,"data_set_value_component_rapid_K_current_variable_Vn":-9.0,"data_set_value_component_rapid_K_current_variable_sn":10.0,"data_set_value_component_rapid_K_current_variable_taun":8.7947224939,"data_set_value_component_rapid_K_current_variable_ninf":0.032483774,"data_set_value_component_slow_K_current_variable_Is1":74.0624653619,"data_set_value_component_slow_K_current_variable_gs1":20.0,"data_set_value_component_slow_K_current_variable_s1":0.0999221469,"data_set_value_component_slow_K_current_variable_s1inf":0.0027874692,"data_set_value_component_slow_K_current_variable_Vs1":-40.0,"data_set_value_component_slow_K_current_variable_ss1":0.5,"data_set_value_component_slow_K_current_variable_taus1":1000.0,"data_set_value_component_very_slow_K_current_variable_Vs2":-42.0,"data_set_value_component_very_slow_K_current_variable_s2":0.4339976525,"data_set_value_component_very_slow_K_current_variable_s2inf":0.0870826821,"data_set_value_component_very_slow_K_current_variable_ss2":0.4,"data_set_value_component_very_slow_K_current_variable_gs2":32.0,"data_set_value_component_very_slow_K_current_variable_taus2":120000.0,"data_set_value_component_very_slow_K_current_variable_Is2":514.6876777211,"data_set_value_component_leak_current_variable_Il":-73.4978727991,"data_set_value_component_leak_current_variable_gl":25.0,"data_set_value_component_leak_current_variable_Vl":-40.0},{"data_set_value_component_environment_variable_time":0.9,"data_set_value_component_membrane_variable_Cm":4524.0,"data_set_value_component_membrane_variable_V":-42.9323948451,"data_set_value_component_Ca_current_variable_Vm":-22.0,"data_set_value_component_Ca_current_variable_VCa":100.0,"data_set_value_component_Ca_current_variable_gCa":280.0,"data_set_value_component_Ca_current_variable_minf":0.0578132247,"data_set_value_component_Ca_current_variable_sm":7.5,"data_set_value_component_Ca_current_variable_ICa":-2313.7471454591,"data_set_value_component_rapid_K_current_variable_IK":1457.9580245986,"data_set_value_component_rapid_K_current_variable_VK":-80.0,"data_set_value_component_rapid_K_current_variable_gK":1300.0,"data_set_value_component_rapid_K_current_variable_n":0.0302556955,"data_set_value_component_rapid_K_current_variable_lambda":1.1,"data_set_value_component_rapid_K_current_variable_tnbar":9.09,"data_set_value_component_rapid_K_current_variable_Vn":-9.0,"data_set_value_component_rapid_K_current_variable_sn":10.0,"data_set_value_component_rapid_K_current_variable_taun":8.7945075807,"data_set_value_component_rapid_K_current_variable_ninf":0.0325074169,"data_set_value_component_slow_K_current_variable_Is1":74.0702950982,"data_set_value_component_slow_K_current_variable_gs1":20.0,"data_set_value_component_slow_K_current_variable_s1":0.0999124367,"data_set_value_component_slow_K_current_variable_s1inf":0.0028295905,"data_set_value_component_slow_K_current_variable_Vs1":-40.0,"data_set_value_component_slow_K_current_variable_ss1":0.5,"data_set_value_component_slow_K_current_variable_taus1":1000.0,"data_set_value_component_very_slow_K_current_variable_Vs2":-42.0,"data_set_value_component_very_slow_K_current_variable_s2":0.4339973642,"data_set_value_component_very_slow_K_current_variable_s2inf":0.0885889305,"data_set_value_component_very_slow_K_current_variable_ss2":0.4,"data_set_value_component_very_slow_K_current_variable_gs2":32.0,"data_set_value_component_very_slow_K_current_variable_taus2":120000.0,"data_set_value_component_very_slow_K_current_variable_Is2":514.7917738847,"data_set_value_component_leak_current_variable_Il":-73.3098711285,"data_set_value_component_leak_current_variable_gl":25.0,"data_set_value_component_leak_current_variable_Vl":-40.0},{"data_set_value_component_environment_variable_time":1.0,"data_set_value_component_membrane_variable_Cm":4524.0,"data_set_value_component_membrane_variable_V":-42.9248725315,"data_set_value_component_Ca_current_variable_Vm":-22.0,"data_set_value_component_Ca_current_variable_VCa":100.0,"data_set_value_component_Ca_current_variable_gCa":280.0,"data_set_value_component_Ca_current_variable_minf":0.0578678819,"data_set_value_component_Ca_current_variable_sm":7.5,"data_set_value_component_Ca_current_variable_ICa":-2315.8126990395,"data_set_value_component_rapid_K_current_variable_IK":1459.6100184129,"data_set_value_component_rapid_K_current_variable_VK":-80.0,"data_set_value_component_rapid_K_current_variable_gK":1300.0,"data_set_value_component_rapid_K_current_variable_n":0.0302838322,"data_set_value_component_rapid_K_current_variable_lambda":1.1,"data_set_value_component_rapid_K_current_variable_tnbar":9.09,"data_set_value_component_rapid_K_current_variable_Vn":-9.0,"data_set_value_component_rapid_K_current_variable_sn":10.0,"data_set_value_component_rapid_K_current_variable_taun":8.7942924521,"data_set_value_component_rapid_K_current_variable_ninf":0.0325310834,"data_set_value_component_slow_K_current_variable_Is1":74.0781300652,"data_set_value_component_slow_K_current_variable_gs1":20.0,"data_set_value_component_slow_K_current_variable_s1":0.0999027315,"data_set_value_component_slow_K_current_variable_s1inf":0.0028723592,"data_set_value_component_slow_K_current_variable_Vs1":-40.0,"data_set_value_component_slow_K_current_variable_ss1":0.5,"data_set_value_component_slow_K_current_variable_taus1":1000.0,"data_set_value_component_very_slow_K_current_variable_Vs2":-42.0,"data_set_value_component_very_slow_K_current_variable_s2":0.4339970771,"data_set_value_component_very_slow_K_current_variable_s2inf":0.0901191208,"data_set_value_component_very_slow_K_current_variable_ss2":0.4,"data_set_value_component_very_slow_K_current_variable_gs2":32.0,"data_set_value_component_very_slow_K_current_variable_taus2":120000.0,"data_set_value_component_very_slow_K_current_variable_Is2":514.8959025276,"data_set_value_component_leak_current_variable_Il":-73.1218132883,"data_set_value_component_leak_current_variable_gl":25.0,"data_set_value_component_leak_current_variable_Vl":-40.0}]