[{"data_set_value_component_environment_variable_time":0.0,"data_set_value_component_Rs_variable_Rs":1500.0,"data_set_value_component_Cs_variable_Cs":1.0,"data_set_value_component_Ri_variable_Ri":300.0,"data_set_value_component_Ci_variable_Ci":1.0,"data_set_value_component_Li_variable_Li":0.01,"data_set_value_component_Ld_variable_Ld":1.0,"data_set_value_component_L_variable_L":10.0,"data_set_value_component_Y_variable_Y":250000000.0,"data_set_value_component_model_parameters_variable_kr":0.0138,"data_set_value_component_model_parameters_variable_kf":0.0012432432,"data_set_value_component_model_parameters_variable_kre":0.1104,"data_set_value_component_model_parameters_variable_kfe":0.0001104,"data_set_value_component_model_parameters_variable_kt":0.007,"data_set_value_component_model_parameters_variable_Vs":11.0,"data_set_value_component_model_parameters_variable_ksyn":0.0011,"data_set_value_component_model_parameters_variable_ke":0.04,"data_set_value_component_model_parameters_variable_kx":0.15,"data_set_value_component_model_parameters_variable_kh":0.035,"data_set_value_component_model_parameters_variable_Ve":0.0,"data_set_value_component_model_parameters_variable_NA":602200000000.0,"data_set_value_component_model_parameters_variable_IL2":1.0},{"data_set_value_component_environment_variable_time":0.1,"data_set_value_component_Rs_variable_Rs":1498.1898392199,"data_set_value_component_Cs_variable_Cs":2.8532960401,"data_set_value_component_Ri_variable_Ri":300.007800672,"data_set_value_component_Ci_variable_Ci":0.9957716501,"data_set_value_component_Li_variable_Li":1.4016113639,"data_set_value_component_Ld_variable_Ld":1.0034890837,"data_set_value_component_L_variable_L":9.9992274423,"data_set_value_component_Y_variable_Y":250000000.0,"data_set_value_component_model_parameters_variable_kr":0.0138,"data_set_value_component_model_parameters_variable_kf":0.0012432432,"data_set_value_component_model_parameters_variable_kre":0.1104,"data_set_value_component_model_parameters_variable_kfe":0.0001104,"data_set_value_component_model_parameters_variable_kt":0.007,"data_set_value_component_model_parameters_variable_Vs":11.0,"data_set_value_component_model_parameters_variable_ksyn":0.0011,"data_set_value_component_model_parameters_variable_ke":0.04,"data_set_value_component_model_parameters_variable_kx":0.15,"data_set_value_component_model_parameters_variable_kh":0.035,"data_set_value_component_model_parameters_variable_Ve":0.0,"data_set_value_component_model_parameters_variable_NA":602200000000.0,"data_set_value_component_model_parameters_variable_IL2":1.0},{"data_set_value_component_environment_variable_time":0.2,"data_set_value_component_Rs_variable_Rs":1496.3860855373,"data_set_value_component_Cs_variable_Cs":4.6942645326,"data_set_value_component_Ri_variable_Ri":300.0108129734,"data_set_value_component_Ci_variable_Ci":1.0024321065,"data_set_value_component_Li_variable_Li":2.1952135231,"data_set_value_component_Ld_variable_Ld":1.0069830585,"data_set_value_component_L_variable_L":9.9984569748,"data_set_value_component_Y_variable_Y":250000000.0,"data_set_value_component_model_parameters_variable_kr":0.0138,"data_set_value_component_model_parameters_variable_kf":0.0012432432,"data_set_value_component_model_parameters_variable_kre":0.1104,"data_set_value_component_model_parameters_variable_kfe":0.0001104,"data_set_value_component_model_parameters_variable_kt":0.007,"data_set_value_component_model_parameters_variable_Vs":11.0,"data_set_value_component_model_parameters_variable_ksyn":0.0011,"data_set_value_component_model_parameters_variable_ke":0.04,"data_set_value_component_model_parameters_variable_kx":0.15,"data_set_value_component_model_parameters_variable_kh":0.035,"data_set_value_component_model_parameters_variable_Ve":0.0,"data_set_value_component_model_parameters_variable_NA":602200000000.0,"data_set_value_component_model_parameters_variable_IL2":1.0},{"data_set_value_component_environment_variable_time":0.3,"data_set_value_component_Rs_variable_Rs":1494.5887074907,"data_set_value_component_Cs_variable_Cs":6.5229802716,"data_set_value_component_Ri_variable_Ri":300.0106523199,"data_set_value_component_Ci_variable_Ci":1.018300033,"data_set_value_component_Li_variable_Li":2.662782204,"data_set_value_component_Ld_variable_Ld":1.0105168243,"data_set_value_component_L_variable_L":9.9976885702,"data_set_value_component_Y_variable_Y":250000000.0,"data_set_value_component_model_parameters_variable_kr":0.0138,"data_set_value_component_model_parameters_variable_kf":0.0012432432,"data_set_value_component_model_parameters_variable_kre":0.1104,"data_set_value_component_model_parameters_variable_kfe":0.0001104,"data_set_value_component_model_parameters_variable_kt":0.007,"data_set_value_component_model_parameters_variable_Vs":11.0,"data_set_value_component_model_parameters_variable_ksyn":0.0011,"data_set_value_component_model_parameters_variable_ke":0.04,"data_set_value_component_model_parameters_variable_kx":0.15,"data_set_value_component_model_parameters_variable_kh":0.035,"data_set_value_component_model_parameters_variable_Ve":0.0,"data_set_value_component_model_parameters_variable_NA":602200000000.0,"data_set_value_component_model_parameters_variable_IL2":1.0},{"data_set_value_component_environment_variable_time":0.4,"data_set_value_component_Rs_variable_Rs":1492.7976737966,"data_set_value_component_Cs_variable_Cs":8.3395176072,"data_set_value_component_Ri_variable_Ri":300.0082309486,"data_set_value_component_Ci_variable_Ci":1.042397776,"data_set_value_component_Li_variable_Li":2.9571430158,"data_set_value_component_Ld_variable_Ld":1.0141207452,"data_set_value_component_L_variable_L":9.9969222086,"data_set_value_component_Y_variable_Y":250000000.0,"data_set_value_component_model_parameters_variable_kr":0.0138,"data_set_value_component_model_parameters_variable_kf":0.0012432432,"data_set_value_component_model_parameters_variable_kre":0.1104,"data_set_value_component_model_parameters_variable_kfe":0.0001104,"data_set_value_component_model_parameters_variable_kt":0.007,"data_set_value_component_model_parameters_variable_Vs":11.0,"data_set_value_component_model_parameters_variable_ksyn":0.0011,"data_set_value_component_model_parameters_variable_ke":0.04,"data_set_value_component_model_parameters_variable_kx":0.15,"data_set_value_component_model_parameters_variable_kh":0.035,"data_set_value_component_model_parameters_variable_Ve":0.0,"data_set_value_component_model_parameters_variable_NA":602200000000.0,"data_set_value_component_model_parameters_variable_IL2":1.0},{"data_set_value_component_environment_variable_time":0.5,"data_set_value_component_Rs_variable_Rs":1491.0129533487,"data_set_value_component_Cs_variable_Cs":10.1439504457,"data_set_value_component_Ri_variable_Ri":300.0040656628,"data_set_value_component_Ci_variable_Ci":1.0741436188,"data_set_value_component_Li_variable_Li":3.1641227883,"data_set_value_component_Ld_variable_Ld":1.0178225228,"data_set_value_component_L_variable_L":9.996157875,"data_set_value_component_Y_variable_Y":250000000.0,"data_set_value_component_model_parameters_variable_kr":0.0138,"data_set_value_component_model_parameters_variable_kf":0.0012432432,"data_set_value_component_model_parameters_variable_kre":0.1104,"data_set_value_component_model_parameters_variable_kfe":0.0001104,"data_set_value_component_model_parameters_variable_kt":0.007,"data_set_value_component_model_parameters_variable_Vs":11.0,"data_set_value_component_model_parameters_variable_ksyn":0.0011,"data_set_value_component_model_parameters_variable_ke":0.04,"data_set_value_component_model_parameters_variable_kx":0.15,"data_set_value_component_model_parameters_variable_kh":0.035,"data_set_value_component_model_parameters_variable_Ve":0.0,"data_set_value_component_model_parameters_variable_NA":602200000000.0,"data_set_value_component_model_parameters_variable_IL2":1.0},{"data_set_value_component_environment_variable_time":0.6,"data_set_value_component_Rs_variable_Rs":1489.2345152167,"data_set_value_component_Cs_variable_Cs":11.9363522523,"data_set_value_component_Ri_variable_Ri":299.9984508136,"data_set_value_component_Ci_variable_Ci":1.1131787958,"data_set_value_component_Li_variable_Li":3.3318636484,"data_set_value_component_Ld_variable_Ld":1.0216482499,"data_set_value_component_L_variable_L":9.9953955565,"data_set_value_component_Y_variable_Y":250000000.0,"data_set_value_component_model_parameters_variable_kr":0.0138,"data_set_value_component_model_parameters_variable_kf":0.0012432432,"data_set_value_component_model_parameters_variable_kre":0.1104,"data_set_value_component_model_parameters_variable_kfe":0.0001104,"data_set_value_component_model_parameters_variable_kt":0.007,"data_set_value_component_model_parameters_variable_Vs":11.0,"data_set_value_component_model_parameters_variable_ksyn":0.0011,"data_set_value_component_model_parameters_variable_ke":0.04,"data_set_value_component_model_parameters_variable_kx":0.15,"data_set_value_component_model_parameters_variable_kh":0.035,"data_set_value_component_model_parameters_variable_Ve":0.0,"data_set_value_component_model_parameters_variable_NA":602200000000.0,"data_set_value_component_model_parameters_variable_IL2":1.0},{"data_set_value_component_environment_variable_time":0.7,"data_set_value_component_Rs_variable_Rs":1487.4623286445,"data_set_value_component_Cs_variable_Cs":13.7167960549,"data_set_value_component_Ri_variable_Ri":299.991555712,"data_set_value_component_Ci_variable_Ci":1.1592700778,"data_set_value_component_Li_variable_Li":3.4873305761,"data_set_value_component_Ld_variable_Ld":1.0256230038,"data_set_value_component_L_variable_L":9.9946352418,"data_set_value_component_Y_variable_Y":250000000.0,"data_set_value_component_model_parameters_variable_kr":0.0138,"data_set_value_component_model_parameters_variable_kf":0.0012432432,"data_set_value_component_model_parameters_variable_kre":0.1104,"data_set_value_component_model_parameters_variable_kfe":0.0001104,"data_set_value_component_model_parameters_variable_kt":0.007,"data_set_value_component_model_parameters_variable_Vs":11.0,"data_set_value_component_model_parameters_variable_ksyn":0.0011,"data_set_value_component_model_parameters_variable_ke":0.04,"data_set_value_component_model_parameters_variable_kx":0.15,"data_set_value_component_model_parameters_variable_kh":0.035,"data_set_value_component_model_parameters_variable_Ve":0.0,"data_set_value_component_model_parameters_variable_NA":602200000000.0,"data_set_value_component_model_parameters_variable_IL2":1.0},{"data_set_value_component_environment_variable_time":0.8,"data_set_value_component_Rs_variable_Rs":1485.6963630493,"data_set_value_component_Cs_variable_Cs":15.4853544461,"data_set_value_component_Ri_variable_Ri":299.9834793368,"data_set_value_component_Ci_variable_Ci":1.2122550604,"data_set_value_component_Li_variable_Li":3.6455822363,"data_set_value_component_Ld_variable_Ld":1.0297711815,"data_set_value_component_L_variable_L":9.9938769204,"data_set_value_component_Y_variable_Y":250000000.0,"data_set_value_component_model_parameters_variable_kr":0.0138,"data_set_value_component_model_parameters_variable_kf":0.0012432432,"data_set_value_component_model_parameters_variable_kre":0.1104,"data_set_value_component_model_parameters_variable_kfe":0.0001104,"data_set_value_component_model_parameters_variable_kt":0.007,"data_set_value_component_model_parameters_variable_Vs":11.0,"data_set_value_component_model_parameters_variable_ksyn":0.0011,"data_set_value_component_model_parameters_variable_ke":0.04,"data_set_value_component_model_parameters_variable_kx":0.15,"data_set_value_component_model_parameters_variable_kh":0.035,"data_set_value_component_model_parameters_variable_Ve":0.0,"data_set_value_component_model_parameters_variable_NA":602200000000.0,"data_set_value_component_model_parameters_variable_IL2":1.0},{"data_set_value_component_environment_variable_time":0.9,"data_set_value_component_Rs_variable_Rs":1483.9365880203,"data_set_value_component_Cs_variable_Cs":17.2420995866,"data_set_value_component_Ri_variable_Ri":299.974281097,"data_set_value_component_Ci_variable_Ci":1.2720113983,"data_set_value_component_Li_variable_Li":3.8149840556,"data_set_value_component_Ld_variable_Ld":1.0341166883,"data_set_value_component_L_variable_L":9.9931205823,"data_set_value_component_Y_variable_Y":250000000.0,"data_set_value_component_model_parameters_variable_kr":0.0138,"data_set_value_component_model_parameters_variable_kf":0.0012432432,"data_set_value_component_model_parameters_variable_kre":0.1104,"data_set_value_component_model_parameters_variable_kfe":0.0001104,"data_set_value_component_model_parameters_variable_kt":0.007,"data_set_value_component_model_parameters_variable_Vs":11.0,"data_set_value_component_model_parameters_variable_ksyn":0.0011,"data_set_value_component_model_parameters_variable_ke":0.04,"data_set_value_component_model_parameters_variable_kx":0.15,"data_set_value_component_model_parameters_variable_kh":0.035,"data_set_value_component_model_parameters_variable_Ve":0.0,"data_set_value_component_model_parameters_variable_NA":602200000000.0,"data_set_value_component_model_parameters_variable_IL2":1.0},{"data_set_value_component_environment_variable_time":1.0,"data_set_value_component_Rs_variable_Rs":1482.1829733178,"data_set_value_component_Cs_variable_Cs":18.987103207,"data_set_value_component_Ri_variable_Ri":299.9639981285,"data_set_value_component_Ci_variable_Ci":1.3384395052,"data_set_value_component_Li_variable_Li":4.0001392167,"data_set_value_component_Ld_variable_Ld":1.0386830445,"data_set_value_component_L_variable_L":9.9923662179,"data_set_value_component_Y_variable_Y":250000000.0,"data_set_value_component_model_parameters_variable_kr":0.0138,"data_set_value_component_model_parameters_variable_kf":0.0012432432,"data_set_value_component_model_parameters_variable_kre":0.1104,"data_set_value_component_model_parameters_variable_kfe":0.0001104,"data_set_value_component_model_parameters_variable_kt":0.007,"data_set_value_component_model_parameters_variable_Vs":11.0,"data_set_value_component_model_parameters_variable_ksyn":0.0011,"data_set_value_component_model_parameters_variable_ke":0.04,"data_set_value_component_model_parameters_variable_kx":0.15,"data_set_value_component_model_parameters_variable_kh":0.035,"data_set_value_component_model_parameters_variable_Ve":0.0,"data_set_value_component_model_parameters_variable_NA":602200000000.0,"data_set_value_component_model_parameters_variable_IL2":1.0}]