[{"data_generator_T":0.0,"data_generator_V":0.0},{"data_generator_T":25.0,"data_generator_V":0.54766643},{"data_generator_T":50.0,"data_generator_V":0.35793138},{"data_generator_T":75.0,"data_generator_V":0.15658195},{"data_generator_T":100.0,"data_generator_V":-0.040850971},{"data_generator_T":125.0,"data_generator_V":-0.23433025},{"data_generator_T":150.0,"data_generator_V":-0.42362931},{"data_generator_T":175.0,"data_generator_V":-0.60852855},{"data_generator_T":200.0,"data_generator_V":-0.78881383},{"data_generator_T":225.0,"data_generator_V":-0.96427548},{"data_generator_T":250.0,"data_generator_V":-1.1347072},{"data_generator_T":275.0,"data_generator_V":-1.2999054},{"data_generator_T":300.0,"data_generator_V":-1.4596688},{"data_generator_T":325.0,"data_generator_V":-1.6137977},{"data_generator_T":350.0,"data_generator_V":-1.7620944},{"data_generator_T":375.0,"data_generator_V":-1.9043627},{"data_generator_T":400.0,"data_generator_V":-2.0404088},{"data_generator_T":425.0,"data_generator_V":-2.1700408},{"data_generator_T":450.0,"data_generator_V":-2.2930698},{"data_generator_T":475.0,"data_generator_V":-2.4093111},{"data_generator_T":500.0,"data_generator_V":-2.5185833},{"data_generator_T":525.0,"data_generator_V":-2.6207113},{"data_generator_T":550.0,"data_generator_V":-2.7155256},{"data_generator_T":575.0,"data_generator_V":-2.8028648},{"data_generator_T":600.0,"data_generator_V":-2.8825753},{"data_generator_T":625.0,"data_generator_V":-2.9545135},{"data_generator_T":650.0,"data_generator_V":-3.0185466},{"data_generator_T":675.0,"data_generator_V":-3.0745535},{"data_generator_T":700.0,"data_generator_V":-3.1224258},{"data_generator_T":725.0,"data_generator_V":-3.1620691},{"data_generator_T":750.0,"data_generator_V":-3.1934042},{"data_generator_T":775.0,"data_generator_V":-3.216367},{"data_generator_T":800.0,"data_generator_V":-3.2309091},{"data_generator_T":825.0,"data_generator_V":-3.2369998},{"data_generator_T":850.0,"data_generator_V":-3.2346244},{"data_generator_T":875.0,"data_generator_V":-3.2237854},{"data_generator_T":900.0,"data_generator_V":-3.2045028},{"data_generator_T":925.0,"data_generator_V":-3.1768131},{"data_generator_T":950.0,"data_generator_V":-3.1407692},{"data_generator_T":975.0,"data_generator_V":-3.0964406},{"data_generator_T":1000.0,"data_generator_V":-3.0439107},{"data_generator_T":1025.0,"data_generator_V":-2.9832792},{"data_generator_T":1050.0,"data_generator_V":-2.9146581},{"data_generator_T":1075.0,"data_generator_V":-2.8381724},{"data_generator_T":1100.0,"data_generator_V":-2.7539587},{"data_generator_T":1125.0,"data_generator_V":-2.6621635},{"data_generator_T":1150.0,"data_generator_V":-2.5629432},{"data_generator_T":1175.0,"data_generator_V":-2.4564617},{"data_generator_T":1200.0,"data_generator_V":-2.3428903},{"data_generator_T":1225.0,"data_generator_V":-2.2224059},{"data_generator_T":1250.0,"data_generator_V":-2.0951905},{"data_generator_T":1275.0,"data_generator_V":-1.9614301},{"data_generator_T":1300.0,"data_generator_V":-1.8213136},{"data_generator_T":1325.0,"data_generator_V":-1.6750332},{"data_generator_T":1350.0,"data_generator_V":-1.5227824},{"data_generator_T":1375.0,"data_generator_V":-1.3647573},{"data_generator_T":1400.0,"data_generator_V":-1.2011551},{"data_generator_T":1425.0,"data_generator_V":-1.0321748},{"data_generator_T":1450.0,"data_generator_V":-0.85801739},{"data_generator_T":1475.0,"data_generator_V":-0.67888635},{"data_generator_T":1500.0,"data_generator_V":-0.49498802},{"data_generator_T":1525.0,"data_generator_V":-0.3065328},{"data_generator_T":1550.0,"data_generator_V":-0.11373608},{"data_generator_T":1575.0,"data_generator_V":0.083180375},{"data_generator_T":1600.0,"data_generator_V":0.28398687},{"data_generator_T":1625.0,"data_generator_V":0.48844394},{"data_generator_T":1650.0,"data_generator_V":0.69630045},{"data_generator_T":1675.0,"data_generator_V":0.90729147},{"data_generator_T":1700.0,"data_generator_V":1.1211356},{"data_generator_T":1725.0,"data_generator_V":1.3375325},{"data_generator_T":1750.0,"data_generator_V":1.5561607},{"data_generator_T":1775.0,"data_generator_V":1.7766738},{"data_generator_T":1800.0,"data_generator_V":1.9986987},{"data_generator_T":1825.0,"data_generator_V":2.2218318},{"data_generator_T":1850.0,"data_generator_V":2.4456372},{"data_generator_T":1875.0,"data_generator_V":2.6696432},{"data_generator_T":1900.0,"data_generator_V":2.8933411},{"data_generator_T":1925.0,"data_generator_V":3.1161819},{"data_generator_T":1950.0,"data_generator_V":3.3375766},{"data_generator_T":1975.0,"data_generator_V":3.5568953},{"data_generator_T":2000.0,"data_generator_V":3.7734656},{"data_generator_T":2025.0,"data_generator_V":3.9865768},{"data_generator_T":2050.0,"data_generator_V":4.1954799},{"data_generator_T":2075.0,"data_generator_V":4.3993917},{"data_generator_T":2100.0,"data_generator_V":4.5975003},{"data_generator_T":2125.0,"data_generator_V":4.7889705},{"data_generator_T":2150.0,"data_generator_V":4.97295},{"data_generator_T":2175.0,"data_generator_V":5.1485806},{"data_generator_T":2200.0,"data_generator_V":5.3150048},{"data_generator_T":2225.0,"data_generator_V":5.4713759},{"data_generator_T":2250.0,"data_generator_V":5.6168714},{"data_generator_T":2275.0,"data_generator_V":5.7506995},{"data_generator_T":2300.0,"data_generator_V":5.8721147},{"data_generator_T":2325.0,"data_generator_V":5.9804239},{"data_generator_T":2350.0,"data_generator_V":6.0749979},{"data_generator_T":2375.0,"data_generator_V":6.1552825},{"data_generator_T":2400.0,"data_generator_V":6.220809},{"data_generator_T":2425.0,"data_generator_V":6.270905},{"data_generator_T":2450.0,"data_generator_V":6.3077264},{"data_generator_T":2475.0,"data_generator_V":6.3497014},{"data_generator_T":2500.0,"data_generator_V":5.7219734},{"data_generator_T":2525.0,"data_generator_V":6.2090235},{"data_generator_T":2550.0,"data_generator_V":-2.2077448},{"data_generator_T":2575.0,"data_generator_V":5.016314},{"data_generator_T":2600.0,"data_generator_V":-2.8476219},{"data_generator_T":2625.0,"data_generator_V":3.6557274},{"data_generator_T":2650.0,"data_generator_V":-1.7147031},{"data_generator_T":2675.0,"data_generator_V":1.875001},{"data_generator_T":2700.0,"data_generator_V":87.929085},{"data_generator_T":2725.0,"data_generator_V":-0.54858959},{"data_generator_T":2750.0,"data_generator_V":7.1569343},{"data_generator_T":2775.0,"data_generator_V":-3.4074819},{"data_generator_T":2800.0,"data_generator_V":2.4147425},{"data_generator_T":2825.0,"data_generator_V":53.236393},{"data_generator_T":2850.0,"data_generator_V":-2.8862104},{"data_generator_T":2875.0,"data_generator_V":2.6473963},{"data_generator_T":2900.0,"data_generator_V":10.225388},{"data_generator_T":2925.0,"data_generator_V":-5.2209477},{"data_generator_T":2950.0,"data_generator_V":-1.9813412},{"data_generator_T":2975.0,"data_generator_V":1.3235873},{"data_generator_T":3000.0,"data_generator_V":4.4569201},{"data_generator_T":3025.0,"data_generator_V":3.6868966},{"data_generator_T":3050.0,"data_generator_V":3.2460515},{"data_generator_T":3075.0,"data_generator_V":3.02618},{"data_generator_T":3100.0,"data_generator_V":2.8081882},{"data_generator_T":3125.0,"data_generator_V":2.5862551},{"data_generator_T":3150.0,"data_generator_V":2.3640521},{"data_generator_T":3175.0,"data_generator_V":2.1421654},{"data_generator_T":3200.0,"data_generator_V":1.9210283},{"data_generator_T":3225.0,"data_generator_V":1.7010558},{"data_generator_T":3250.0,"data_generator_V":1.4826344},{"data_generator_T":3275.0,"data_generator_V":1.2661237},{"data_generator_T":3300.0,"data_generator_V":1.0518582},{"data_generator_T":3325.0,"data_generator_V":0.84015113},{"data_generator_T":3350.0,"data_generator_V":0.63129586},{"data_generator_T":3375.0,"data_generator_V":0.42556873},{"data_generator_T":3400.0,"data_generator_V":0.22323121},{"data_generator_T":3425.0,"data_generator_V":0.024532085},{"data_generator_T":3450.0,"data_generator_V":-0.1702906},{"data_generator_T":3475.0,"data_generator_V":-0.36100778},{"data_generator_T":3500.0,"data_generator_V":-0.54739761},{"data_generator_T":3525.0,"data_generator_V":-0.72924441},{"data_generator_T":3550.0,"data_generator_V":-0.90633702},{"data_generator_T":3575.0,"data_generator_V":-1.0784681},{"data_generator_T":3600.0,"data_generator_V":-1.2454333},{"data_generator_T":3625.0,"data_generator_V":-1.4070306},{"data_generator_T":3650.0,"data_generator_V":-1.5630597},{"data_generator_T":3675.0,"data_generator_V":-1.7133223},{"data_generator_T":3700.0,"data_generator_V":-1.8576218},{"data_generator_T":3725.0,"data_generator_V":-1.9957633},{"data_generator_T":3750.0,"data_generator_V":-2.1275544},{"data_generator_T":3775.0,"data_generator_V":-2.2528055},{"data_generator_T":3800.0,"data_generator_V":-2.3713295},{"data_generator_T":3825.0,"data_generator_V":-2.4829445},{"data_generator_T":3850.0,"data_generator_V":-2.5874729},{"data_generator_T":3875.0,"data_generator_V":-2.6847436},{"data_generator_T":3900.0,"data_generator_V":-2.7745919},{"data_generator_T":3925.0,"data_generator_V":-2.8568618},{"data_generator_T":3950.0,"data_generator_V":-2.9314063},{"data_generator_T":3975.0,"data_generator_V":-2.9980884},{"data_generator_T":4000.0,"data_generator_V":-3.0567832},{"data_generator_T":4025.0,"data_generator_V":-3.1073782},{"data_generator_T":4050.0,"data_generator_V":-3.1497741},{"data_generator_T":4075.0,"data_generator_V":-3.1838865},{"data_generator_T":4100.0,"data_generator_V":-3.2096462},{"data_generator_T":4125.0,"data_generator_V":-3.2269998},{"data_generator_T":4150.0,"data_generator_V":-3.2359099},{"data_generator_T":4175.0,"data_generator_V":-3.236357},{"data_generator_T":4200.0,"data_generator_V":-3.228338},{"data_generator_T":4225.0,"data_generator_V":-3.2118666},{"data_generator_T":4250.0,"data_generator_V":-3.1869743},{"data_generator_T":4275.0,"data_generator_V":-3.1537082},{"data_generator_T":4300.0,"data_generator_V":-3.1121323},{"data_generator_T":4325.0,"data_generator_V":-3.0623262},{"data_generator_T":4350.0,"data_generator_V":-3.0043833},{"data_generator_T":4375.0,"data_generator_V":-2.9384122},{"data_generator_T":4400.0,"data_generator_V":-2.8645334},{"data_generator_T":4425.0,"data_generator_V":-2.7828798},{"data_generator_T":4450.0,"data_generator_V":-2.6935947},{"data_generator_T":4475.0,"data_generator_V":-2.5968318},{"data_generator_T":4500.0,"data_generator_V":-2.4927518},{"data_generator_T":4525.0,"data_generator_V":-2.3815246},{"data_generator_T":4550.0,"data_generator_V":-2.2633245},{"data_generator_T":4575.0,"data_generator_V":-2.1383321},{"data_generator_T":4600.0,"data_generator_V":-2.0067325},{"data_generator_T":4625.0,"data_generator_V":-1.8687136},{"data_generator_T":4650.0,"data_generator_V":-1.7244663},{"data_generator_T":4675.0,"data_generator_V":-1.5741841},{"data_generator_T":4700.0,"data_generator_V":-1.4180619},{"data_generator_T":4725.0,"data_generator_V":-1.2562966},{"data_generator_T":4750.0,"data_generator_V":-1.0890868},{"data_generator_T":4775.0,"data_generator_V":-0.91663259},{"data_generator_T":4800.0,"data_generator_V":-0.7391367},{"data_generator_T":4825.0,"data_generator_V":-0.5568043},{"data_generator_T":4850.0,"data_generator_V":-0.36984435},{"data_generator_T":4875.0,"data_generator_V":-0.17847051},{"data_generator_T":4900.0,"data_generator_V":0.017097808},{"data_generator_T":4925.0,"data_generator_V":0.21663369},{"data_generator_T":4950.0,"data_generator_V":0.41990119},{"data_generator_T":4975.0,"data_generator_V":0.62665331},{"data_generator_T":5000.0,"data_generator_V":0.83662987},{"data_generator_T":5025.0,"data_generator_V":1.0495553},{"data_generator_T":5050.0,"data_generator_V":1.2651359},{"data_generator_T":5075.0,"data_generator_V":1.4830576},{"data_generator_T":5100.0,"data_generator_V":1.7029824},{"data_generator_T":5125.0,"data_generator_V":1.9245467},{"data_generator_T":5150.0,"data_generator_V":2.1473572},{"data_generator_T":5175.0,"data_generator_V":2.3709891},{"data_generator_T":5200.0,"data_generator_V":2.5949829},{"data_generator_T":5225.0,"data_generator_V":2.8188424},{"data_generator_T":5250.0,"data_generator_V":3.0420322},{"data_generator_T":5275.0,"data_generator_V":3.2639771},{"data_generator_T":5300.0,"data_generator_V":3.4840603},{"data_generator_T":5325.0,"data_generator_V":3.7016239},{"data_generator_T":5350.0,"data_generator_V":3.9159696},{"data_generator_T":5375.0,"data_generator_V":4.1263604},{"data_generator_T":5400.0,"data_generator_V":4.3320251},{"data_generator_T":5425.0,"data_generator_V":4.5321598},{"data_generator_T":5450.0,"data_generator_V":4.7259369},{"data_generator_T":5475.0,"data_generator_V":4.9125085},{"data_generator_T":5500.0,"data_generator_V":5.0910182},{"data_generator_T":5525.0,"data_generator_V":5.2606058},{"data_generator_T":5550.0,"data_generator_V":5.4204206},{"data_generator_T":5575.0,"data_generator_V":5.5696306},{"data_generator_T":5600.0,"data_generator_V":5.7074337},{"data_generator_T":5625.0,"data_generator_V":5.833066},{"data_generator_T":5650.0,"data_generator_V":5.945817},{"data_generator_T":5675.0,"data_generator_V":6.0450354},{"data_generator_T":5700.0,"data_generator_V":6.1301394},{"data_generator_T":5725.0,"data_generator_V":6.2006278},{"data_generator_T":5750.0,"data_generator_V":6.2560439},{"data_generator_T":5775.0,"data_generator_V":6.2964158},{"data_generator_T":5800.0,"data_generator_V":6.3235474},{"data_generator_T":5825.0,"data_generator_V":6.2437634},{"data_generator_T":5850.0,"data_generator_V":7.7215662},{"data_generator_T":5875.0,"data_generator_V":3.7249446},{"data_generator_T":5900.0,"data_generator_V":-3.0011964},{"data_generator_T":5925.0,"data_generator_V":2.7003562},{"data_generator_T":5950.0,"data_generator_V":28.707869},{"data_generator_T":5975.0,"data_generator_V":1.3323125},{"data_generator_T":6000.0,"data_generator_V":100.60044},{"data_generator_T":6025.0,"data_generator_V":-0.56342429},{"data_generator_T":6050.0,"data_generator_V":7.5685759},{"data_generator_T":6075.0,"data_generator_V":-2.8977456},{"data_generator_T":6100.0,"data_generator_V":3.3617125},{"data_generator_T":6125.0,"data_generator_V":48.724968},{"data_generator_T":6150.0,"data_generator_V":-1.0831169},{"data_generator_T":6175.0,"data_generator_V":5.1280236},{"data_generator_T":6200.0,"data_generator_V":19.545504},{"data_generator_T":6225.0,"data_generator_V":-1.9011697},{"data_generator_T":6250.0,"data_generator_V":3.1257176},{"data_generator_T":6275.0,"data_generator_V":7.9295163},{"data_generator_T":6300.0,"data_generator_V":59.903145},{"data_generator_T":6325.0,"data_generator_V":1.3661859},{"data_generator_T":6350.0,"data_generator_V":3.6774976},{"data_generator_T":6375.0,"data_generator_V":3.3916335},{"data_generator_T":6400.0,"data_generator_V":3.1040485},{"data_generator_T":6425.0,"data_generator_V":2.8814566},{"data_generator_T":6450.0,"data_generator_V":2.6602688},{"data_generator_T":6475.0,"data_generator_V":2.4381061},{"data_generator_T":6500.0,"data_generator_V":2.2160659},{"data_generator_T":6525.0,"data_generator_V":1.9946312},{"data_generator_T":6550.0,"data_generator_V":1.7742261},{"data_generator_T":6575.0,"data_generator_V":1.5552465},{"data_generator_T":6600.0,"data_generator_V":1.3380605},{"data_generator_T":6625.0,"data_generator_V":1.1230108},{"data_generator_T":6650.0,"data_generator_V":0.91041744},{"data_generator_T":6675.0,"data_generator_V":0.70058006},{"data_generator_T":6700.0,"data_generator_V":0.49378046},{"data_generator_T":6725.0,"data_generator_V":0.29028484},{"data_generator_T":6750.0,"data_generator_V":0.090345964},{"data_generator_T":6775.0,"data_generator_V":-0.10579474},{"data_generator_T":6800.0,"data_generator_V":-0.29790539},{"data_generator_T":6825.0,"data_generator_V":-0.48576191},{"data_generator_T":6850.0,"data_generator_V":-0.66914672},{"data_generator_T":6875.0,"data_generator_V":-0.84784728},{"data_generator_T":6900.0,"data_generator_V":-1.0216551},{"data_generator_T":6925.0,"data_generator_V":-1.1903647},{"data_generator_T":6950.0,"data_generator_V":-1.3537736},{"data_generator_T":6975.0,"data_generator_V":-1.511681},{"data_generator_T":7000.0,"data_generator_V":-1.6638876},{"data_generator_T":7025.0,"data_generator_V":-1.8101965},{"data_generator_T":7050.0,"data_generator_V":-1.9504123},{"data_generator_T":7075.0,"data_generator_V":-2.0843415},{"data_generator_T":7100.0,"data_generator_V":-2.2117934},{"data_generator_T":7125.0,"data_generator_V":-2.3325801},{"data_generator_T":7150.0,"data_generator_V":-2.4465182},{"data_generator_T":7175.0,"data_generator_V":-2.5534282},{"data_generator_T":7200.0,"data_generator_V":-2.6531367},{"data_generator_T":7225.0,"data_generator_V":-2.745477},{"data_generator_T":7250.0,"data_generator_V":-2.8302898},{"data_generator_T":7275.0,"data_generator_V":-2.9074252},{"data_generator_T":7300.0,"data_generator_V":-2.9767425},{"data_generator_T":7325.0,"data_generator_V":-3.0381131},{"data_generator_T":7350.0,"data_generator_V":-3.0914197},{"data_generator_T":7375.0,"data_generator_V":-3.1365588},{"data_generator_T":7400.0,"data_generator_V":-3.1734409},{"data_generator_T":7425.0,"data_generator_V":-3.2019913},{"data_generator_T":7450.0,"data_generator_V":-3.2221518},{"data_generator_T":7475.0,"data_generator_V":-3.2338796},{"data_generator_T":7500.0,"data_generator_V":-3.237149},{"data_generator_T":7525.0,"data_generator_V":-3.2319512},{"data_generator_T":7550.0,"data_generator_V":-3.2182946},{"data_generator_T":7575.0,"data_generator_V":-3.1962049},{"data_generator_T":7600.0,"data_generator_V":-3.1657238},{"data_generator_T":7625.0,"data_generator_V":-3.1269097},{"data_generator_T":7650.0,"data_generator_V":-3.0798371},{"data_generator_T":7675.0,"data_generator_V":-3.0245953},{"data_generator_T":7700.0,"data_generator_V":-2.9612873},{"data_generator_T":7725.0,"data_generator_V":-2.8900301},{"data_generator_T":7750.0,"data_generator_V":-2.8109529},{"data_generator_T":7775.0,"data_generator_V":-2.724195},{"data_generator_T":7800.0,"data_generator_V":-2.6299071},{"data_generator_T":7825.0,"data_generator_V":-2.5282478},{"data_generator_T":7850.0,"data_generator_V":-2.4193838},{"data_generator_T":7875.0,"data_generator_V":-2.3034883},{"data_generator_T":7900.0,"data_generator_V":-2.1807396},{"data_generator_T":7925.0,"data_generator_V":-2.0513217},{"data_generator_T":7950.0,"data_generator_V":-1.9154214},{"data_generator_T":7975.0,"data_generator_V":-1.7732289},{"data_generator_T":8000.0,"data_generator_V":-1.6249367},{"data_generator_T":8025.0,"data_generator_V":-1.4707394},{"data_generator_T":8050.0,"data_generator_V":-1.3108331},{"data_generator_T":8075.0,"data_generator_V":-1.145416},{"data_generator_T":8100.0,"data_generator_V":-0.97468758},{"data_generator_T":8125.0,"data_generator_V":-0.79884958},{"data_generator_T":8150.0,"data_generator_V":-0.61810631},{"data_generator_T":8175.0,"data_generator_V":-0.43266544},{"data_generator_T":8200.0,"data_generator_V":-0.24273881},{"data_generator_T":8225.0,"data_generator_V":-0.048543844},{"data_generator_T":8250.0,"data_generator_V":0.14969525},{"data_generator_T":8275.0,"data_generator_V":0.35174572},{"data_generator_T":8300.0,"data_generator_V":0.55736452},{"data_generator_T":8325.0,"data_generator_V":0.76629609},{"data_generator_T":8350.0,"data_generator_V":0.97827023},{"data_generator_T":8375.0,"data_generator_V":1.1929996},{"data_generator_T":8400.0,"data_generator_V":1.4101772},{"data_generator_T":8425.0,"data_generator_V":1.6294734},{"data_generator_T":8450.0,"data_generator_V":1.8505335},{"data_generator_T":8475.0,"data_generator_V":2.0729742},{"data_generator_T":8500.0,"data_generator_V":2.2963815},{"data_generator_T":8525.0,"data_generator_V":2.520308},{"data_generator_T":8550.0,"data_generator_V":2.7442696},{"data_generator_T":8575.0,"data_generator_V":2.9677446},{"data_generator_T":8600.0,"data_generator_V":3.190171},{"data_generator_T":8625.0,"data_generator_V":3.4109459},{"data_generator_T":8650.0,"data_generator_V":3.629425},{"data_generator_T":8675.0,"data_generator_V":3.8449233},{"data_generator_T":8700.0,"data_generator_V":4.0567164},{"data_generator_T":8725.0,"data_generator_V":4.2640443},{"data_generator_T":8750.0,"data_generator_V":4.4661136},{"data_generator_T":8775.0,"data_generator_V":4.6621032},{"data_generator_T":8800.0,"data_generator_V":4.8511715},{"data_generator_T":8825.0,"data_generator_V":5.032464},{"data_generator_T":8850.0,"data_generator_V":5.2051206},{"data_generator_T":8875.0,"data_generator_V":5.3682866},{"data_generator_T":8900.0,"data_generator_V":5.5211225},{"data_generator_T":8925.0,"data_generator_V":5.6628146},{"data_generator_T":8950.0,"data_generator_V":5.7925858},{"data_generator_T":8975.0,"data_generator_V":5.9097061},{"data_generator_T":9000.0,"data_generator_V":6.0135036},{"data_generator_T":9025.0,"data_generator_V":6.1033721},{"data_generator_T":9050.0,"data_generator_V":6.1787877},{"data_generator_T":9075.0,"data_generator_V":6.2392364},{"data_generator_T":9100.0,"data_generator_V":6.2843719},{"data_generator_T":9125.0,"data_generator_V":6.3250051},{"data_generator_T":9150.0,"data_generator_V":6.2145824},{"data_generator_T":9175.0,"data_generator_V":94.743126},{"data_generator_T":9200.0,"data_generator_V":0.48234972},{"data_generator_T":9225.0,"data_generator_V":22.697088},{"data_generator_T":9250.0,"data_generator_V":-0.36756298},{"data_generator_T":9275.0,"data_generator_V":9.5032377},{"data_generator_T":9300.0,"data_generator_V":-1.4954871},{"data_generator_T":9325.0,"data_generator_V":6.1318984},{"data_generator_T":9350.0,"data_generator_V":-2.8823709},{"data_generator_T":9375.0,"data_generator_V":3.5296125},{"data_generator_T":9400.0,"data_generator_V":19.822523},{"data_generator_T":9425.0,"data_generator_V":0.4221431},{"data_generator_T":9450.0,"data_generator_V":8.8612919},{"data_generator_T":9475.0,"data_generator_V":-3.3747633},{"data_generator_T":9500.0,"data_generator_V":2.328068},{"data_generator_T":9525.0,"data_generator_V":14.708663},{"data_generator_T":9550.0,"data_generator_V":-3.9928591},{"data_generator_T":9575.0,"data_generator_V":0.8019684},{"data_generator_T":9600.0,"data_generator_V":5.3667645},{"data_generator_T":9625.0,"data_generator_V":14.581867},{"data_generator_T":9650.0,"data_generator_V":3.262013},{"data_generator_T":9675.0,"data_generator_V":4.3041534},{"data_generator_T":9700.0,"data_generator_V":3.4047976},{"data_generator_T":9725.0,"data_generator_V":3.1621411},{"data_generator_T":9750.0,"data_generator_V":2.9552722},{"data_generator_T":9775.0,"data_generator_V":2.7343819},{"data_generator_T":9800.0,"data_generator_V":2.512176},{"data_generator_T":9825.0,"data_generator_V":2.2900331},{"data_generator_T":9850.0,"data_generator_V":2.0683486},{"data_generator_T":9875.0,"data_generator_V":1.847555},{"data_generator_T":9900.0,"data_generator_V":1.6280581},{"data_generator_T":9925.0,"data_generator_V":1.4102349},{"data_generator_T":9950.0,"data_generator_V":1.1944364},{"data_generator_T":9975.0,"data_generator_V":0.98099005},{"data_generator_T":10000.0,"data_generator_V":0.77020186},{"data_generator_T":10025.0,"data_generator_V":0.56235939},{"data_generator_T":10050.0,"data_generator_V":0.35773376},{"data_generator_T":10075.0,"data_generator_V":0.15658195},{"data_generator_T":10100.0,"data_generator_V":-0.040851008},{"data_generator_T":10125.0,"data_generator_V":-0.23433025},{"data_generator_T":10150.0,"data_generator_V":-0.42362931},{"data_generator_T":10175.0,"data_generator_V":-0.60852855},{"data_generator_T":10200.0,"data_generator_V":-0.78881383},{"data_generator_T":10225.0,"data_generator_V":-0.96427548},{"data_generator_T":10250.0,"data_generator_V":-1.1347072},{"data_generator_T":10275.0,"data_generator_V":-1.2999054},{"data_generator_T":10300.0,"data_generator_V":-1.4596688},{"data_generator_T":10325.0,"data_generator_V":-1.6137977},{"data_generator_T":10350.0,"data_generator_V":-1.7620944},{"data_generator_T":10375.0,"data_generator_V":-1.9043627},{"data_generator_T":10400.0,"data_generator_V":-2.0404088},{"data_generator_T":10425.0,"data_generator_V":-2.1700408},{"data_generator_T":10450.0,"data_generator_V":-2.2930698},{"data_generator_T":10475.0,"data_generator_V":-2.4093111},{"data_generator_T":10500.0,"data_generator_V":-2.5185833},{"data_generator_T":10525.0,"data_generator_V":-2.6207113},{"data_generator_T":10550.0,"data_generator_V":-2.7155256},{"data_generator_T":10575.0,"data_generator_V":-2.8028648},{"data_generator_T":10600.0,"data_generator_V":-2.8825753},{"data_generator_T":10625.0,"data_generator_V":-2.9545135},{"data_generator_T":10650.0,"data_generator_V":-3.0185466},{"data_generator_T":10675.0,"data_generator_V":-3.0745535},{"data_generator_T":10700.0,"data_generator_V":-3.1224258},{"data_generator_T":10725.0,"data_generator_V":-3.1620691},{"data_generator_T":10750.0,"data_generator_V":-3.1934042},{"data_generator_T":10775.0,"data_generator_V":-3.216367},{"data_generator_T":10800.0,"data_generator_V":-3.2309091},{"data_generator_T":10825.0,"data_generator_V":-3.2369998},{"data_generator_T":10850.0,"data_generator_V":-3.2346244},{"data_generator_T":10875.0,"data_generator_V":-3.2237854},{"data_generator_T":10900.0,"data_generator_V":-3.2045028},{"data_generator_T":10925.0,"data_generator_V":-3.1768131},{"data_generator_T":10950.0,"data_generator_V":-3.1407692},{"data_generator_T":10975.0,"data_generator_V":-3.0964406},{"data_generator_T":11000.0,"data_generator_V":-3.0439107},{"data_generator_T":11025.0,"data_generator_V":-2.9832792},{"data_generator_T":11050.0,"data_generator_V":-2.9146581},{"data_generator_T":11075.0,"data_generator_V":-2.8381724},{"data_generator_T":11100.0,"data_generator_V":-2.7539587},{"data_generator_T":11125.0,"data_generator_V":-2.6621635},{"data_generator_T":11150.0,"data_generator_V":-2.5629432},{"data_generator_T":11175.0,"data_generator_V":-2.4564617},{"data_generator_T":11200.0,"data_generator_V":-2.3428903},{"data_generator_T":11225.0,"data_generator_V":-2.2224059},{"data_generator_T":11250.0,"data_generator_V":-2.0951905},{"data_generator_T":11275.0,"data_generator_V":-1.9614301},{"data_generator_T":11300.0,"data_generator_V":-1.8213136},{"data_generator_T":11325.0,"data_generator_V":-1.6750332},{"data_generator_T":11350.0,"data_generator_V":-1.5227824},{"data_generator_T":11375.0,"data_generator_V":-1.3647573},{"data_generator_T":11400.0,"data_generator_V":-1.2011551},{"data_generator_T":11425.0,"data_generator_V":-1.0321748},{"data_generator_T":11450.0,"data_generator_V":-0.85801739},{"data_generator_T":11475.0,"data_generator_V":-0.67888635},{"data_generator_T":11500.0,"data_generator_V":-0.49498802},{"data_generator_T":11525.0,"data_generator_V":-0.3065328},{"data_generator_T":11550.0,"data_generator_V":-0.11373608},{"data_generator_T":11575.0,"data_generator_V":0.083180375},{"data_generator_T":11600.0,"data_generator_V":0.28398687},{"data_generator_T":11625.0,"data_generator_V":0.48844394},{"data_generator_T":11650.0,"data_generator_V":0.69630045},{"data_generator_T":11675.0,"data_generator_V":0.90729147},{"data_generator_T":11700.0,"data_generator_V":1.1211356},{"data_generator_T":11725.0,"data_generator_V":1.3375325},{"data_generator_T":11750.0,"data_generator_V":1.5561607},{"data_generator_T":11775.0,"data_generator_V":1.7766738},{"data_generator_T":11800.0,"data_generator_V":1.9986987},{"data_generator_T":11825.0,"data_generator_V":2.2218318},{"data_generator_T":11850.0,"data_generator_V":2.4456372},{"data_generator_T":11875.0,"data_generator_V":2.6696432},{"data_generator_T":11900.0,"data_generator_V":2.8933411},{"data_generator_T":11925.0,"data_generator_V":3.1161819},{"data_generator_T":11950.0,"data_generator_V":3.3375766},{"data_generator_T":11975.0,"data_generator_V":3.5568953},{"data_generator_T":12000.0,"data_generator_V":3.7734656},{"data_generator_T":12025.0,"data_generator_V":3.9865768},{"data_generator_T":12050.0,"data_generator_V":4.1954799},{"data_generator_T":12075.0,"data_generator_V":4.3993917},{"data_generator_T":12100.0,"data_generator_V":4.5975003},{"data_generator_T":12125.0,"data_generator_V":4.7889705},{"data_generator_T":12150.0,"data_generator_V":4.97295},{"data_generator_T":12175.0,"data_generator_V":5.1485806},{"data_generator_T":12200.0,"data_generator_V":5.3150048},{"data_generator_T":12225.0,"data_generator_V":5.4713759},{"data_generator_T":12250.0,"data_generator_V":5.6168714},{"data_generator_T":12275.0,"data_generator_V":5.7506995},{"data_generator_T":12300.0,"data_generator_V":5.8721147},{"data_generator_T":12325.0,"data_generator_V":5.9804235},{"data_generator_T":12350.0,"data_generator_V":6.0749979},{"data_generator_T":12375.0,"data_generator_V":6.1552815},{"data_generator_T":12400.0,"data_generator_V":6.2207866},{"data_generator_T":12425.0,"data_generator_V":6.2712884},{"data_generator_T":12450.0,"data_generator_V":6.3065014},{"data_generator_T":12475.0,"data_generator_V":6.2966919},{"data_generator_T":12500.0,"data_generator_V":6.7015877},{"data_generator_T":12525.0,"data_generator_V":1.0523739},{"data_generator_T":12550.0,"data_generator_V":101.30106},{"data_generator_T":12575.0,"data_generator_V":0.18226124},{"data_generator_T":12600.0,"data_generator_V":13.571769},{"data_generator_T":12625.0,"data_generator_V":-0.92694235},{"data_generator_T":12650.0,"data_generator_V":7.3691492},{"data_generator_T":12675.0,"data_generator_V":-2.3572328},{"data_generator_T":12700.0,"data_generator_V":4.4666529},{"data_generator_T":12725.0,"data_generator_V":-3.7130797},{"data_generator_T":12750.0,"data_generator_V":1.4527277},{"data_generator_T":12775.0,"data_generator_V":19.333921},{"data_generator_T":12800.0,"data_generator_V":-2.3966932},{"data_generator_T":12825.0,"data_generator_V":3.7244084},{"data_generator_T":12850.0,"data_generator_V":69.261551},{"data_generator_T":12875.0,"data_generator_V":-2.5484738},{"data_generator_T":12900.0,"data_generator_V":2.7209253},{"data_generator_T":12925.0,"data_generator_V":8.2656555},{"data_generator_T":12950.0,"data_generator_V":7.4547215},{"data_generator_T":12975.0,"data_generator_V":-4.7818227},{"data_generator_T":13000.0,"data_generator_V":3.780278},{"data_generator_T":13025.0,"data_generator_V":3.18574},{"data_generator_T":13050.0,"data_generator_V":3.2333069},{"data_generator_T":13075.0,"data_generator_V":3.0330441},{"data_generator_T":13100.0,"data_generator_V":2.8084755},{"data_generator_T":13125.0,"data_generator_V":2.586226},{"data_generator_T":13150.0,"data_generator_V":2.3640509},{"data_generator_T":13175.0,"data_generator_V":2.1421654},{"data_generator_T":13200.0,"data_generator_V":1.9210283},{"data_generator_T":13225.0,"data_generator_V":1.7010558},{"data_generator_T":13250.0,"data_generator_V":1.4826344},{"data_generator_T":13275.0,"data_generator_V":1.2661237},{"data_generator_T":13300.0,"data_generator_V":1.0518582},{"data_generator_T":13325.0,"data_generator_V":0.84015113},{"data_generator_T":13350.0,"data_generator_V":0.63129586},{"data_generator_T":13375.0,"data_generator_V":0.42556873},{"data_generator_T":13400.0,"data_generator_V":0.22323121},{"data_generator_T":13425.0,"data_generator_V":0.024532083},{"data_generator_T":13450.0,"data_generator_V":-0.1702906},{"data_generator_T":13475.0,"data_generator_V":-0.36100778},{"data_generator_T":13500.0,"data_generator_V":-0.54739761},{"data_generator_T":13525.0,"data_generator_V":-0.72924441},{"data_generator_T":13550.0,"data_generator_V":-0.90633702},{"data_generator_T":13575.0,"data_generator_V":-1.0784681},{"data_generator_T":13600.0,"data_generator_V":-1.2454333},{"data_generator_T":13625.0,"data_generator_V":-1.4070306},{"data_generator_T":13650.0,"data_generator_V":-1.5630597},{"data_generator_T":13675.0,"data_generator_V":-1.7133223},{"data_generator_T":13700.0,"data_generator_V":-1.8576218},{"data_generator_T":13725.0,"data_generator_V":-1.9957633},{"data_generator_T":13750.0,"data_generator_V":-2.1275544},{"data_generator_T":13775.0,"data_generator_V":-2.2528055},{"data_generator_T":13800.0,"data_generator_V":-2.3713295},{"data_generator_T":13825.0,"data_generator_V":-2.4829445},{"data_generator_T":13850.0,"data_generator_V":-2.5874729},{"data_generator_T":13875.0,"data_generator_V":-2.6847436},{"data_generator_T":13900.0,"data_generator_V":-2.7745919},{"data_generator_T":13925.0,"data_generator_V":-2.8568618},{"data_generator_T":13950.0,"data_generator_V":-2.9314063},{"data_generator_T":13975.0,"data_generator_V":-2.9980884},{"data_generator_T":14000.0,"data_generator_V":-3.0567832},{"data_generator_T":14025.0,"data_generator_V":-3.1073782},{"data_generator_T":14050.0,"data_generator_V":-3.1497741},{"data_generator_T":14075.0,"data_generator_V":-3.1838865},{"data_generator_T":14100.0,"data_generator_V":-3.2096462},{"data_generator_T":14125.0,"data_generator_V":-3.2269998},{"data_generator_T":14150.0,"data_generator_V":-3.2359099},{"data_generator_T":14175.0,"data_generator_V":-3.236357},{"data_generator_T":14200.0,"data_generator_V":-3.228338},{"data_generator_T":14225.0,"data_generator_V":-3.2118666},{"data_generator_T":14250.0,"data_generator_V":-3.1869743},{"data_generator_T":14275.0,"data_generator_V":-3.1537082},{"data_generator_T":14300.0,"data_generator_V":-3.1121323},{"data_generator_T":14325.0,"data_generator_V":-3.0623262},{"data_generator_T":14350.0,"data_generator_V":-3.0043833},{"data_generator_T":14375.0,"data_generator_V":-2.9384122},{"data_generator_T":14400.0,"data_generator_V":-2.8645334},{"data_generator_T":14425.0,"data_generator_V":-2.7828798},{"data_generator_T":14450.0,"data_generator_V":-2.6935947},{"data_generator_T":14475.0,"data_generator_V":-2.5968318},{"data_generator_T":14500.0,"data_generator_V":-2.4927518},{"data_generator_T":14525.0,"data_generator_V":-2.3815246},{"data_generator_T":14550.0,"data_generator_V":-2.2633245},{"data_generator_T":14575.0,"data_generator_V":-2.1383321},{"data_generator_T":14600.0,"data_generator_V":-2.0067325},{"data_generator_T":14625.0,"data_generator_V":-1.8687135},{"data_generator_T":14650.0,"data_generator_V":-1.7244663},{"data_generator_T":14675.0,"data_generator_V":-1.5741841},{"data_generator_T":14700.0,"data_generator_V":-1.4180619},{"data_generator_T":14725.0,"data_generator_V":-1.2562966},{"data_generator_T":14750.0,"data_generator_V":-1.0890868},{"data_generator_T":14775.0,"data_generator_V":-0.91663259},{"data_generator_T":14800.0,"data_generator_V":-0.7391367},{"data_generator_T":14825.0,"data_generator_V":-0.5568043},{"data_generator_T":14850.0,"data_generator_V":-0.36984435},{"data_generator_T":14875.0,"data_generator_V":-0.17847051},{"data_generator_T":14900.0,"data_generator_V":0.01709781},{"data_generator_T":14925.0,"data_generator_V":0.21663369},{"data_generator_T":14950.0,"data_generator_V":0.41990119},{"data_generator_T":14975.0,"data_generator_V":0.62665331},{"data_generator_T":15000.0,"data_generator_V":0.83662987},{"data_generator_T":15025.0,"data_generator_V":1.0495553},{"data_generator_T":15050.0,"data_generator_V":1.265136},{"data_generator_T":15075.0,"data_generator_V":1.4830576},{"data_generator_T":15100.0,"data_generator_V":1.7029824},{"data_generator_T":15125.0,"data_generator_V":1.9245467},{"data_generator_T":15150.0,"data_generator_V":2.1473572},{"data_generator_T":15175.0,"data_generator_V":2.3709891},{"data_generator_T":15200.0,"data_generator_V":2.5949829},{"data_generator_T":15225.0,"data_generator_V":2.8188424},{"data_generator_T":15250.0,"data_generator_V":3.0420322},{"data_generator_T":15275.0,"data_generator_V":3.2639771},{"data_generator_T":15300.0,"data_generator_V":3.4840603},{"data_generator_T":15325.0,"data_generator_V":3.7016239},{"data_generator_T":15350.0,"data_generator_V":3.9159696},{"data_generator_T":15375.0,"data_generator_V":4.1263604},{"data_generator_T":15400.0,"data_generator_V":4.3320251},{"data_generator_T":15425.0,"data_generator_V":4.5321598},{"data_generator_T":15450.0,"data_generator_V":4.7259369},{"data_generator_T":15475.0,"data_generator_V":4.9125085},{"data_generator_T":15500.0,"data_generator_V":5.0910182},{"data_generator_T":15525.0,"data_generator_V":5.2606058},{"data_generator_T":15550.0,"data_generator_V":5.4204206},{"data_generator_T":15575.0,"data_generator_V":5.5696306},{"data_generator_T":15600.0,"data_generator_V":5.7074337},{"data_generator_T":15625.0,"data_generator_V":5.833066},{"data_generator_T":15650.0,"data_generator_V":5.945817},{"data_generator_T":15675.0,"data_generator_V":6.0450354},{"data_generator_T":15700.0,"data_generator_V":6.1301389},{"data_generator_T":15725.0,"data_generator_V":6.2006354},{"data_generator_T":15750.0,"data_generator_V":6.2560444},{"data_generator_T":15775.0,"data_generator_V":6.2951598},{"data_generator_T":15800.0,"data_generator_V":6.3403983},{"data_generator_T":15825.0,"data_generator_V":6.2585874},{"data_generator_T":15850.0,"data_generator_V":-2.8022969},{"data_generator_T":15875.0,"data_generator_V":3.7518384},{"data_generator_T":15900.0,"data_generator_V":-3.0456357},{"data_generator_T":15925.0,"data_generator_V":2.7441702},{"data_generator_T":15950.0,"data_generator_V":26.96208},{"data_generator_T":15975.0,"data_generator_V":1.3746946},{"data_generator_T":16000.0,"data_generator_V":101.58339},{"data_generator_T":16025.0,"data_generator_V":-0.52362949},{"data_generator_T":16050.0,"data_generator_V":7.6621022},{"data_generator_T":16075.0,"data_generator_V":-2.8685303},{"data_generator_T":16100.0,"data_generator_V":3.4082329},{"data_generator_T":16125.0,"data_generator_V":46.646309},{"data_generator_T":16150.0,"data_generator_V":-1.039098},{"data_generator_T":16175.0,"data_generator_V":5.1807108},{"data_generator_T":16200.0,"data_generator_V":17.257713},{"data_generator_T":16225.0,"data_generator_V":-1.8539474},{"data_generator_T":16250.0,"data_generator_V":3.1729944},{"data_generator_T":16275.0,"data_generator_V":8.0164852},{"data_generator_T":16300.0,"data_generator_V":57.002739},{"data_generator_T":16325.0,"data_generator_V":1.3781676},{"data_generator_T":16350.0,"data_generator_V":3.6660419},{"data_generator_T":16375.0,"data_generator_V":3.3916187},{"data_generator_T":16400.0,"data_generator_V":3.1042316},{"data_generator_T":16425.0,"data_generator_V":2.8814628},{"data_generator_T":16450.0,"data_generator_V":2.6602678},{"data_generator_T":16475.0,"data_generator_V":2.4381058},{"data_generator_T":16500.0,"data_generator_V":2.2160659},{"data_generator_T":16525.0,"data_generator_V":1.9946312},{"data_generator_T":16550.0,"data_generator_V":1.7742261},{"data_generator_T":16575.0,"data_generator_V":1.5552465},{"data_generator_T":16600.0,"data_generator_V":1.3380605},{"data_generator_T":16625.0,"data_generator_V":1.1230108},{"data_generator_T":16650.0,"data_generator_V":0.91041744},{"data_generator_T":16675.0,"data_generator_V":0.70058006},{"data_generator_T":16700.0,"data_generator_V":0.49378046},{"data_generator_T":16725.0,"data_generator_V":0.29028484},{"data_generator_T":16750.0,"data_generator_V":0.090345964},{"data_generator_T":16775.0,"data_generator_V":-0.10579474},{"data_generator_T":16800.0,"data_generator_V":-0.29790539},{"data_generator_T":16825.0,"data_generator_V":-0.48576191},{"data_generator_T":16850.0,"data_generator_V":-0.66914672},{"data_generator_T":16875.0,"data_generator_V":-0.84784728},{"data_generator_T":16900.0,"data_generator_V":-1.0216551},{"data_generator_T":16925.0,"data_generator_V":-1.1903647},{"data_generator_T":16950.0,"data_generator_V":-1.3537736},{"data_generator_T":16975.0,"data_generator_V":-1.511681},{"data_generator_T":17000.0,"data_generator_V":-1.6638876},{"data_generator_T":17025.0,"data_generator_V":-1.8101965},{"data_generator_T":17050.0,"data_generator_V":-1.9504123},{"data_generator_T":17075.0,"data_generator_V":-2.0843415},{"data_generator_T":17100.0,"data_generator_V":-2.2117934},{"data_generator_T":17125.0,"data_generator_V":-2.3325801},{"data_generator_T":17150.0,"data_generator_V":-2.4465182},{"data_generator_T":17175.0,"data_generator_V":-2.5534282},{"data_generator_T":17200.0,"data_generator_V":-2.6531367},{"data_generator_T":17225.0,"data_generator_V":-2.745477},{"data_generator_T":17250.0,"data_generator_V":-2.8302898},{"data_generator_T":17275.0,"data_generator_V":-2.9074252},{"data_generator_T":17300.0,"data_generator_V":-2.9767425},{"data_generator_T":17325.0,"data_generator_V":-3.0381131},{"data_generator_T":17350.0,"data_generator_V":-3.0914197},{"data_generator_T":17375.0,"data_generator_V":-3.1365588},{"data_generator_T":17400.0,"data_generator_V":-3.1734409},{"data_generator_T":17425.0,"data_generator_V":-3.2019913},{"data_generator_T":17450.0,"data_generator_V":-3.2221518},{"data_generator_T":17475.0,"data_generator_V":-3.2338796},{"data_generator_T":17500.0,"data_generator_V":-3.237149},{"data_generator_T":17525.0,"data_generator_V":-3.2319512},{"data_generator_T":17550.0,"data_generator_V":-3.2182946},{"data_generator_T":17575.0,"data_generator_V":-3.1962049},{"data_generator_T":17600.0,"data_generator_V":-3.1657238},{"data_generator_T":17625.0,"data_generator_V":-3.1269097},{"data_generator_T":17650.0,"data_generator_V":-3.0798371},{"data_generator_T":17675.0,"data_generator_V":-3.0245953},{"data_generator_T":17700.0,"data_generator_V":-2.9612873},{"data_generator_T":17725.0,"data_generator_V":-2.8900301},{"data_generator_T":17750.0,"data_generator_V":-2.8109529},{"data_generator_T":17775.0,"data_generator_V":-2.724195},{"data_generator_T":17800.0,"data_generator_V":-2.6299071},{"data_generator_T":17825.0,"data_generator_V":-2.5282478},{"data_generator_T":17850.0,"data_generator_V":-2.4193838},{"data_generator_T":17875.0,"data_generator_V":-2.3034883},{"data_generator_T":17900.0,"data_generator_V":-2.1807396},{"data_generator_T":17925.0,"data_generator_V":-2.0513217},{"data_generator_T":17950.0,"data_generator_V":-1.9154214},{"data_generator_T":17975.0,"data_generator_V":-1.7732289},{"data_generator_T":18000.0,"data_generator_V":-1.6249367},{"data_generator_T":18025.0,"data_generator_V":-1.4707394},{"data_generator_T":18050.0,"data_generator_V":-1.3108331},{"data_generator_T":18075.0,"data_generator_V":-1.145416},{"data_generator_T":18100.0,"data_generator_V":-0.97468758},{"data_generator_T":18125.0,"data_generator_V":-0.79884958},{"data_generator_T":18150.0,"data_generator_V":-0.61810631},{"data_generator_T":18175.0,"data_generator_V":-0.43266544},{"data_generator_T":18200.0,"data_generator_V":-0.24273881},{"data_generator_T":18225.0,"data_generator_V":-0.048543844},{"data_generator_T":18250.0,"data_generator_V":0.14969525},{"data_generator_T":18275.0,"data_generator_V":0.35174572},{"data_generator_T":18300.0,"data_generator_V":0.55736452},{"data_generator_T":18325.0,"data_generator_V":0.76629609},{"data_generator_T":18350.0,"data_generator_V":0.97827023},{"data_generator_T":18375.0,"data_generator_V":1.1929996},{"data_generator_T":18400.0,"data_generator_V":1.4101772},{"data_generator_T":18425.0,"data_generator_V":1.6294734},{"data_generator_T":18450.0,"data_generator_V":1.8505334},{"data_generator_T":18475.0,"data_generator_V":2.0729742},{"data_generator_T":18500.0,"data_generator_V":2.2963815},{"data_generator_T":18525.0,"data_generator_V":2.520308},{"data_generator_T":18550.0,"data_generator_V":2.7442696},{"data_generator_T":18575.0,"data_generator_V":2.9677446},{"data_generator_T":18600.0,"data_generator_V":3.190171},{"data_generator_T":18625.0,"data_generator_V":3.4109459},{"data_generator_T":18650.0,"data_generator_V":3.629425},{"data_generator_T":18675.0,"data_generator_V":3.8449233},{"data_generator_T":18700.0,"data_generator_V":4.0567164},{"data_generator_T":18725.0,"data_generator_V":4.2640443},{"data_generator_T":18750.0,"data_generator_V":4.4661136},{"data_generator_T":18775.0,"data_generator_V":4.6621032},{"data_generator_T":18800.0,"data_generator_V":4.8511715},{"data_generator_T":18825.0,"data_generator_V":5.032464},{"data_generator_T":18850.0,"data_generator_V":5.2051206},{"data_generator_T":18875.0,"data_generator_V":5.3682866},{"data_generator_T":18900.0,"data_generator_V":5.5211225},{"data_generator_T":18925.0,"data_generator_V":5.6628146},{"data_generator_T":18950.0,"data_generator_V":5.7925858},{"data_generator_T":18975.0,"data_generator_V":5.9097061},{"data_generator_T":19000.0,"data_generator_V":6.0135036},{"data_generator_T":19025.0,"data_generator_V":6.1033721},{"data_generator_T":19050.0,"data_generator_V":6.1787844},{"data_generator_T":19075.0,"data_generator_V":6.2393041},{"data_generator_T":19100.0,"data_generator_V":6.2840242},{"data_generator_T":19125.0,"data_generator_V":6.3180337},{"data_generator_T":19150.0,"data_generator_V":6.3700552},{"data_generator_T":19175.0,"data_generator_V":5.1310077},{"data_generator_T":19200.0,"data_generator_V":17.341721},{"data_generator_T":19225.0,"data_generator_V":-0.43922314},{"data_generator_T":19250.0,"data_generator_V":9.4365597},{"data_generator_T":19275.0,"data_generator_V":-1.3750514},{"data_generator_T":19300.0,"data_generator_V":6.486433},{"data_generator_T":19325.0,"data_generator_V":-2.5623028},{"data_generator_T":19350.0,"data_generator_V":4.1550589},{"data_generator_T":19375.0,"data_generator_V":-3.2920682},{"data_generator_T":19400.0,"data_generator_V":1.4714983},{"data_generator_T":19425.0,"data_generator_V":26.98464},{"data_generator_T":19450.0,"data_generator_V":-2.0143871},{"data_generator_T":19475.0,"data_generator_V":4.3521962},{"data_generator_T":19500.0,"data_generator_V":29.205345},{"data_generator_T":19525.0,"data_generator_V":-1.3898636},{"data_generator_T":19550.0,"data_generator_V":4.1942563},{"data_generator_T":19575.0,"data_generator_V":96.682213},{"data_generator_T":19600.0,"data_generator_V":-4.5761185},{"data_generator_T":19625.0,"data_generator_V":-1.0420091},{"data_generator_T":19650.0,"data_generator_V":1.6483266},{"data_generator_T":19675.0,"data_generator_V":3.6132081},{"data_generator_T":19700.0,"data_generator_V":3.5575795},{"data_generator_T":19725.0,"data_generator_V":3.1843441},{"data_generator_T":19750.0,"data_generator_V":2.9542303},{"data_generator_T":19775.0,"data_generator_V":2.7342031},{"data_generator_T":19800.0,"data_generator_V":2.5121779},{"data_generator_T":19825.0,"data_generator_V":2.2900336},{"data_generator_T":19850.0,"data_generator_V":2.0683486},{"data_generator_T":19875.0,"data_generator_V":1.847555},{"data_generator_T":19900.0,"data_generator_V":1.6280581},{"data_generator_T":19925.0,"data_generator_V":1.4102349},{"data_generator_T":19950.0,"data_generator_V":1.1944364},{"data_generator_T":19975.0,"data_generator_V":0.98099005},{"data_generator_T":20000.0,"data_generator_V":0.77020186},{"data_generator_T":20025.0,"data_generator_V":0.56235939},{"data_generator_T":20050.0,"data_generator_V":0.35773376},{"data_generator_T":20075.0,"data_generator_V":0.15658195},{"data_generator_T":20100.0,"data_generator_V":-0.040851008},{"data_generator_T":20125.0,"data_generator_V":-0.23433025},{"data_generator_T":20150.0,"data_generator_V":-0.42362928},{"data_generator_T":20175.0,"data_generator_V":-0.60852855},{"data_generator_T":20200.0,"data_generator_V":-0.78881383},{"data_generator_T":20225.0,"data_generator_V":-0.96427548},{"data_generator_T":20250.0,"data_generator_V":-1.1347072},{"data_generator_T":20275.0,"data_generator_V":-1.2999054},{"data_generator_T":20300.0,"data_generator_V":-1.4596688},{"data_generator_T":20325.0,"data_generator_V":-1.6137977},{"data_generator_T":20350.0,"data_generator_V":-1.7620944},{"data_generator_T":20375.0,"data_generator_V":-1.9043627},{"data_generator_T":20400.0,"data_generator_V":-2.0404088},{"data_generator_T":20425.0,"data_generator_V":-2.1700408},{"data_generator_T":20450.0,"data_generator_V":-2.2930698},{"data_generator_T":20475.0,"data_generator_V":-2.4093111},{"data_generator_T":20500.0,"data_generator_V":-2.5185833},{"data_generator_T":20525.0,"data_generator_V":-2.6207113},{"data_generator_T":20550.0,"data_generator_V":-2.7155256},{"data_generator_T":20575.0,"data_generator_V":-2.8028648},{"data_generator_T":20600.0,"data_generator_V":-2.8825753},{"data_generator_T":20625.0,"data_generator_V":-2.9545135},{"data_generator_T":20650.0,"data_generator_V":-3.0185466},{"data_generator_T":20675.0,"data_generator_V":-3.0745535},{"data_generator_T":20700.0,"data_generator_V":-3.1224256},{"data_generator_T":20725.0,"data_generator_V":-3.1620691},{"data_generator_T":20750.0,"data_generator_V":-3.1934042},{"data_generator_T":20775.0,"data_generator_V":-3.216367},{"data_generator_T":20800.0,"data_generator_V":-3.2309091},{"data_generator_T":20825.0,"data_generator_V":-3.2369998},{"data_generator_T":20850.0,"data_generator_V":-3.2346244},{"data_generator_T":20875.0,"data_generator_V":-3.2237854},{"data_generator_T":20900.0,"data_generator_V":-3.2045028},{"data_generator_T":20925.0,"data_generator_V":-3.1768131},{"data_generator_T":20950.0,"data_generator_V":-3.1407692},{"data_generator_T":20975.0,"data_generator_V":-3.0964406},{"data_generator_T":21000.0,"data_generator_V":-3.0439107},{"data_generator_T":21025.0,"data_generator_V":-2.9832792},{"data_generator_T":21050.0,"data_generator_V":-2.9146581},{"data_generator_T":21075.0,"data_generator_V":-2.8381724},{"data_generator_T":21100.0,"data_generator_V":-2.7539587},{"data_generator_T":21125.0,"data_generator_V":-2.6621635},{"data_generator_T":21150.0,"data_generator_V":-2.5629432},{"data_generator_T":21175.0,"data_generator_V":-2.4564617},{"data_generator_T":21200.0,"data_generator_V":-2.3428903},{"data_generator_T":21225.0,"data_generator_V":-2.2224059},{"data_generator_T":21250.0,"data_generator_V":-2.0951905},{"data_generator_T":21275.0,"data_generator_V":-1.9614301},{"data_generator_T":21300.0,"data_generator_V":-1.8213136},{"data_generator_T":21325.0,"data_generator_V":-1.6750332},{"data_generator_T":21350.0,"data_generator_V":-1.5227824},{"data_generator_T":21375.0,"data_generator_V":-1.3647573},{"data_generator_T":21400.0,"data_generator_V":-1.2011551},{"data_generator_T":21425.0,"data_generator_V":-1.0321748},{"data_generator_T":21450.0,"data_generator_V":-0.85801739},{"data_generator_T":21475.0,"data_generator_V":-0.67888635},{"data_generator_T":21500.0,"data_generator_V":-0.49498805},{"data_generator_T":21525.0,"data_generator_V":-0.3065328},{"data_generator_T":21550.0,"data_generator_V":-0.11373609},{"data_generator_T":21575.0,"data_generator_V":0.083180375},{"data_generator_T":21600.0,"data_generator_V":0.28398684},{"data_generator_T":21625.0,"data_generator_V":0.48844391},{"data_generator_T":21650.0,"data_generator_V":0.69630045},{"data_generator_T":21675.0,"data_generator_V":0.90729147},{"data_generator_T":21700.0,"data_generator_V":1.1211356},{"data_generator_T":21725.0,"data_generator_V":1.3375325},{"data_generator_T":21750.0,"data_generator_V":1.5561607},{"data_generator_T":21775.0,"data_generator_V":1.7766738},{"data_generator_T":21800.0,"data_generator_V":1.9986987},{"data_generator_T":21825.0,"data_generator_V":2.2218318},{"data_generator_T":21850.0,"data_generator_V":2.4456372},{"data_generator_T":21875.0,"data_generator_V":2.6696432},{"data_generator_T":21900.0,"data_generator_V":2.8933408},{"data_generator_T":21925.0,"data_generator_V":3.1161819},{"data_generator_T":21950.0,"data_generator_V":3.3375766},{"data_generator_T":21975.0,"data_generator_V":3.5568953},{"data_generator_T":22000.0,"data_generator_V":3.7734656},{"data_generator_T":22025.0,"data_generator_V":3.9865768},{"data_generator_T":22050.0,"data_generator_V":4.1954799},{"data_generator_T":22075.0,"data_generator_V":4.3993917},{"data_generator_T":22100.0,"data_generator_V":4.5975003},{"data_generator_T":22125.0,"data_generator_V":4.78897},{"data_generator_T":22150.0,"data_generator_V":4.97295},{"data_generator_T":22175.0,"data_generator_V":5.1485806},{"data_generator_T":22200.0,"data_generator_V":5.3150048},{"data_generator_T":22225.0,"data_generator_V":5.4713759},{"data_generator_T":22250.0,"data_generator_V":5.6168709},{"data_generator_T":22275.0,"data_generator_V":5.7506995},{"data_generator_T":22300.0,"data_generator_V":5.8721147},{"data_generator_T":22325.0,"data_generator_V":5.9804239},{"data_generator_T":22350.0,"data_generator_V":6.0749979},{"data_generator_T":22375.0,"data_generator_V":6.1552811},{"data_generator_T":22400.0,"data_generator_V":6.2208209},{"data_generator_T":22425.0,"data_generator_V":6.2709742},{"data_generator_T":22450.0,"data_generator_V":6.3048887},{"data_generator_T":22475.0,"data_generator_V":6.3760567},{"data_generator_T":22500.0,"data_generator_V":5.9364591},{"data_generator_T":22525.0,"data_generator_V":7.34972},{"data_generator_T":22550.0,"data_generator_V":-1.765152},{"data_generator_T":22575.0,"data_generator_V":5.8916092},{"data_generator_T":22600.0,"data_generator_V":-2.4849715},{"data_generator_T":22625.0,"data_generator_V":4.3975682},{"data_generator_T":22650.0,"data_generator_V":-3.3172033},{"data_generator_T":22675.0,"data_generator_V":2.5624425},{"data_generator_T":22700.0,"data_generator_V":50.584496},{"data_generator_T":22725.0,"data_generator_V":0.10539331},{"data_generator_T":22750.0,"data_generator_V":8.7800102},{"data_generator_T":22775.0,"data_generator_V":-2.9507561},{"data_generator_T":22800.0,"data_generator_V":3.1374266},{"data_generator_T":22825.0,"data_generator_V":81.798271},{"data_generator_T":22850.0,"data_generator_V":-2.2510777},{"data_generator_T":22875.0,"data_generator_V":3.3838885},{"data_generator_T":22900.0,"data_generator_V":18.45903},{"data_generator_T":22925.0,"data_generator_V":-4.7773318},{"data_generator_T":22950.0,"data_generator_V":-1.1375186},{"data_generator_T":22975.0,"data_generator_V":2.153198},{"data_generator_T":23000.0,"data_generator_V":3.9381509},{"data_generator_T":23025.0,"data_generator_V":3.6966677},{"data_generator_T":23050.0,"data_generator_V":3.2567854},{"data_generator_T":23075.0,"data_generator_V":3.0265248},{"data_generator_T":23100.0,"data_generator_V":2.8081069},{"data_generator_T":23125.0,"data_generator_V":2.5862522},{"data_generator_T":23150.0,"data_generator_V":2.3640523},{"data_generator_T":23175.0,"data_generator_V":2.1421654},{"data_generator_T":23200.0,"data_generator_V":1.9210283},{"data_generator_T":23225.0,"data_generator_V":1.7010558},{"data_generator_T":23250.0,"data_generator_V":1.4826344},{"data_generator_T":23275.0,"data_generator_V":1.2661237},{"data_generator_T":23300.0,"data_generator_V":1.0518582},{"data_generator_T":23325.0,"data_generator_V":0.84015113},{"data_generator_T":23350.0,"data_generator_V":0.63129592},{"data_generator_T":23375.0,"data_generator_V":0.42556876},{"data_generator_T":23400.0,"data_generator_V":0.22323123},{"data_generator_T":23425.0,"data_generator_V":0.024532091},{"data_generator_T":23450.0,"data_generator_V":-0.1702906},{"data_generator_T":23475.0,"data_generator_V":-0.36100775},{"data_generator_T":23500.0,"data_generator_V":-0.54739761},{"data_generator_T":23525.0,"data_generator_V":-0.72924441},{"data_generator_T":23550.0,"data_generator_V":-0.90633702},{"data_generator_T":23575.0,"data_generator_V":-1.0784681},{"data_generator_T":23600.0,"data_generator_V":-1.2454333},{"data_generator_T":23625.0,"data_generator_V":-1.4070306},{"data_generator_T":23650.0,"data_generator_V":-1.5630597},{"data_generator_T":23675.0,"data_generator_V":-1.7133223},{"data_generator_T":23700.0,"data_generator_V":-1.8576218},{"data_generator_T":23725.0,"data_generator_V":-1.9957633},{"data_generator_T":23750.0,"data_generator_V":-2.1275544},{"data_generator_T":23775.0,"data_generator_V":-2.2528055},{"data_generator_T":23800.0,"data_generator_V":-2.3713295},{"data_generator_T":23825.0,"data_generator_V":-2.4829445},{"data_generator_T":23850.0,"data_generator_V":-2.5874729},{"data_generator_T":23875.0,"data_generator_V":-2.6847436},{"data_generator_T":23900.0,"data_generator_V":-2.7745919},{"data_generator_T":23925.0,"data_generator_V":-2.8568618},{"data_generator_T":23950.0,"data_generator_V":-2.9314063},{"data_generator_T":23975.0,"data_generator_V":-2.9980884},{"data_generator_T":24000.0,"data_generator_V":-3.0567832},{"data_generator_T":24025.0,"data_generator_V":-3.1073782},{"data_generator_T":24050.0,"data_generator_V":-3.1497741},{"data_generator_T":24075.0,"data_generator_V":-3.1838865},{"data_generator_T":24100.0,"data_generator_V":-3.2096462},{"data_generator_T":24125.0,"data_generator_V":-3.2269998},{"data_generator_T":24150.0,"data_generator_V":-3.2359099},{"data_generator_T":24175.0,"data_generator_V":-3.236357},{"data_generator_T":24200.0,"data_generator_V":-3.228338},{"data_generator_T":24225.0,"data_generator_V":-3.2118666},{"data_generator_T":24250.0,"data_generator_V":-3.1869743},{"data_generator_T":24275.0,"data_generator_V":-3.1537082},{"data_generator_T":24300.0,"data_generator_V":-3.1121323},{"data_generator_T":24325.0,"data_generator_V":-3.0623262},{"data_generator_T":24350.0,"data_generator_V":-3.0043833},{"data_generator_T":24375.0,"data_generator_V":-2.9384122},{"data_generator_T":24400.0,"data_generator_V":-2.8645334},{"data_generator_T":24425.0,"data_generator_V":-2.7828798},{"data_generator_T":24450.0,"data_generator_V":-2.6935949},{"data_generator_T":24475.0,"data_generator_V":-2.5968318},{"data_generator_T":24500.0,"data_generator_V":-2.4927518},{"data_generator_T":24525.0,"data_generator_V":-2.3815246},{"data_generator_T":24550.0,"data_generator_V":-2.2633245},{"data_generator_T":24575.0,"data_generator_V":-2.1383321},{"data_generator_T":24600.0,"data_generator_V":-2.0067325},{"data_generator_T":24625.0,"data_generator_V":-1.8687136},{"data_generator_T":24650.0,"data_generator_V":-1.7244663},{"data_generator_T":24675.0,"data_generator_V":-1.5741841},{"data_generator_T":24700.0,"data_generator_V":-1.4180619},{"data_generator_T":24725.0,"data_generator_V":-1.2562966},{"data_generator_T":24750.0,"data_generator_V":-1.0890868},{"data_generator_T":24775.0,"data_generator_V":-0.91663259},{"data_generator_T":24800.0,"data_generator_V":-0.7391367},{"data_generator_T":24825.0,"data_generator_V":-0.5568043},{"data_generator_T":24850.0,"data_generator_V":-0.36984438},{"data_generator_T":24875.0,"data_generator_V":-0.17847051},{"data_generator_T":24900.0,"data_generator_V":0.017097799},{"data_generator_T":24925.0,"data_generator_V":0.21663369},{"data_generator_T":24950.0,"data_generator_V":0.41990116},{"data_generator_T":24975.0,"data_generator_V":0.62665325},{"data_generator_T":25000.0,"data_generator_V":0.83662987}]