<?xml version="1.0"?>
<rdf:RDF xmlns:rdf="http://www.w3.org/1999/02/22-rdf-syntax-ns#">
	<rdf:Description rdf:about="http://www.cellml.org/tools/opencell/splitter/graph_key_graph3">
		<splitterState_collapsedAfter xmlns="http://www.cellml.org/tools/opencell/" xml:lang="en">true</splitterState_collapsedAfter>
		<splitterState_nextHeight xmlns="http://www.cellml.org/tools/opencell/" xml:lang="en">0</splitterState_nextHeight>
	</rdf:Description>
	<rdf:Description rdf:nodeID="n1">
		<scaling xmlns="http://www.cellml.org/metadata/graphs/1.0#x-">
			<rdf:Description rdf:about="http://www.cellml.org/metadata/graphs/1.0#identity"/>
		</scaling>
		<scaling xmlns="http://www.cellml.org/metadata/graphs/1.0#y-">
			<rdf:Description rdf:about="http://www.cellml.org/metadata/graphs/1.0#identity"/>
		</scaling>
		<graphname xmlns="http://www.cellml.org/tools/opencell/" xml:lang="en">Membrane currents (fA)</graphname>
		<traces xmlns="http://www.cellml.org/metadata/graphs/1.0#">
			<rdf:Description rdf:nodeID="n2"/>
		</traces>
		<decoration xmlns="http://www.cellml.org/metadata/graphs/1.0#">
			<rdf:Description rdf:about="http://www.cellml.org/metadata/graphs/1.0#none"/>
		</decoration>
		<graphname xmlns="http://www.cellml.org/tools/pcenv/" xml:lang="en">Membrane currents (fA)</graphname>
	</rdf:Description>
	<rdf:Description rdf:nodeID="n3">
		<variable xmlns="http://www.cellml.org/metadata/graphs/1.0#">
			<rdf:Description rdf:about="endresen_1996.cellml#membrane_V"/>
		</variable>
	</rdf:Description>
	<rdf:Description rdf:about="http://www.cellml.org/tools/pcenv/splitter/intergraph1">
		<splitterState_nextHeight xmlns="http://www.cellml.org/tools/pcenv/" xml:lang="en">270</splitterState_nextHeight>
		<splitterState_prevHeight xmlns="http://www.cellml.org/tools/pcenv/" xml:lang="en">221</splitterState_prevHeight>
	</rdf:Description>
	<rdf:Description rdf:nodeID="n4">
		<rdf:rest>
			<rdf:Description rdf:about="http://www.w3.org/1999/02/22-rdf-syntax-ns#nil"/>
		</rdf:rest>
		<rdf:first>
			<rdf:Description rdf:nodeID="n5"/>
		</rdf:first>
	</rdf:Description>
	<rdf:Description rdf:about="http://www.cellml.org/tools/opencell/splitter/intergraph1">
		<splitterState_prevHeight xmlns="http://www.cellml.org/tools/opencell/" xml:lang="en">221</splitterState_prevHeight>
		<splitterState_nextHeight xmlns="http://www.cellml.org/tools/opencell/" xml:lang="en">270</splitterState_nextHeight>
	</rdf:Description>
	<rdf:Description rdf:about="http://www.cellml.org/tools/opencell/splitter/graph_sel_graph2">
		<activegraph xmlns="http://www.cellml.org/tools/opencell/">
			<rdf:Description rdf:nodeID="n1"/>
		</activegraph>
	</rdf:Description>
	<rdf:Description rdf:about="http://www.cellml.org/tools/pcenv/splitter/graph_key_graph3">
		<splitterState_nextHeight xmlns="http://www.cellml.org/tools/pcenv/" xml:lang="en">0</splitterState_nextHeight>
		<splitterState_collapsedAfter xmlns="http://www.cellml.org/tools/pcenv/" xml:lang="en">true</splitterState_collapsedAfter>
	</rdf:Description>
	<rdf:Description rdf:about="http://www.cellml.org/tools/opencell/modlayoutsplit">
		<splitterState_collapsedBefore xmlns="http://www.cellml.org/tools/opencell/" xml:lang="en">true</splitterState_collapsedBefore>
		<splitterState_nextWidth xmlns="http://www.cellml.org/tools/opencell/" xml:lang="en">1214</splitterState_nextWidth>
		<splitterState_prevWidth xmlns="http://www.cellml.org/tools/opencell/" xml:lang="en">54</splitterState_prevWidth>
		<splitterState_nextWidth xmlns="http://www.cellml.org/tools/pcenv/" xml:lang="en">1214</splitterState_nextWidth>
	</rdf:Description>
	<rdf:Description rdf:about="http://www.cellml.org/tools/pcenv/splitter/graph_sel_graph3">
		<activegraph xmlns="http://www.cellml.org/tools/pcenv/">
			<rdf:Description rdf:nodeID="n6"/>
		</activegraph>
	</rdf:Description>
	<rdf:Description rdf:nodeID="n7">
		<rdf:rest>
			<rdf:Description rdf:nodeID="n8"/>
		</rdf:rest>
		<rdf:first>
			<rdf:Description rdf:nodeID="n1"/>
		</rdf:first>
	</rdf:Description>
	<rdf:Description rdf:nodeID="n9">
		<rdf:rest>
			<rdf:Description rdf:about="http://www.w3.org/1999/02/22-rdf-syntax-ns#nil"/>
		</rdf:rest>
		<rdf:first>
			<rdf:Description rdf:nodeID="n10"/>
		</rdf:first>
	</rdf:Description>
	<rdf:Description rdf:nodeID="n11">
		<variable xmlns="http://www.cellml.org/metadata/graphs/1.0#">
			<rdf:Description rdf:about="endresen_1996.cellml#environment_time"/>
		</variable>
	</rdf:Description>
	<rdf:Description rdf:nodeID="n12">
		<variable xmlns="http://www.cellml.org/metadata/graphs/1.0#">
			<rdf:Description rdf:about="endresen_1996.cellml#environment_time"/>
		</variable>
	</rdf:Description>
	<rdf:Description rdf:about="endresen_1996.cellml">
		<derivedmodels xmlns="http://www.cellml.org/tools/opencell/">
			<rdf:Description rdf:nodeID="n13"/>
		</derivedmodels>
		<modelname xmlns="http://www.cellml.org/tools/pcenv/" xml:lang="en">endresen_1997</modelname>
		<modelfrozen xmlns="http://www.cellml.org/tools/opencell/" xml:lang="en">true</modelfrozen>
		<modelname xmlns="http://www.cellml.org/tools/opencell/" xml:lang="en">endresen_1997</modelname>
		<derivedmodels xmlns="http://www.cellml.org/tools/pcenv/">
			<rdf:Description rdf:nodeID="n13"/>
		</derivedmodels>
		<modelfrozen xmlns="http://www.cellml.org/tools/pcenv/" xml:lang="en">true</modelfrozen>
	</rdf:Description>
	<rdf:Description rdf:about="http://www.cellml.org/tools/opencell/splitter/graph_key_graph1">
		<splitterState_prevHeight xmlns="http://www.cellml.org/tools/opencell/" xml:lang="en">67</splitterState_prevHeight>
		<splitterState_collapsedAfter xmlns="http://www.cellml.org/tools/opencell/" xml:lang="en">true</splitterState_collapsedAfter>
		<splitterState_nextHeight xmlns="http://www.cellml.org/tools/opencell/" xml:lang="en">0</splitterState_nextHeight>
	</rdf:Description>
	<rdf:Description rdf:nodeID="n14">
		<type xmlns="http://www.cellml.org/metadata/graphs/1.0#">
			<rdf:Description rdf:about="http://www.cellml.org/metadata/graphs/1.0#line"/>
		</type>
		<variable xmlns="http://www.cellml.org/metadata/graphs/1.0#x-">
			<rdf:Description rdf:nodeID="n12"/>
		</variable>
		<colour xmlns="http://www.cellml.org/metadata/graphs/1.0#" xml:lang="en">#00ffff</colour>
		<variable xmlns="http://www.cellml.org/metadata/graphs/1.0#y-">
			<rdf:Description rdf:nodeID="n15"/>
		</variable>
	</rdf:Description>
	<rdf:Description rdf:nodeID="n16">
		<rdf:first>
			<rdf:Description rdf:nodeID="n9"/>
		</rdf:first>
	</rdf:Description>
	<rdf:Description rdf:nodeID="n17">
		<variable xmlns="http://www.cellml.org/metadata/graphs/1.0#">
			<rdf:Description rdf:about="endresen_1996.cellml#environment_time"/>
		</variable>
	</rdf:Description>
	<rdf:Description rdf:nodeID="n18">
		<variable xmlns="http://www.cellml.org/metadata/graphs/1.0#">
			<rdf:Description rdf:about="endresen_1996.cellml#acetyl_choline_activated_potassium_channel_i_K_ACh"/>
		</variable>
	</rdf:Description>
	<rdf:Description rdf:nodeID="n15">
		<variable xmlns="http://www.cellml.org/metadata/graphs/1.0#">
			<rdf:Description rdf:about="endresen_1996.cellml#potassium_channel_i_K"/>
		</variable>
	</rdf:Description>
	<rdf:Description rdf:about="http://www.cellml.org/tools/pcenv/loadedModels">
		<rdf:_2>
			<rdf:Description rdf:about="endresen_1996.cellml"/>
		</rdf:_2>
	</rdf:Description>
	<rdf:Description rdf:about="http://www.cellml.org/tools/opencell/splitter/intergraph2">
		<splitterState_prevHeight xmlns="http://www.cellml.org/tools/opencell/" xml:lang="en">270</splitterState_prevHeight>
		<splitterState_nextHeight xmlns="http://www.cellml.org/tools/opencell/" xml:lang="en">400</splitterState_nextHeight>
	</rdf:Description>
	<rdf:Description rdf:nodeID="n10">
		<type xmlns="http://www.cellml.org/metadata/graphs/1.0#">
			<rdf:Description rdf:about="http://www.cellml.org/metadata/graphs/1.0#line"/>
		</type>
		<variable xmlns="http://www.cellml.org/metadata/graphs/1.0#x-">
			<rdf:Description rdf:nodeID="n19"/>
		</variable>
		<colour xmlns="http://www.cellml.org/metadata/graphs/1.0#" xml:lang="en">#ffff00</colour>
		<variable xmlns="http://www.cellml.org/metadata/graphs/1.0#y-">
			<rdf:Description rdf:nodeID="n3"/>
		</variable>
	</rdf:Description>
	<rdf:Description rdf:about="http://www.cellml.org/tools/opencell/splitter/graph_key_graph2">
		<splitterState_prevHeight xmlns="http://www.cellml.org/tools/opencell/" xml:lang="en">159</splitterState_prevHeight>
		<splitterState_collapsedAfter xmlns="http://www.cellml.org/tools/opencell/" xml:lang="en">true</splitterState_collapsedAfter>
		<splitterState_nextHeight xmlns="http://www.cellml.org/tools/opencell/" xml:lang="en">0</splitterState_nextHeight>
	</rdf:Description>
	<rdf:Description rdf:about="http://www.cellml.org/tools/pcenv/splitter/graph_sel_graph2">
		<activegraph xmlns="http://www.cellml.org/tools/pcenv/">
			<rdf:Description rdf:nodeID="n1"/>
		</activegraph>
	</rdf:Description>
	<rdf:Description rdf:about="http://www.cellml.org/tools/pcenv/displayGraphs">
		<rdf:first>
			<rdf:Description rdf:nodeID="n20"/>
		</rdf:first>
	</rdf:Description>
	<rdf:Description rdf:nodeID="n21">
		<scaling xmlns="http://www.cellml.org/metadata/graphs/1.0#x-">
			<rdf:Description rdf:about="http://www.cellml.org/metadata/graphs/1.0#identity"/>
		</scaling>
		<scaling xmlns="http://www.cellml.org/metadata/graphs/1.0#y-">
			<rdf:Description rdf:about="http://www.cellml.org/metadata/graphs/1.0#identity"/>
		</scaling>
		<graphname xmlns="http://www.cellml.org/tools/opencell/" xml:lang="en">Membrane potential (mV)</graphname>
		<traces xmlns="http://www.cellml.org/metadata/graphs/1.0#">
			<rdf:Description rdf:nodeID="n16"/>
		</traces>
		<decoration xmlns="http://www.cellml.org/metadata/graphs/1.0#">
			<rdf:Description rdf:about="http://www.cellml.org/metadata/graphs/1.0#none"/>
		</decoration>
		<graphname xmlns="http://www.cellml.org/tools/pcenv/" xml:lang="en">Membrane potential (mV)</graphname>
	</rdf:Description>
	<rdf:Description rdf:about="http://www.cellml.org/tools/opencell/splitter/graphedit">
		<splitterState_nextWidth xmlns="http://www.cellml.org/tools/opencell/" xml:lang="en">786</splitterState_nextWidth>
		<splitterState_prevWidth xmlns="http://www.cellml.org/tools/opencell/" xml:lang="en">482</splitterState_prevWidth>
		<splitterState_nextWidth xmlns="http://www.cellml.org/tools/pcenv/" xml:lang="en">786</splitterState_nextWidth>
	</rdf:Description>
	<rdf:Description rdf:about="http://www.cellml.org/tools/pcenv/modlayoutsplit">
		<splitterState_prevWidth xmlns="http://www.cellml.org/tools/pcenv/" xml:lang="en">54</splitterState_prevWidth>
		<splitterState_collapsedBefore xmlns="http://www.cellml.org/tools/pcenv/" xml:lang="en">true</splitterState_collapsedBefore>
	</rdf:Description>
	<rdf:Description rdf:nodeID="n19">
		<variable xmlns="http://www.cellml.org/metadata/graphs/1.0#">
			<rdf:Description rdf:about="endresen_1996.cellml#environment_time"/>
		</variable>
	</rdf:Description>
	<rdf:Description rdf:about="http://www.cellml.org/tools/opencell/splitter/graph_sel_graph3">
		<activegraph xmlns="http://www.cellml.org/tools/opencell/">
			<rdf:Description rdf:nodeID="n6"/>
		</activegraph>
	</rdf:Description>
	<rdf:Description rdf:nodeID="n22">
		<rdf:rest>
			<rdf:Description rdf:nodeID="n23"/>
		</rdf:rest>
		<rdf:first>
			<rdf:Description rdf:nodeID="n24"/>
		</rdf:first>
	</rdf:Description>
	<rdf:Description rdf:about="http://www.cellml.org/tools/pcenv/splitter/graphedit">
		<splitterState_prevWidth xmlns="http://www.cellml.org/tools/pcenv/" xml:lang="en">482</splitterState_prevWidth>
	</rdf:Description>
	<rdf:Description rdf:nodeID="n20">
		<rdf:rest>
			<rdf:Description rdf:nodeID="n7"/>
		</rdf:rest>
		<rdf:first>
			<rdf:Description rdf:nodeID="n6"/>
		</rdf:first>
	</rdf:Description>
	<rdf:Description rdf:about="http://www.cellml.org/tools/opencell/displayGraphs">
		<rdf:first>
			<rdf:Description rdf:nodeID="n20"/>
		</rdf:first>
	</rdf:Description>
	<rdf:Description rdf:about="http://www.cellml.org/tools/pcenv/splitter/graph_sel_graph1">
		<activegraph xmlns="http://www.cellml.org/tools/pcenv/">
			<rdf:Description rdf:nodeID="n21"/>
		</activegraph>
	</rdf:Description>
	<rdf:Description rdf:nodeID="n25">
		<variable xmlns="http://www.cellml.org/metadata/graphs/1.0#">
			<rdf:Description rdf:about="endresen_1996.cellml#calcium_channel_i_s"/>
		</variable>
	</rdf:Description>
	<rdf:Description rdf:nodeID="n23">
		<rdf:rest>
			<rdf:Description rdf:nodeID="n4"/>
		</rdf:rest>
		<rdf:first>
			<rdf:Description rdf:nodeID="n14"/>
		</rdf:first>
	</rdf:Description>
	<rdf:Description rdf:about="http://www.cellml.org/tools/opencell/splitter/graph_sel_graph1">
		<activegraph xmlns="http://www.cellml.org/tools/opencell/">
			<rdf:Description rdf:nodeID="n21"/>
		</activegraph>
	</rdf:Description>
	<rdf:Description rdf:about="http://www.cellml.org/tools/opencell/loadedModels">
		<rdf:_1>
			<rdf:Description rdf:about="endresen_1996.cellml"/>
		</rdf:_1>
	</rdf:Description>
	<rdf:Description rdf:about="http://www.cellml.org/tools/pcenv/splitter/intergraph2">
		<splitterState_nextHeight xmlns="http://www.cellml.org/tools/pcenv/" xml:lang="en">400</splitterState_nextHeight>
		<splitterState_prevHeight xmlns="http://www.cellml.org/tools/pcenv/" xml:lang="en">270</splitterState_prevHeight>
	</rdf:Description>
	<rdf:Description rdf:about="http://www.cellml.org/tools/pcenv/splitter/mtvint">
		<splitterState_prevHeight xmlns="http://www.cellml.org/tools/opencell/" xml:lang="en">497</splitterState_prevHeight>
		<splitterState_nextHeight xmlns="http://www.cellml.org/tools/pcenv/" xml:lang="en">401</splitterState_nextHeight>
		<splitterState_prevHeight xmlns="http://www.cellml.org/tools/pcenv/" xml:lang="en">497</splitterState_prevHeight>
		<splitterState_nextHeight xmlns="http://www.cellml.org/tools/opencell/" xml:lang="en">401</splitterState_nextHeight>
	</rdf:Description>
	<rdf:Description rdf:about="http://www.cellml.org/tools/pcenv/splitter/graph_key_graph1">
		<splitterState_nextHeight xmlns="http://www.cellml.org/tools/pcenv/" xml:lang="en">0</splitterState_nextHeight>
		<splitterState_collapsedAfter xmlns="http://www.cellml.org/tools/pcenv/" xml:lang="en">true</splitterState_collapsedAfter>
		<splitterState_prevHeight xmlns="http://www.cellml.org/tools/pcenv/" xml:lang="en">67</splitterState_prevHeight>
	</rdf:Description>
	<rdf:Description rdf:nodeID="n2">
		<rdf:first>
			<rdf:Description rdf:nodeID="n22"/>
		</rdf:first>
	</rdf:Description>
	<rdf:Description rdf:nodeID="n5">
		<type xmlns="http://www.cellml.org/metadata/graphs/1.0#">
			<rdf:Description rdf:about="http://www.cellml.org/metadata/graphs/1.0#line"/>
		</type>
		<variable xmlns="http://www.cellml.org/metadata/graphs/1.0#x-">
			<rdf:Description rdf:nodeID="n11"/>
		</variable>
		<colour xmlns="http://www.cellml.org/metadata/graphs/1.0#" xml:lang="en">#ff0000</colour>
		<variable xmlns="http://www.cellml.org/metadata/graphs/1.0#y-">
			<rdf:Description rdf:nodeID="n18"/>
		</variable>
	</rdf:Description>
	<rdf:Description rdf:nodeID="n6">
		<graphname xmlns="http://www.cellml.org/tools/opencell/" xml:lang="en">Cell diagram - click on channels to toggle graph traces</graphname>
		<externalurl xmlns="http://www.cellml.org/tools/pcenv/" xml:lang="en">endresen_1996.xul</externalurl>
		<externalurl xmlns="http://www.cellml.org/tools/opencell/" xml:lang="en">endresen_1996.xul</externalurl>
		<graphname xmlns="http://www.cellml.org/tools/pcenv/" xml:lang="en">Cell diagram - click on channels to toggle graph traces</graphname>
	</rdf:Description>
	<rdf:Description rdf:about="http://www.cellml.org/tools/pcenv/splitter/graph_key_graph2">
		<splitterState_nextHeight xmlns="http://www.cellml.org/tools/pcenv/" xml:lang="en">0</splitterState_nextHeight>
		<splitterState_collapsedAfter xmlns="http://www.cellml.org/tools/pcenv/" xml:lang="en">true</splitterState_collapsedAfter>
		<splitterState_prevHeight xmlns="http://www.cellml.org/tools/pcenv/" xml:lang="en">159</splitterState_prevHeight>
	</rdf:Description>
	<rdf:Description rdf:nodeID="n24">
		<type xmlns="http://www.cellml.org/metadata/graphs/1.0#">
			<rdf:Description rdf:about="http://www.cellml.org/metadata/graphs/1.0#line"/>
		</type>
		<variable xmlns="http://www.cellml.org/metadata/graphs/1.0#x-">
			<rdf:Description rdf:nodeID="n17"/>
		</variable>
		<colour xmlns="http://www.cellml.org/metadata/graphs/1.0#" xml:lang="en">#00ff00</colour>
		<variable xmlns="http://www.cellml.org/metadata/graphs/1.0#y-">
			<rdf:Description rdf:nodeID="n25"/>
		</variable>
	</rdf:Description>
	<rdf:Description rdf:nodeID="n8">
		<rdf:rest>
			<rdf:Description rdf:about="http://www.w3.org/1999/02/22-rdf-syntax-ns#nil"/>
		</rdf:rest>
		<rdf:first>
			<rdf:Description rdf:nodeID="n21"/>
		</rdf:first>
	</rdf:Description>
</rdf:RDF>