[{"data_set_value_component_environment_variable_time":0.0,"data_set_value_component_membrane_variable_V":-52.07606,"data_set_value_component_membrane_variable_Cm":60.0,"data_set_value_component_calcium_channel_variable_i_s":-1649.6158596931,"data_set_value_component_calcium_channel_variable_g_s":382.9118,"data_set_value_component_calcium_channel_variable_V_s":214.1429,"data_set_value_component_calcium_channel_variable_V_1":-35.9358,"data_set_value_component_calcium_channel_variable_V_2":7.8589,"data_set_value_component_potassium_channel_variable_i_K":99.556413491,"data_set_value_component_potassium_channel_variable_g_K":536.1093,"data_set_value_component_potassium_channel_variable_V_K":-259.0783,"data_set_value_component_potassium_channel_w_gate_variable_w":0.0008971,"data_set_value_component_potassium_channel_w_gate_variable_lambda_w":20.7796,"data_set_value_component_potassium_channel_w_gate_variable_V_3":-27.9375,"data_set_value_component_potassium_channel_w_gate_variable_V_4":6.321,"data_set_value_component_acetyl_choline_activated_potassium_channel_variable_i_K_ACh":2.400698605,"data_set_value_component_acetyl_choline_activated_potassium_channel_u_gate_variable_u":0.2344555,"data_set_value_component_acetyl_choline_activated_potassium_channel_u_gate_variable_alpha":0.0023715385,"data_set_value_component_acetyl_choline_activated_potassium_channel_u_gate_variable_beta":0.0085162278,"data_set_value_component_acetyl_choline_activated_potassium_channel_u_gate_variable_ACh":0.000001,"data_set_value_component_coupling_current_variable_i_j":0.0,"data_set_value_component_coupling_current_variable_g_j":0.0,"data_set_value_component_coupling_current_variable_V_B":-50.0},{"data_set_value_component_environment_variable_time":0.1,"data_set_value_component_membrane_variable_V":-47.8032271459,"data_set_value_component_membrane_variable_Cm":60.0,"data_set_value_component_calcium_channel_variable_i_s":-4666.5591194862,"data_set_value_component_calcium_channel_variable_g_s":382.9118,"data_set_value_component_calcium_channel_variable_V_s":214.1429,"data_set_value_component_calcium_channel_variable_V_1":-35.9358,"data_set_value_component_calcium_channel_variable_V_2":7.8589,"data_set_value_component_potassium_channel_variable_i_K":155.512413912,"data_set_value_component_potassium_channel_variable_g_K":536.1093,"data_set_value_component_potassium_channel_variable_V_K":-259.0783,"data_set_value_component_potassium_channel_w_gate_variable_w":0.0013729776,"data_set_value_component_potassium_channel_w_gate_variable_lambda_w":20.7796,"data_set_value_component_potassium_channel_w_gate_variable_V_3":-27.9375,"data_set_value_component_potassium_channel_w_gate_variable_V_4":6.321,"data_set_value_component_acetyl_choline_activated_potassium_channel_variable_i_K_ACh":2.6709210097,"data_set_value_component_acetyl_choline_activated_potassium_channel_u_gate_variable_u":0.2344326205,"data_set_value_component_acetyl_choline_activated_potassium_channel_u_gate_variable_alpha":0.0023715385,"data_set_value_component_acetyl_choline_activated_potassium_channel_u_gate_variable_beta":0.0090142096,"data_set_value_component_acetyl_choline_activated_potassium_channel_u_gate_variable_ACh":0.000001,"data_set_value_component_coupling_current_variable_i_j":0.0,"data_set_value_component_coupling_current_variable_g_j":0.0,"data_set_value_component_coupling_current_variable_V_B":-50.0},{"data_set_value_component_environment_variable_time":0.2,"data_set_value_component_membrane_variable_V":-9.6979929627,"data_set_value_component_membrane_variable_Cm":60.0,"data_set_value_component_calcium_channel_variable_i_s":-85603.521093402,"data_set_value_component_calcium_channel_variable_g_s":382.9118,"data_set_value_component_calcium_channel_variable_V_s":214.1429,"data_set_value_component_calcium_channel_variable_V_1":-35.9358,"data_set_value_component_calcium_channel_variable_V_2":7.8589,"data_set_value_component_potassium_channel_variable_i_K":103509.8888612681,"data_set_value_component_potassium_channel_variable_g_K":536.1093,"data_set_value_component_potassium_channel_variable_V_K":-259.0783,"data_set_value_component_potassium_channel_w_gate_variable_w":0.7742234939,"data_set_value_component_potassium_channel_w_gate_variable_lambda_w":20.7796,"data_set_value_component_potassium_channel_w_gate_variable_V_3":-27.9375,"data_set_value_component_potassium_channel_w_gate_variable_V_4":6.321,"data_set_value_component_acetyl_choline_activated_potassium_channel_variable_i_K_ACh":5.0810056713,"data_set_value_component_acetyl_choline_activated_potassium_channel_u_gate_variable_u":0.2343470633,"data_set_value_component_acetyl_choline_activated_potassium_channel_u_gate_variable_alpha":0.0023715385,"data_set_value_component_acetyl_choline_activated_potassium_channel_u_gate_variable_beta":0.0149633187,"data_set_value_component_acetyl_choline_activated_potassium_channel_u_gate_variable_ACh":0.000001,"data_set_value_component_coupling_current_variable_i_j":0.0,"data_set_value_component_coupling_current_variable_g_j":0.0,"data_set_value_component_coupling_current_variable_V_B":-50.0},{"data_set_value_component_environment_variable_time":0.3,"data_set_value_component_membrane_variable_V":-49.4635958994,"data_set_value_component_membrane_variable_Cm":60.0,"data_set_value_component_calcium_channel_variable_i_s":-3127.8918995836,"data_set_value_component_calcium_channel_variable_g_s":382.9118,"data_set_value_component_calcium_channel_variable_V_s":214.1429,"data_set_value_component_calcium_channel_variable_V_1":-35.9358,"data_set_value_component_calcium_channel_variable_V_2":7.8589,"data_set_value_component_potassium_channel_variable_i_K":19590.5228587804,"data_set_value_component_potassium_channel_variable_g_K":536.1093,"data_set_value_component_potassium_channel_variable_V_K":-259.0783,"data_set_value_component_potassium_channel_w_gate_variable_w":0.174329523,"data_set_value_component_potassium_channel_w_gate_variable_lambda_w":20.7796,"data_set_value_component_potassium_channel_w_gate_variable_V_3":-27.9375,"data_set_value_component_potassium_channel_w_gate_variable_V_4":6.321,"data_set_value_component_acetyl_choline_activated_potassium_channel_variable_i_K_ACh":2.5638949891,"data_set_value_component_acetyl_choline_activated_potassium_channel_u_gate_variable_u":0.2342562834,"data_set_value_component_acetyl_choline_activated_potassium_channel_u_gate_variable_alpha":0.0023715385,"data_set_value_component_acetyl_choline_activated_potassium_channel_u_gate_variable_beta":0.0088173314,"data_set_value_component_acetyl_choline_activated_potassium_channel_u_gate_variable_ACh":0.000001,"data_set_value_component_coupling_current_variable_i_j":0.0,"data_set_value_component_coupling_current_variable_g_j":0.0,"data_set_value_component_coupling_current_variable_V_B":-50.0},{"data_set_value_component_environment_variable_time":0.4,"data_set_value_component_membrane_variable_V":-51.5723090278,"data_set_value_component_membrane_variable_Cm":60.0,"data_set_value_component_calcium_channel_variable_i_s":-1867.5665723535,"data_set_value_component_calcium_channel_variable_g_s":382.9118,"data_set_value_component_calcium_channel_variable_V_s":214.1429,"data_set_value_component_calcium_channel_variable_V_1":-35.9358,"data_set_value_component_calcium_channel_variable_V_2":7.8589,"data_set_value_component_potassium_channel_variable_i_K":70.031200313,"data_set_value_component_potassium_channel_variable_g_K":536.1093,"data_set_value_component_potassium_channel_variable_V_K":-259.0783,"data_set_value_component_potassium_channel_w_gate_variable_w":0.0006295172,"data_set_value_component_potassium_channel_w_gate_variable_lambda_w":20.7796,"data_set_value_component_potassium_channel_w_gate_variable_V_3":-27.9375,"data_set_value_component_potassium_channel_w_gate_variable_V_4":6.321,"data_set_value_component_acetyl_choline_activated_potassium_channel_variable_i_K_ACh":2.4303382898,"data_set_value_component_acetyl_choline_activated_potassium_channel_u_gate_variable_u":0.2342387143,"data_set_value_component_acetyl_choline_activated_potassium_channel_u_gate_variable_alpha":0.0023715385,"data_set_value_component_acetyl_choline_activated_potassium_channel_u_gate_variable_beta":0.0085734771,"data_set_value_component_acetyl_choline_activated_potassium_channel_u_gate_variable_ACh":0.000001,"data_set_value_component_coupling_current_variable_i_j":0.0,"data_set_value_component_coupling_current_variable_g_j":0.0,"data_set_value_component_coupling_current_variable_V_B":-50.0},{"data_set_value_component_environment_variable_time":0.5,"data_set_value_component_membrane_variable_V":-46.1620008477,"data_set_value_component_membrane_variable_Cm":60.0,"data_set_value_component_calcium_channel_variable_i_s":-6875.5845446707,"data_set_value_component_calcium_channel_variable_g_s":382.9118,"data_set_value_component_calcium_channel_variable_V_s":214.1429,"data_set_value_component_calcium_channel_variable_V_1":-35.9358,"data_set_value_component_calcium_channel_variable_V_2":7.8589,"data_set_value_component_potassium_channel_variable_i_K":231.0955198989,"data_set_value_component_potassium_channel_variable_g_K":536.1093,"data_set_value_component_potassium_channel_variable_V_K":-259.0783,"data_set_value_component_potassium_channel_w_gate_variable_w":0.0020245536,"data_set_value_component_potassium_channel_w_gate_variable_lambda_w":20.7796,"data_set_value_component_potassium_channel_w_gate_variable_V_3":-27.9375,"data_set_value_component_potassium_channel_w_gate_variable_V_4":6.321,"data_set_value_component_acetyl_choline_activated_potassium_channel_variable_i_K_ACh":2.7722140876,"data_set_value_component_acetyl_choline_activated_potassium_channel_u_gate_variable_u":0.2342136909,"data_set_value_component_acetyl_choline_activated_potassium_channel_u_gate_variable_alpha":0.0023715385,"data_set_value_component_acetyl_choline_activated_potassium_channel_u_gate_variable_beta":0.0092131378,"data_set_value_component_acetyl_choline_activated_potassium_channel_u_gate_variable_ACh":0.000001,"data_set_value_component_coupling_current_variable_i_j":0.0,"data_set_value_component_coupling_current_variable_g_j":0.0,"data_set_value_component_coupling_current_variable_V_B":-50.0},{"data_set_value_component_environment_variable_time":0.6,"data_set_value_component_membrane_variable_V":-16.8729108485,"data_set_value_component_membrane_variable_Cm":60.0,"data_set_value_component_calcium_channel_variable_i_s":-87772.4477541412,"data_set_value_component_calcium_channel_variable_g_s":382.9118,"data_set_value_component_calcium_channel_variable_V_s":214.1429,"data_set_value_component_calcium_channel_variable_V_1":-35.9358,"data_set_value_component_calcium_channel_variable_V_2":7.8589,"data_set_value_component_potassium_channel_variable_i_K":114204.5532814006,"data_set_value_component_potassium_channel_variable_g_K":536.1093,"data_set_value_component_potassium_channel_variable_V_K":-259.0783,"data_set_value_component_potassium_channel_w_gate_variable_w":0.8795211271,"data_set_value_component_potassium_channel_w_gate_variable_lambda_w":20.7796,"data_set_value_component_potassium_channel_w_gate_variable_V_3":-27.9375,"data_set_value_component_potassium_channel_w_gate_variable_V_4":6.321,"data_set_value_component_acetyl_choline_activated_potassium_channel_variable_i_K_ACh":4.6222703675,"data_set_value_component_acetyl_choline_activated_potassium_channel_u_gate_variable_u":0.234106404,"data_set_value_component_acetyl_choline_activated_potassium_channel_u_gate_variable_alpha":0.0023715385,"data_set_value_component_acetyl_choline_activated_potassium_channel_u_gate_variable_beta":0.013601436,"data_set_value_component_acetyl_choline_activated_potassium_channel_u_gate_variable_ACh":0.000001,"data_set_value_component_coupling_current_variable_i_j":0.0,"data_set_value_component_coupling_current_variable_g_j":0.0,"data_set_value_component_coupling_current_variable_V_B":-50.0},{"data_set_value_component_environment_variable_time":0.7,"data_set_value_component_membrane_variable_V":-52.311146857,"data_set_value_component_membrane_variable_Cm":60.0,"data_set_value_component_calcium_channel_variable_i_s":-1556.6536230115,"data_set_value_component_calcium_channel_variable_g_s":382.9118,"data_set_value_component_calcium_channel_variable_V_s":214.1429,"data_set_value_component_calcium_channel_variable_V_1":-35.9358,"data_set_value_component_calcium_channel_variable_V_2":7.8589,"data_set_value_component_potassium_channel_variable_i_K":5775.6017706405,"data_set_value_component_potassium_channel_variable_g_K":536.1093,"data_set_value_component_potassium_channel_variable_V_K":-259.0783,"data_set_value_component_potassium_channel_w_gate_variable_w":0.0521029546,"data_set_value_component_potassium_channel_w_gate_variable_lambda_w":20.7796,"data_set_value_component_potassium_channel_w_gate_variable_V_3":-27.9375,"data_set_value_component_potassium_channel_w_gate_variable_V_4":6.321,"data_set_value_component_acetyl_choline_activated_potassium_channel_variable_i_K_ACh":2.3815893445,"data_set_value_component_acetyl_choline_activated_potassium_channel_u_gate_variable_u":0.2340400554,"data_set_value_component_acetyl_choline_activated_potassium_channel_u_gate_variable_alpha":0.0023715385,"data_set_value_component_acetyl_choline_activated_potassium_channel_u_gate_variable_beta":0.0084896421,"data_set_value_component_acetyl_choline_activated_potassium_channel_u_gate_variable_ACh":0.000001,"data_set_value_component_coupling_current_variable_i_j":0.0,"data_set_value_component_coupling_current_variable_g_j":0.0,"data_set_value_component_coupling_current_variable_V_B":-50.0},{"data_set_value_component_environment_variable_time":0.8,"data_set_value_component_membrane_variable_V":-50.9894076832,"data_set_value_component_membrane_variable_Cm":60.0,"data_set_value_component_calcium_channel_variable_i_s":-2155.1299071336,"data_set_value_component_calcium_channel_variable_g_s":382.9118,"data_set_value_component_calcium_channel_variable_V_s":214.1429,"data_set_value_component_calcium_channel_variable_V_1":-35.9358,"data_set_value_component_calcium_channel_variable_V_2":7.8589,"data_set_value_component_potassium_channel_variable_i_K":70.2680288562,"data_set_value_component_potassium_channel_variable_g_K":536.1093,"data_set_value_component_potassium_channel_variable_V_K":-259.0783,"data_set_value_component_potassium_channel_w_gate_variable_w":0.0006298767,"data_set_value_component_potassium_channel_w_gate_variable_lambda_w":20.7796,"data_set_value_component_potassium_channel_w_gate_variable_V_3":-27.9375,"data_set_value_component_potassium_channel_w_gate_variable_V_4":6.321,"data_set_value_component_acetyl_choline_activated_potassium_channel_variable_i_K_ACh":2.4649290376,"data_set_value_component_acetyl_choline_activated_potassium_channel_u_gate_variable_u":0.2340227683,"data_set_value_component_acetyl_choline_activated_potassium_channel_u_gate_variable_alpha":0.0023715385,"data_set_value_component_acetyl_choline_activated_potassium_channel_u_gate_variable_beta":0.0086402021,"data_set_value_component_acetyl_choline_activated_potassium_channel_u_gate_variable_ACh":0.000001,"data_set_value_component_coupling_current_variable_i_j":0.0,"data_set_value_component_coupling_current_variable_g_j":0.0,"data_set_value_component_coupling_current_variable_V_B":-50.0},{"data_set_value_component_environment_variable_time":0.9,"data_set_value_component_membrane_variable_V":-43.4806790586,"data_set_value_component_membrane_variable_Cm":60.0,"data_set_value_component_calcium_channel_variable_i_s":-12612.2358286302,"data_set_value_component_calcium_channel_variable_g_s":382.9118,"data_set_value_component_calcium_channel_variable_V_s":214.1429,"data_set_value_component_calcium_channel_variable_V_1":-35.9358,"data_set_value_component_calcium_channel_variable_V_2":7.8589,"data_set_value_component_potassium_channel_variable_i_K":412.4429101368,"data_set_value_component_potassium_channel_variable_g_K":536.1093,"data_set_value_component_potassium_channel_variable_V_K":-259.0783,"data_set_value_component_potassium_channel_w_gate_variable_w":0.0035683425,"data_set_value_component_potassium_channel_w_gate_variable_lambda_w":20.7796,"data_set_value_component_potassium_channel_w_gate_variable_V_3":-27.9375,"data_set_value_component_potassium_channel_w_gate_variable_V_4":6.321,"data_set_value_component_acetyl_choline_activated_potassium_channel_variable_i_K_ACh":2.9390251925,"data_set_value_component_acetyl_choline_activated_potassium_channel_u_gate_variable_u":0.2339947848,"data_set_value_component_acetyl_choline_activated_potassium_channel_u_gate_variable_alpha":0.0023715385,"data_set_value_component_acetyl_choline_activated_potassium_channel_u_gate_variable_beta":0.0095476215,"data_set_value_component_acetyl_choline_activated_potassium_channel_u_gate_variable_ACh":0.000001,"data_set_value_component_coupling_current_variable_i_j":0.0,"data_set_value_component_coupling_current_variable_g_j":0.0,"data_set_value_component_coupling_current_variable_V_B":-50.0},{"data_set_value_component_environment_variable_time":1.0,"data_set_value_component_membrane_variable_V":-24.6434375387,"data_set_value_component_membrane_variable_Cm":60.0,"data_set_value_component_calcium_channel_variable_i_s":-86545.5639693109,"data_set_value_component_calcium_channel_variable_g_s":382.9118,"data_set_value_component_calcium_channel_variable_V_s":214.1429,"data_set_value_component_calcium_channel_variable_V_1":-35.9358,"data_set_value_component_calcium_channel_variable_V_2":7.8589,"data_set_value_component_potassium_channel_variable_i_K":110783.5898137382,"data_set_value_component_potassium_channel_variable_g_K":536.1093,"data_set_value_component_potassium_channel_variable_V_K":-259.0783,"data_set_value_component_potassium_channel_w_gate_variable_w":0.881454496,"data_set_value_component_potassium_channel_w_gate_variable_lambda_w":20.7796,"data_set_value_component_potassium_channel_w_gate_variable_V_3":-27.9375,"data_set_value_component_potassium_channel_w_gate_variable_V_4":6.321,"data_set_value_component_acetyl_choline_activated_potassium_channel_variable_i_K_ACh":4.1269832286,"data_set_value_component_acetyl_choline_activated_potassium_channel_u_gate_variable_u":0.2338728124,"data_set_value_component_acetyl_choline_activated_potassium_channel_u_gate_variable_alpha":0.0023715385,"data_set_value_component_acetyl_choline_activated_potassium_channel_u_gate_variable_beta":0.012265953,"data_set_value_component_acetyl_choline_activated_potassium_channel_u_gate_variable_ACh":0.000001,"data_set_value_component_coupling_current_variable_i_j":0.0,"data_set_value_component_coupling_current_variable_g_j":0.0,"data_set_value_component_coupling_current_variable_V_B":-50.0}]