[{"data_generator_T":0.0,"data_generator_VVS":-71.813271},{"data_generator_T":0.5,"data_generator_VVS":-71.487167},{"data_generator_T":1.0,"data_generator_VVS":-71.170616},{"data_generator_T":1.5,"data_generator_VVS":-70.863281},{"data_generator_T":2.0,"data_generator_VVS":-70.564819},{"data_generator_T":2.5,"data_generator_VVS":-70.274895},{"data_generator_T":3.0,"data_generator_VVS":-69.993179},{"data_generator_T":3.5,"data_generator_VVS":-69.719337},{"data_generator_T":4.0,"data_generator_VVS":-69.453049},{"data_generator_T":4.5,"data_generator_VVS":-69.193993},{"data_generator_T":5.0,"data_generator_VVS":-68.941849},{"data_generator_T":5.5,"data_generator_VVS":-68.696304},{"data_generator_T":6.0,"data_generator_VVS":-68.457062},{"data_generator_T":6.5,"data_generator_VVS":-68.223801},{"data_generator_T":7.0,"data_generator_VVS":-67.996246},{"data_generator_T":7.5,"data_generator_VVS":-67.774101},{"data_generator_T":8.0,"data_generator_VVS":-67.557076},{"data_generator_T":8.5,"data_generator_VVS":-67.344894},{"data_generator_T":9.0,"data_generator_VVS":-67.137299},{"data_generator_T":9.5,"data_generator_VVS":-66.934006},{"data_generator_T":10.0,"data_generator_VVS":-66.734756},{"data_generator_T":10.5,"data_generator_VVS":-66.539307},{"data_generator_T":11.0,"data_generator_VVS":-66.347389},{"data_generator_T":11.5,"data_generator_VVS":-66.158768},{"data_generator_T":12.0,"data_generator_VVS":-65.973198},{"data_generator_T":12.5,"data_generator_VVS":-65.790443},{"data_generator_T":13.0,"data_generator_VVS":-65.610268},{"data_generator_T":13.5,"data_generator_VVS":-65.432426},{"data_generator_T":14.0,"data_generator_VVS":-65.256699},{"data_generator_T":14.5,"data_generator_VVS":-65.082855},{"data_generator_T":15.0,"data_generator_VVS":-64.91066},{"data_generator_T":15.5,"data_generator_VVS":-64.739876},{"data_generator_T":16.0,"data_generator_VVS":-64.570274},{"data_generator_T":16.5,"data_generator_VVS":-64.401627},{"data_generator_T":17.0,"data_generator_VVS":-64.233673},{"data_generator_T":17.5,"data_generator_VVS":-64.066177},{"data_generator_T":18.0,"data_generator_VVS":-63.898888},{"data_generator_T":18.5,"data_generator_VVS":-63.731529},{"data_generator_T":19.0,"data_generator_VVS":-63.563831},{"data_generator_T":19.5,"data_generator_VVS":-63.3955},{"data_generator_T":20.0,"data_generator_VVS":-63.226227},{"data_generator_T":20.5,"data_generator_VVS":-63.055683},{"data_generator_T":21.0,"data_generator_VVS":-62.883511},{"data_generator_T":21.5,"data_generator_VVS":-62.709332},{"data_generator_T":22.0,"data_generator_VVS":-62.532715},{"data_generator_T":22.5,"data_generator_VVS":-62.353207},{"data_generator_T":23.0,"data_generator_VVS":-62.170284},{"data_generator_T":23.5,"data_generator_VVS":-61.983368},{"data_generator_T":24.0,"data_generator_VVS":-61.791805},{"data_generator_T":24.5,"data_generator_VVS":-61.594841},{"data_generator_T":25.0,"data_generator_VVS":-61.391621},{"data_generator_T":25.5,"data_generator_VVS":-61.181126},{"data_generator_T":26.0,"data_generator_VVS":-60.962173},{"data_generator_T":26.5,"data_generator_VVS":-60.733341},{"data_generator_T":27.0,"data_generator_VVS":-60.492912},{"data_generator_T":27.5,"data_generator_VVS":-60.238789},{"data_generator_T":28.0,"data_generator_VVS":-59.968346},{"data_generator_T":28.5,"data_generator_VVS":-59.678253},{"data_generator_T":29.0,"data_generator_VVS":-59.364197},{"data_generator_T":29.5,"data_generator_VVS":-59.020447},{"data_generator_T":30.0,"data_generator_VVS":-58.639153},{"data_generator_T":30.5,"data_generator_VVS":-58.209179},{"data_generator_T":31.0,"data_generator_VVS":-57.713997},{"data_generator_T":31.5,"data_generator_VVS":-57.127594},{"data_generator_T":32.0,"data_generator_VVS":-56.405663},{"data_generator_T":32.5,"data_generator_VVS":-55.463688},{"data_generator_T":33.0,"data_generator_VVS":-54.109146},{"data_generator_T":33.5,"data_generator_VVS":-51.735851},{"data_generator_T":34.0,"data_generator_VVS":-44.211712},{"data_generator_T":34.5,"data_generator_VVS":-7.868886},{"data_generator_T":35.0,"data_generator_VVS":-53.09494},{"data_generator_T":35.5,"data_generator_VVS":-54.678669},{"data_generator_T":36.0,"data_generator_VVS":-53.634888},{"data_generator_T":36.5,"data_generator_VVS":-51.282185},{"data_generator_T":37.0,"data_generator_VVS":-42.97736},{"data_generator_T":37.5,"data_generator_VVS":-14.233385},{"data_generator_T":38.0,"data_generator_VVS":-52.965218},{"data_generator_T":38.5,"data_generator_VVS":-54.271534},{"data_generator_T":39.0,"data_generator_VVS":-53.139896},{"data_generator_T":39.5,"data_generator_VVS":-50.403427},{"data_generator_T":40.0,"data_generator_VVS":-37.667431},{"data_generator_T":40.5,"data_generator_VVS":-33.074715},{"data_generator_T":41.0,"data_generator_VVS":-53.826298},{"data_generator_T":41.5,"data_generator_VVS":-54.421944},{"data_generator_T":42.0,"data_generator_VVS":-53.437424},{"data_generator_T":42.5,"data_generator_VVS":-51.266243},{"data_generator_T":43.0,"data_generator_VVS":-43.717995},{"data_generator_T":43.5,"data_generator_VVS":-9.1369324},{"data_generator_T":44.0,"data_generator_VVS":-52.972527},{"data_generator_T":44.5,"data_generator_VVS":-54.944069},{"data_generator_T":45.0,"data_generator_VVS":-54.553974},{"data_generator_T":45.5,"data_generator_VVS":-53.584187},{"data_generator_T":46.0,"data_generator_VVS":-51.682121},{"data_generator_T":46.5,"data_generator_VVS":-45.899471},{"data_generator_T":47.0,"data_generator_VVS":8.8284225},{"data_generator_T":47.5,"data_generator_VVS":-52.021473},{"data_generator_T":48.0,"data_generator_VVS":-55.391075},{"data_generator_T":48.5,"data_generator_VVS":-55.440235},{"data_generator_T":49.0,"data_generator_VVS":-55.097736},{"data_generator_T":49.5,"data_generator_VVS":-54.506275},{"data_generator_T":50.0,"data_generator_VVS":-53.529205},{"data_generator_T":50.5,"data_generator_VVS":-51.671425},{"data_generator_T":51.0,"data_generator_VVS":-46.045052},{"data_generator_T":51.5,"data_generator_VVS":10.198461},{"data_generator_T":52.0,"data_generator_VVS":-52.150635},{"data_generator_T":52.5,"data_generator_VVS":-55.795128},{"data_generator_T":53.0,"data_generator_VVS":-56.10067},{"data_generator_T":53.5,"data_generator_VVS":-56.117668},{"data_generator_T":54.0,"data_generator_VVS":-56.061787},{"data_generator_T":54.5,"data_generator_VVS":-55.958099},{"data_generator_T":55.0,"data_generator_VVS":-55.804596},{"data_generator_T":55.5,"data_generator_VVS":-55.587788},{"data_generator_T":56.0,"data_generator_VVS":-55.281689},{"data_generator_T":56.5,"data_generator_VVS":-54.838787},{"data_generator_T":57.0,"data_generator_VVS":-54.16452},{"data_generator_T":57.5,"data_generator_VVS":-53.033291},{"data_generator_T":58.0,"data_generator_VVS":-50.676617},{"data_generator_T":58.5,"data_generator_VVS":-40.856922},{"data_generator_T":59.0,"data_generator_VVS":-24.957911},{"data_generator_T":59.5,"data_generator_VVS":-54.478207},{"data_generator_T":60.0,"data_generator_VVS":-56.251003},{"data_generator_T":60.5,"data_generator_VVS":-56.587746},{"data_generator_T":61.0,"data_generator_VVS":-56.804432},{"data_generator_T":61.5,"data_generator_VVS":-57.020054},{"data_generator_T":62.0,"data_generator_VVS":-57.259605},{"data_generator_T":62.5,"data_generator_VVS":-57.533009},{"data_generator_T":63.0,"data_generator_VVS":-57.845051},{"data_generator_T":63.5,"data_generator_VVS":-58.197372},{"data_generator_T":64.0,"data_generator_VVS":-58.589134},{"data_generator_T":64.5,"data_generator_VVS":-59.017342},{"data_generator_T":65.0,"data_generator_VVS":-59.477295},{"data_generator_T":65.5,"data_generator_VVS":-59.963097},{"data_generator_T":66.0,"data_generator_VVS":-60.468201},{"data_generator_T":66.5,"data_generator_VVS":-60.98597},{"data_generator_T":67.0,"data_generator_VVS":-61.510086},{"data_generator_T":67.5,"data_generator_VVS":-62.034863},{"data_generator_T":68.0,"data_generator_VVS":-62.555389},{"data_generator_T":68.5,"data_generator_VVS":-63.067608},{"data_generator_T":69.0,"data_generator_VVS":-63.568275},{"data_generator_T":69.5,"data_generator_VVS":-64.054893},{"data_generator_T":70.0,"data_generator_VVS":-64.52562},{"data_generator_T":70.5,"data_generator_VVS":-64.979164},{"data_generator_T":71.0,"data_generator_VVS":-65.414696},{"data_generator_T":71.5,"data_generator_VVS":-65.831749},{"data_generator_T":72.0,"data_generator_VVS":-66.230148},{"data_generator_T":72.5,"data_generator_VVS":-66.609947},{"data_generator_T":73.0,"data_generator_VVS":-66.971375},{"data_generator_T":73.5,"data_generator_VVS":-67.314774},{"data_generator_T":74.0,"data_generator_VVS":-67.640617},{"data_generator_T":74.5,"data_generator_VVS":-67.949425},{"data_generator_T":75.0,"data_generator_VVS":-68.241768},{"data_generator_T":75.5,"data_generator_VVS":-68.518242},{"data_generator_T":76.0,"data_generator_VVS":-68.779472},{"data_generator_T":76.5,"data_generator_VVS":-69.026077},{"data_generator_T":77.0,"data_generator_VVS":-69.25869},{"data_generator_T":77.5,"data_generator_VVS":-69.477921},{"data_generator_T":78.0,"data_generator_VVS":-69.684372},{"data_generator_T":78.5,"data_generator_VVS":-69.878639},{"data_generator_T":79.0,"data_generator_VVS":-70.061295},{"data_generator_T":79.5,"data_generator_VVS":-70.232887},{"data_generator_T":80.0,"data_generator_VVS":-70.393959},{"data_generator_T":80.5,"data_generator_VVS":-70.545013},{"data_generator_T":81.0,"data_generator_VVS":-70.686546},{"data_generator_T":81.5,"data_generator_VVS":-70.819023},{"data_generator_T":82.0,"data_generator_VVS":-70.942902},{"data_generator_T":82.5,"data_generator_VVS":-71.058609},{"data_generator_T":83.0,"data_generator_VVS":-71.16655},{"data_generator_T":83.5,"data_generator_VVS":-71.267113},{"data_generator_T":84.0,"data_generator_VVS":-71.36068},{"data_generator_T":84.5,"data_generator_VVS":-71.447594},{"data_generator_T":85.0,"data_generator_VVS":-71.528198},{"data_generator_T":85.5,"data_generator_VVS":-71.602806},{"data_generator_T":86.0,"data_generator_VVS":-71.671722},{"data_generator_T":86.5,"data_generator_VVS":-71.735245},{"data_generator_T":87.0,"data_generator_VVS":-71.793625},{"data_generator_T":87.5,"data_generator_VVS":-71.847145},{"data_generator_T":88.0,"data_generator_VVS":-71.896034},{"data_generator_T":88.5,"data_generator_VVS":-71.940536},{"data_generator_T":89.0,"data_generator_VVS":-71.980865},{"data_generator_T":89.5,"data_generator_VVS":-72.017235},{"data_generator_T":90.0,"data_generator_VVS":-72.04985},{"data_generator_T":90.5,"data_generator_VVS":-72.078888},{"data_generator_T":91.0,"data_generator_VVS":-72.104538},{"data_generator_T":91.5,"data_generator_VVS":-72.126961},{"data_generator_T":92.0,"data_generator_VVS":-72.146332},{"data_generator_T":92.5,"data_generator_VVS":-72.162788},{"data_generator_T":93.0,"data_generator_VVS":-72.176483},{"data_generator_T":93.5,"data_generator_VVS":-72.187546},{"data_generator_T":94.0,"data_generator_VVS":-72.196121},{"data_generator_T":94.5,"data_generator_VVS":-72.202316},{"data_generator_T":95.0,"data_generator_VVS":-72.206261},{"data_generator_T":95.5,"data_generator_VVS":-72.208054},{"data_generator_T":96.0,"data_generator_VVS":-72.207809},{"data_generator_T":96.5,"data_generator_VVS":-72.205627},{"data_generator_T":97.0,"data_generator_VVS":-72.201607},{"data_generator_T":97.5,"data_generator_VVS":-72.195824},{"data_generator_T":98.0,"data_generator_VVS":-72.18837},{"data_generator_T":98.5,"data_generator_VVS":-72.179329},{"data_generator_T":99.0,"data_generator_VVS":-72.16877},{"data_generator_T":99.5,"data_generator_VVS":-72.156776},{"data_generator_T":100.0,"data_generator_VVS":-72.14341},{"data_generator_T":100.5,"data_generator_VVS":-72.128738},{"data_generator_T":101.0,"data_generator_VVS":-72.112831},{"data_generator_T":101.5,"data_generator_VVS":-72.095726},{"data_generator_T":102.0,"data_generator_VVS":-72.077507},{"data_generator_T":102.5,"data_generator_VVS":-72.058205},{"data_generator_T":103.0,"data_generator_VVS":-72.03788},{"data_generator_T":103.5,"data_generator_VVS":-72.016571},{"data_generator_T":104.0,"data_generator_VVS":-71.994339},{"data_generator_T":104.5,"data_generator_VVS":-71.971222},{"data_generator_T":105.0,"data_generator_VVS":-71.94725},{"data_generator_T":105.5,"data_generator_VVS":-71.922478},{"data_generator_T":106.0,"data_generator_VVS":-71.896935},{"data_generator_T":106.5,"data_generator_VVS":-71.870651},{"data_generator_T":107.0,"data_generator_VVS":-71.843666},{"data_generator_T":107.5,"data_generator_VVS":-71.816017},{"data_generator_T":108.0,"data_generator_VVS":-71.787727},{"data_generator_T":108.5,"data_generator_VVS":-71.758827},{"data_generator_T":109.0,"data_generator_VVS":-71.72934},{"data_generator_T":109.5,"data_generator_VVS":-71.699295},{"data_generator_T":110.0,"data_generator_VVS":-71.668724},{"data_generator_T":110.5,"data_generator_VVS":-71.637642},{"data_generator_T":111.0,"data_generator_VVS":-71.606071},{"data_generator_T":111.5,"data_generator_VVS":-71.574036},{"data_generator_T":112.0,"data_generator_VVS":-71.541557},{"data_generator_T":112.5,"data_generator_VVS":-71.508652},{"data_generator_T":113.0,"data_generator_VVS":-71.475342},{"data_generator_T":113.5,"data_generator_VVS":-71.441643},{"data_generator_T":114.0,"data_generator_VVS":-71.40757},{"data_generator_T":114.5,"data_generator_VVS":-71.373146},{"data_generator_T":115.0,"data_generator_VVS":-71.338371},{"data_generator_T":115.5,"data_generator_VVS":-71.303276},{"data_generator_T":116.0,"data_generator_VVS":-71.267868},{"data_generator_T":116.5,"data_generator_VVS":-71.232162},{"data_generator_T":117.0,"data_generator_VVS":-71.196167},{"data_generator_T":117.5,"data_generator_VVS":-71.159897},{"data_generator_T":118.0,"data_generator_VVS":-71.123367},{"data_generator_T":118.5,"data_generator_VVS":-71.086578},{"data_generator_T":119.0,"data_generator_VVS":-71.049553},{"data_generator_T":119.5,"data_generator_VVS":-71.012291},{"data_generator_T":120.0,"data_generator_VVS":-70.974808},{"data_generator_T":120.5,"data_generator_VVS":-70.937111},{"data_generator_T":121.0,"data_generator_VVS":-70.899208},{"data_generator_T":121.5,"data_generator_VVS":-70.861107},{"data_generator_T":122.0,"data_generator_VVS":-70.822815},{"data_generator_T":122.5,"data_generator_VVS":-70.784348},{"data_generator_T":123.0,"data_generator_VVS":-70.745705},{"data_generator_T":123.5,"data_generator_VVS":-70.706894},{"data_generator_T":124.0,"data_generator_VVS":-70.667923},{"data_generator_T":124.5,"data_generator_VVS":-70.628799},{"data_generator_T":125.0,"data_generator_VVS":-70.589523},{"data_generator_T":125.5,"data_generator_VVS":-70.550102},{"data_generator_T":126.0,"data_generator_VVS":-70.510551},{"data_generator_T":126.5,"data_generator_VVS":-70.470863},{"data_generator_T":127.0,"data_generator_VVS":-70.431053},{"data_generator_T":127.5,"data_generator_VVS":-70.391121},{"data_generator_T":128.0,"data_generator_VVS":-70.351067},{"data_generator_T":128.5,"data_generator_VVS":-70.310905},{"data_generator_T":129.0,"data_generator_VVS":-70.27063},{"data_generator_T":129.5,"data_generator_VVS":-70.230255},{"data_generator_T":130.0,"data_generator_VVS":-70.189774},{"data_generator_T":130.5,"data_generator_VVS":-70.1492},{"data_generator_T":131.0,"data_generator_VVS":-70.108528},{"data_generator_T":131.5,"data_generator_VVS":-70.067772},{"data_generator_T":132.0,"data_generator_VVS":-70.026924},{"data_generator_T":132.5,"data_generator_VVS":-69.985992},{"data_generator_T":133.0,"data_generator_VVS":-69.944984},{"data_generator_T":133.5,"data_generator_VVS":-69.903893},{"data_generator_T":134.0,"data_generator_VVS":-69.862724},{"data_generator_T":134.5,"data_generator_VVS":-69.821487},{"data_generator_T":135.0,"data_generator_VVS":-69.780182},{"data_generator_T":135.5,"data_generator_VVS":-69.738808},{"data_generator_T":136.0,"data_generator_VVS":-69.697365},{"data_generator_T":136.5,"data_generator_VVS":-69.655861},{"data_generator_T":137.0,"data_generator_VVS":-69.614296},{"data_generator_T":137.5,"data_generator_VVS":-69.57267},{"data_generator_T":138.0,"data_generator_VVS":-69.530983},{"data_generator_T":138.5,"data_generator_VVS":-69.48925},{"data_generator_T":139.0,"data_generator_VVS":-69.447456},{"data_generator_T":139.5,"data_generator_VVS":-69.405609},{"data_generator_T":140.0,"data_generator_VVS":-69.363708},{"data_generator_T":140.5,"data_generator_VVS":-69.321762},{"data_generator_T":141.0,"data_generator_VVS":-69.27977},{"data_generator_T":141.5,"data_generator_VVS":-69.237724},{"data_generator_T":142.0,"data_generator_VVS":-69.195641},{"data_generator_T":142.5,"data_generator_VVS":-69.153503},{"data_generator_T":143.0,"data_generator_VVS":-69.111328},{"data_generator_T":143.5,"data_generator_VVS":-69.069115},{"data_generator_T":144.0,"data_generator_VVS":-69.026855},{"data_generator_T":144.5,"data_generator_VVS":-68.98455},{"data_generator_T":145.0,"data_generator_VVS":-68.942215},{"data_generator_T":145.5,"data_generator_VVS":-68.899834},{"data_generator_T":146.0,"data_generator_VVS":-68.857414},{"data_generator_T":146.5,"data_generator_VVS":-68.814957},{"data_generator_T":147.0,"data_generator_VVS":-68.772469},{"data_generator_T":147.5,"data_generator_VVS":-68.729935},{"data_generator_T":148.0,"data_generator_VVS":-68.68737},{"data_generator_T":148.5,"data_generator_VVS":-68.644768},{"data_generator_T":149.0,"data_generator_VVS":-68.602135},{"data_generator_T":149.5,"data_generator_VVS":-68.559464},{"data_generator_T":150.0,"data_generator_VVS":-68.516762},{"data_generator_T":150.5,"data_generator_VVS":-68.474022},{"data_generator_T":151.0,"data_generator_VVS":-68.431244},{"data_generator_T":151.5,"data_generator_VVS":-68.388435},{"data_generator_T":152.0,"data_generator_VVS":-68.345596},{"data_generator_T":152.5,"data_generator_VVS":-68.302719},{"data_generator_T":153.0,"data_generator_VVS":-68.259811},{"data_generator_T":153.5,"data_generator_VVS":-68.216866},{"data_generator_T":154.0,"data_generator_VVS":-68.173889},{"data_generator_T":154.5,"data_generator_VVS":-68.130875},{"data_generator_T":155.0,"data_generator_VVS":-68.08783},{"data_generator_T":155.5,"data_generator_VVS":-68.044746},{"data_generator_T":156.0,"data_generator_VVS":-68.001625},{"data_generator_T":156.5,"data_generator_VVS":-67.958473},{"data_generator_T":157.0,"data_generator_VVS":-67.915283},{"data_generator_T":157.5,"data_generator_VVS":-67.872063},{"data_generator_T":158.0,"data_generator_VVS":-67.828796},{"data_generator_T":158.5,"data_generator_VVS":-67.7855},{"data_generator_T":159.0,"data_generator_VVS":-67.742165},{"data_generator_T":159.5,"data_generator_VVS":-67.698784},{"data_generator_T":160.0,"data_generator_VVS":-67.655373},{"data_generator_T":160.5,"data_generator_VVS":-67.611916},{"data_generator_T":161.0,"data_generator_VVS":-67.56842},{"data_generator_T":161.5,"data_generator_VVS":-67.524879},{"data_generator_T":162.0,"data_generator_VVS":-67.4813},{"data_generator_T":162.5,"data_generator_VVS":-67.437675},{"data_generator_T":163.0,"data_generator_VVS":-67.394012},{"data_generator_T":163.5,"data_generator_VVS":-67.350296},{"data_generator_T":164.0,"data_generator_VVS":-67.306534},{"data_generator_T":164.5,"data_generator_VVS":-67.262726},{"data_generator_T":165.0,"data_generator_VVS":-67.218864},{"data_generator_T":165.5,"data_generator_VVS":-67.174957},{"data_generator_T":166.0,"data_generator_VVS":-67.130997},{"data_generator_T":166.5,"data_generator_VVS":-67.086983},{"data_generator_T":167.0,"data_generator_VVS":-67.042908},{"data_generator_T":167.5,"data_generator_VVS":-66.998787},{"data_generator_T":168.0,"data_generator_VVS":-66.954597},{"data_generator_T":168.5,"data_generator_VVS":-66.910355},{"data_generator_T":169.0,"data_generator_VVS":-66.866051},{"data_generator_T":169.5,"data_generator_VVS":-66.821678},{"data_generator_T":170.0,"data_generator_VVS":-66.777245},{"data_generator_T":170.5,"data_generator_VVS":-66.732742},{"data_generator_T":171.0,"data_generator_VVS":-66.688171},{"data_generator_T":171.5,"data_generator_VVS":-66.643532},{"data_generator_T":172.0,"data_generator_VVS":-66.598816},{"data_generator_T":172.5,"data_generator_VVS":-66.554024},{"data_generator_T":173.0,"data_generator_VVS":-66.509155},{"data_generator_T":173.5,"data_generator_VVS":-66.464203},{"data_generator_T":174.0,"data_generator_VVS":-66.419167},{"data_generator_T":174.5,"data_generator_VVS":-66.374046},{"data_generator_T":175.0,"data_generator_VVS":-66.328835},{"data_generator_T":175.5,"data_generator_VVS":-66.283531},{"data_generator_T":176.0,"data_generator_VVS":-66.238136},{"data_generator_T":176.5,"data_generator_VVS":-66.192642},{"data_generator_T":177.0,"data_generator_VVS":-66.147049},{"data_generator_T":177.5,"data_generator_VVS":-66.101349},{"data_generator_T":178.0,"data_generator_VVS":-66.055542},{"data_generator_T":178.5,"data_generator_VVS":-66.009621},{"data_generator_T":179.0,"data_generator_VVS":-65.963585},{"data_generator_T":179.5,"data_generator_VVS":-65.917435},{"data_generator_T":180.0,"data_generator_VVS":-65.871155},{"data_generator_T":180.5,"data_generator_VVS":-65.824753},{"data_generator_T":181.0,"data_generator_VVS":-65.778221},{"data_generator_T":181.5,"data_generator_VVS":-65.731544},{"data_generator_T":182.0,"data_generator_VVS":-65.684738},{"data_generator_T":182.5,"data_generator_VVS":-65.637779},{"data_generator_T":183.0,"data_generator_VVS":-65.590675},{"data_generator_T":183.5,"data_generator_VVS":-65.543411},{"data_generator_T":184.0,"data_generator_VVS":-65.495987},{"data_generator_T":184.5,"data_generator_VVS":-65.448402},{"data_generator_T":185.0,"data_generator_VVS":-65.400635},{"data_generator_T":185.5,"data_generator_VVS":-65.352699},{"data_generator_T":186.0,"data_generator_VVS":-65.304573},{"data_generator_T":186.5,"data_generator_VVS":-65.256264},{"data_generator_T":187.0,"data_generator_VVS":-65.207748},{"data_generator_T":187.5,"data_generator_VVS":-65.159027},{"data_generator_T":188.0,"data_generator_VVS":-65.1101},{"data_generator_T":188.5,"data_generator_VVS":-65.060951},{"data_generator_T":189.0,"data_generator_VVS":-65.011574},{"data_generator_T":189.5,"data_generator_VVS":-64.961967},{"data_generator_T":190.0,"data_generator_VVS":-64.912109},{"data_generator_T":190.5,"data_generator_VVS":-64.862},{"data_generator_T":191.0,"data_generator_VVS":-64.811623},{"data_generator_T":191.5,"data_generator_VVS":-64.760979},{"data_generator_T":192.0,"data_generator_VVS":-64.710045},{"data_generator_T":192.5,"data_generator_VVS":-64.658821},{"data_generator_T":193.0,"data_generator_VVS":-64.6073},{"data_generator_T":193.5,"data_generator_VVS":-64.55545},{"data_generator_T":194.0,"data_generator_VVS":-64.503281},{"data_generator_T":194.5,"data_generator_VVS":-64.45076},{"data_generator_T":195.0,"data_generator_VVS":-64.397896},{"data_generator_T":195.5,"data_generator_VVS":-64.34465},{"data_generator_T":196.0,"data_generator_VVS":-64.291031},{"data_generator_T":196.5,"data_generator_VVS":-64.237007},{"data_generator_T":197.0,"data_generator_VVS":-64.182564},{"data_generator_T":197.5,"data_generator_VVS":-64.127693},{"data_generator_T":198.0,"data_generator_VVS":-64.072365},{"data_generator_T":198.5,"data_generator_VVS":-64.016571},{"data_generator_T":199.0,"data_generator_VVS":-63.960285},{"data_generator_T":199.5,"data_generator_VVS":-63.903488},{"data_generator_T":200.0,"data_generator_VVS":-63.846161},{"data_generator_T":200.5,"data_generator_VVS":-63.788269},{"data_generator_T":201.0,"data_generator_VVS":-63.729801},{"data_generator_T":201.5,"data_generator_VVS":-63.670719},{"data_generator_T":202.0,"data_generator_VVS":-63.611004},{"data_generator_T":202.5,"data_generator_VVS":-63.550621},{"data_generator_T":203.0,"data_generator_VVS":-63.489536},{"data_generator_T":203.5,"data_generator_VVS":-63.427723},{"data_generator_T":204.0,"data_generator_VVS":-63.365143},{"data_generator_T":204.5,"data_generator_VVS":-63.301758},{"data_generator_T":205.0,"data_generator_VVS":-63.237526},{"data_generator_T":205.5,"data_generator_VVS":-63.172401},{"data_generator_T":206.0,"data_generator_VVS":-63.106346},{"data_generator_T":206.5,"data_generator_VVS":-63.039303},{"data_generator_T":207.0,"data_generator_VVS":-62.971222},{"data_generator_T":207.5,"data_generator_VVS":-62.902046},{"data_generator_T":208.0,"data_generator_VVS":-62.831711},{"data_generator_T":208.5,"data_generator_VVS":-62.760155},{"data_generator_T":209.0,"data_generator_VVS":-62.687302},{"data_generator_T":209.5,"data_generator_VVS":-62.613079},{"data_generator_T":210.0,"data_generator_VVS":-62.537395},{"data_generator_T":210.5,"data_generator_VVS":-62.460167},{"data_generator_T":211.0,"data_generator_VVS":-62.38129},{"data_generator_T":211.5,"data_generator_VVS":-62.300655},{"data_generator_T":212.0,"data_generator_VVS":-62.218151},{"data_generator_T":212.5,"data_generator_VVS":-62.13364},{"data_generator_T":213.0,"data_generator_VVS":-62.046986},{"data_generator_T":213.5,"data_generator_VVS":-61.958027},{"data_generator_T":214.0,"data_generator_VVS":-61.866592},{"data_generator_T":214.5,"data_generator_VVS":-61.772484},{"data_generator_T":215.0,"data_generator_VVS":-61.675495},{"data_generator_T":215.5,"data_generator_VVS":-61.575378},{"data_generator_T":216.0,"data_generator_VVS":-61.471874},{"data_generator_T":216.5,"data_generator_VVS":-61.36467},{"data_generator_T":217.0,"data_generator_VVS":-61.253433},{"data_generator_T":217.5,"data_generator_VVS":-61.137768},{"data_generator_T":218.0,"data_generator_VVS":-61.017235},{"data_generator_T":218.5,"data_generator_VVS":-60.891319},{"data_generator_T":219.0,"data_generator_VVS":-60.759438},{"data_generator_T":219.5,"data_generator_VVS":-60.620899},{"data_generator_T":220.0,"data_generator_VVS":-60.474899},{"data_generator_T":220.5,"data_generator_VVS":-60.320488},{"data_generator_T":221.0,"data_generator_VVS":-60.156525},{"data_generator_T":221.5,"data_generator_VVS":-59.981644},{"data_generator_T":222.0,"data_generator_VVS":-59.79417},{"data_generator_T":222.5,"data_generator_VVS":-59.592037},{"data_generator_T":223.0,"data_generator_VVS":-59.372654},{"data_generator_T":223.5,"data_generator_VVS":-59.132702},{"data_generator_T":224.0,"data_generator_VVS":-58.867867},{"data_generator_T":224.5,"data_generator_VVS":-58.57238},{"data_generator_T":225.0,"data_generator_VVS":-58.238316},{"data_generator_T":225.5,"data_generator_VVS":-57.854366},{"data_generator_T":226.0,"data_generator_VVS":-57.403687},{"data_generator_T":226.5,"data_generator_VVS":-56.859604},{"data_generator_T":227.0,"data_generator_VVS":-56.176426},{"data_generator_T":227.5,"data_generator_VVS":-55.266254},{"data_generator_T":228.0,"data_generator_VVS":-53.926273},{"data_generator_T":228.5,"data_generator_VVS":-51.501759},{"data_generator_T":229.0,"data_generator_VVS":-43.234043},{"data_generator_T":229.5,"data_generator_VVS":-14.104432},{"data_generator_T":230.0,"data_generator_VVS":-53.524597},{"data_generator_T":230.5,"data_generator_VVS":-54.944183},{"data_generator_T":231.0,"data_generator_VVS":-54.123074},{"data_generator_T":231.5,"data_generator_VVS":-52.380676},{"data_generator_T":232.0,"data_generator_VVS":-47.893417},{"data_generator_T":232.5,"data_generator_VVS":20.121967},{"data_generator_T":233.0,"data_generator_VVS":-49.218494},{"data_generator_T":233.5,"data_generator_VVS":-54.650723},{"data_generator_T":234.0,"data_generator_VVS":-54.300671},{"data_generator_T":234.5,"data_generator_VVS":-53.002522},{"data_generator_T":235.0,"data_generator_VVS":-50.088593},{"data_generator_T":235.5,"data_generator_VVS":-34.246883},{"data_generator_T":236.0,"data_generator_VVS":-37.760098},{"data_generator_T":236.5,"data_generator_VVS":-54.340202},{"data_generator_T":237.0,"data_generator_VVS":-54.93618},{"data_generator_T":237.5,"data_generator_VVS":-54.324772},{"data_generator_T":238.0,"data_generator_VVS":-53.108021},{"data_generator_T":238.5,"data_generator_VVS":-50.521286},{"data_generator_T":239.0,"data_generator_VVS":-38.966888},{"data_generator_T":239.5,"data_generator_VVS":-30.620819},{"data_generator_T":240.0,"data_generator_VVS":-54.293568},{"data_generator_T":240.5,"data_generator_VVS":-55.457607},{"data_generator_T":241.0,"data_generator_VVS":-55.267948},{"data_generator_T":241.5,"data_generator_VVS":-54.775368},{"data_generator_T":242.0,"data_generator_VVS":-53.957584},{"data_generator_T":242.5,"data_generator_VVS":-52.50436},{"data_generator_T":243.0,"data_generator_VVS":-49.020233},{"data_generator_T":243.5,"data_generator_VVS":1.3689004},{"data_generator_T":244.0,"data_generator_VVS":-45.729141},{"data_generator_T":244.5,"data_generator_VVS":-55.336079},{"data_generator_T":245.0,"data_generator_VVS":-55.976223},{"data_generator_T":245.5,"data_generator_VVS":-55.996986},{"data_generator_T":246.0,"data_generator_VVS":-55.899426},{"data_generator_T":246.5,"data_generator_VVS":-55.728142},{"data_generator_T":247.0,"data_generator_VVS":-55.475285},{"data_generator_T":247.5,"data_generator_VVS":-55.109959},{"data_generator_T":248.0,"data_generator_VVS":-54.568378},{"data_generator_T":248.5,"data_generator_VVS":-53.710999},{"data_generator_T":249.0,"data_generator_VVS":-52.152676},{"data_generator_T":249.5,"data_generator_VVS":-48.081364},{"data_generator_T":250.0,"data_generator_VVS":20.391909},{"data_generator_T":250.5,"data_generator_VVS":-49.055313},{"data_generator_T":251.0,"data_generator_VVS":-55.799225},{"data_generator_T":251.5,"data_generator_VVS":-56.437622},{"data_generator_T":252.0,"data_generator_VVS":-56.668938},{"data_generator_T":252.5,"data_generator_VVS":-56.862057},{"data_generator_T":253.0,"data_generator_VVS":-57.066833},{"data_generator_T":253.5,"data_generator_VVS":-57.298553},{"data_generator_T":254.0,"data_generator_VVS":-57.564617},{"data_generator_T":254.5,"data_generator_VVS":-57.868893},{"data_generator_T":255.0,"data_generator_VVS":-58.212719},{"data_generator_T":255.5,"data_generator_VVS":-58.595242},{"data_generator_T":256.0,"data_generator_VVS":-59.013653},{"data_generator_T":256.5,"data_generator_VVS":-59.46352},{"data_generator_T":257.0,"data_generator_VVS":-59.939236},{"data_generator_T":257.5,"data_generator_VVS":-60.434547},{"data_generator_T":258.0,"data_generator_VVS":-60.943035},{"data_generator_T":258.5,"data_generator_VVS":-61.458561},{"data_generator_T":259.0,"data_generator_VVS":-61.975533},{"data_generator_T":259.5,"data_generator_VVS":-62.48909},{"data_generator_T":260.0,"data_generator_VVS":-62.995178},{"data_generator_T":260.5,"data_generator_VVS":-63.490517},{"data_generator_T":261.0,"data_generator_VVS":-63.972565},{"data_generator_T":261.5,"data_generator_VVS":-64.439423},{"data_generator_T":262.0,"data_generator_VVS":-64.889725},{"data_generator_T":262.5,"data_generator_VVS":-65.322586},{"data_generator_T":263.0,"data_generator_VVS":-65.737465},{"data_generator_T":263.5,"data_generator_VVS":-66.134132},{"data_generator_T":264.0,"data_generator_VVS":-66.512589},{"data_generator_T":264.5,"data_generator_VVS":-66.873009},{"data_generator_T":265.0,"data_generator_VVS":-67.215714},{"data_generator_T":265.5,"data_generator_VVS":-67.541107},{"data_generator_T":266.0,"data_generator_VVS":-67.849686},{"data_generator_T":266.5,"data_generator_VVS":-68.141991},{"data_generator_T":267.0,"data_generator_VVS":-68.418594},{"data_generator_T":267.5,"data_generator_VVS":-68.680092},{"data_generator_T":268.0,"data_generator_VVS":-68.927094},{"data_generator_T":268.5,"data_generator_VVS":-69.160202},{"data_generator_T":269.0,"data_generator_VVS":-69.38002},{"data_generator_T":269.5,"data_generator_VVS":-69.587128},{"data_generator_T":270.0,"data_generator_VVS":-69.78212},{"data_generator_T":270.5,"data_generator_VVS":-69.965546},{"data_generator_T":271.0,"data_generator_VVS":-70.137955},{"data_generator_T":271.5,"data_generator_VVS":-70.299866},{"data_generator_T":272.0,"data_generator_VVS":-70.45179},{"data_generator_T":272.5,"data_generator_VVS":-70.594215},{"data_generator_T":273.0,"data_generator_VVS":-70.727608},{"data_generator_T":273.5,"data_generator_VVS":-70.852402},{"data_generator_T":274.0,"data_generator_VVS":-70.969025},{"data_generator_T":274.5,"data_generator_VVS":-71.077896},{"data_generator_T":275.0,"data_generator_VVS":-71.179382},{"data_generator_T":275.5,"data_generator_VVS":-71.273872},{"data_generator_T":276.0,"data_generator_VVS":-71.361702},{"data_generator_T":276.5,"data_generator_VVS":-71.443207},{"data_generator_T":277.0,"data_generator_VVS":-71.518715},{"data_generator_T":277.5,"data_generator_VVS":-71.588516},{"data_generator_T":278.0,"data_generator_VVS":-71.652908},{"data_generator_T":278.5,"data_generator_VVS":-71.712151},{"data_generator_T":279.0,"data_generator_VVS":-71.76651},{"data_generator_T":279.5,"data_generator_VVS":-71.816231},{"data_generator_T":280.0,"data_generator_VVS":-71.861549},{"data_generator_T":280.5,"data_generator_VVS":-71.902679},{"data_generator_T":281.0,"data_generator_VVS":-71.939827},{"data_generator_T":281.5,"data_generator_VVS":-71.973206},{"data_generator_T":282.0,"data_generator_VVS":-72.002998},{"data_generator_T":282.5,"data_generator_VVS":-72.029373},{"data_generator_T":283.0,"data_generator_VVS":-72.052513},{"data_generator_T":283.5,"data_generator_VVS":-72.072578},{"data_generator_T":284.0,"data_generator_VVS":-72.089714},{"data_generator_T":284.5,"data_generator_VVS":-72.104073},{"data_generator_T":285.0,"data_generator_VVS":-72.115784},{"data_generator_T":285.5,"data_generator_VVS":-72.124985},{"data_generator_T":286.0,"data_generator_VVS":-72.131798},{"data_generator_T":286.5,"data_generator_VVS":-72.136345},{"data_generator_T":287.0,"data_generator_VVS":-72.138725},{"data_generator_T":287.5,"data_generator_VVS":-72.139046},{"data_generator_T":288.0,"data_generator_VVS":-72.137421},{"data_generator_T":288.5,"data_generator_VVS":-72.133934},{"data_generator_T":289.0,"data_generator_VVS":-72.128677},{"data_generator_T":289.5,"data_generator_VVS":-72.121735},{"data_generator_T":290.0,"data_generator_VVS":-72.11319},{"data_generator_T":290.5,"data_generator_VVS":-72.103119},{"data_generator_T":291.0,"data_generator_VVS":-72.091591},{"data_generator_T":291.5,"data_generator_VVS":-72.078682},{"data_generator_T":292.0,"data_generator_VVS":-72.064461},{"data_generator_T":292.5,"data_generator_VVS":-72.048981},{"data_generator_T":293.0,"data_generator_VVS":-72.032303},{"data_generator_T":293.5,"data_generator_VVS":-72.014488},{"data_generator_T":294.0,"data_generator_VVS":-71.995583},{"data_generator_T":294.5,"data_generator_VVS":-71.975647},{"data_generator_T":295.0,"data_generator_VVS":-71.954727},{"data_generator_T":295.5,"data_generator_VVS":-71.932861},{"data_generator_T":296.0,"data_generator_VVS":-71.910095},{"data_generator_T":296.5,"data_generator_VVS":-71.886475},{"data_generator_T":297.0,"data_generator_VVS":-71.862045},{"data_generator_T":297.5,"data_generator_VVS":-71.83683},{"data_generator_T":298.0,"data_generator_VVS":-71.810867},{"data_generator_T":298.5,"data_generator_VVS":-71.784203},{"data_generator_T":299.0,"data_generator_VVS":-71.756859},{"data_generator_T":299.5,"data_generator_VVS":-71.728867},{"data_generator_T":300.0,"data_generator_VVS":-71.700249},{"data_generator_T":300.5,"data_generator_VVS":-71.671051},{"data_generator_T":301.0,"data_generator_VVS":-71.641281},{"data_generator_T":301.5,"data_generator_VVS":-71.610977},{"data_generator_T":302.0,"data_generator_VVS":-71.580154},{"data_generator_T":302.5,"data_generator_VVS":-71.548843},{"data_generator_T":303.0,"data_generator_VVS":-71.517059},{"data_generator_T":303.5,"data_generator_VVS":-71.484825},{"data_generator_T":304.0,"data_generator_VVS":-71.452156},{"data_generator_T":304.5,"data_generator_VVS":-71.419083},{"data_generator_T":305.0,"data_generator_VVS":-71.385605},{"data_generator_T":305.5,"data_generator_VVS":-71.351753},{"data_generator_T":306.0,"data_generator_VVS":-71.317543},{"data_generator_T":306.5,"data_generator_VVS":-71.28299},{"data_generator_T":307.0,"data_generator_VVS":-71.2481},{"data_generator_T":307.5,"data_generator_VVS":-71.212891},{"data_generator_T":308.0,"data_generator_VVS":-71.177376},{"data_generator_T":308.5,"data_generator_VVS":-71.141579},{"data_generator_T":309.0,"data_generator_VVS":-71.105492},{"data_generator_T":309.5,"data_generator_VVS":-71.069145},{"data_generator_T":310.0,"data_generator_VVS":-71.032539},{"data_generator_T":310.5,"data_generator_VVS":-70.995682},{"data_generator_T":311.0,"data_generator_VVS":-70.958595},{"data_generator_T":311.5,"data_generator_VVS":-70.92128},{"data_generator_T":312.0,"data_generator_VVS":-70.883751},{"data_generator_T":312.5,"data_generator_VVS":-70.846008},{"data_generator_T":313.0,"data_generator_VVS":-70.808067},{"data_generator_T":313.5,"data_generator_VVS":-70.769936},{"data_generator_T":314.0,"data_generator_VVS":-70.731613},{"data_generator_T":314.5,"data_generator_VVS":-70.693123},{"data_generator_T":315.0,"data_generator_VVS":-70.654457},{"data_generator_T":315.5,"data_generator_VVS":-70.615623},{"data_generator_T":316.0,"data_generator_VVS":-70.576637},{"data_generator_T":316.5,"data_generator_VVS":-70.537506},{"data_generator_T":317.0,"data_generator_VVS":-70.498222},{"data_generator_T":317.5,"data_generator_VVS":-70.458801},{"data_generator_T":318.0,"data_generator_VVS":-70.419243},{"data_generator_T":318.5,"data_generator_VVS":-70.379555},{"data_generator_T":319.0,"data_generator_VVS":-70.339745},{"data_generator_T":319.5,"data_generator_VVS":-70.299812},{"data_generator_T":320.0,"data_generator_VVS":-70.259773},{"data_generator_T":320.5,"data_generator_VVS":-70.219612},{"data_generator_T":321.0,"data_generator_VVS":-70.179352},{"data_generator_T":321.5,"data_generator_VVS":-70.138985},{"data_generator_T":322.0,"data_generator_VVS":-70.098518},{"data_generator_T":322.5,"data_generator_VVS":-70.057961},{"data_generator_T":323.0,"data_generator_VVS":-70.017303},{"data_generator_T":323.5,"data_generator_VVS":-69.976562},{"data_generator_T":324.0,"data_generator_VVS":-69.935738},{"data_generator_T":324.5,"data_generator_VVS":-69.894829},{"data_generator_T":325.0,"data_generator_VVS":-69.853836},{"data_generator_T":325.5,"data_generator_VVS":-69.812767},{"data_generator_T":326.0,"data_generator_VVS":-69.771629},{"data_generator_T":326.5,"data_generator_VVS":-69.730415},{"data_generator_T":327.0,"data_generator_VVS":-69.689133},{"data_generator_T":327.5,"data_generator_VVS":-69.647781},{"data_generator_T":328.0,"data_generator_VVS":-69.606361},{"data_generator_T":328.5,"data_generator_VVS":-69.56488},{"data_generator_T":329.0,"data_generator_VVS":-69.523346},{"data_generator_T":329.5,"data_generator_VVS":-69.481743},{"data_generator_T":330.0,"data_generator_VVS":-69.440086},{"data_generator_T":330.5,"data_generator_VVS":-69.398369},{"data_generator_T":331.0,"data_generator_VVS":-69.356606},{"data_generator_T":331.5,"data_generator_VVS":-69.314781},{"data_generator_T":332.0,"data_generator_VVS":-69.272911},{"data_generator_T":332.5,"data_generator_VVS":-69.230995},{"data_generator_T":333.0,"data_generator_VVS":-69.189026},{"data_generator_T":333.5,"data_generator_VVS":-69.147003},{"data_generator_T":334.0,"data_generator_VVS":-69.104942},{"data_generator_T":334.5,"data_generator_VVS":-69.062836},{"data_generator_T":335.0,"data_generator_VVS":-69.020683},{"data_generator_T":335.5,"data_generator_VVS":-68.978485},{"data_generator_T":336.0,"data_generator_VVS":-68.936249},{"data_generator_T":336.5,"data_generator_VVS":-68.893974},{"data_generator_T":337.0,"data_generator_VVS":-68.851654},{"data_generator_T":337.5,"data_generator_VVS":-68.809296},{"data_generator_T":338.0,"data_generator_VVS":-68.766899},{"data_generator_T":338.5,"data_generator_VVS":-68.724464},{"data_generator_T":339.0,"data_generator_VVS":-68.681984},{"data_generator_T":339.5,"data_generator_VVS":-68.639473},{"data_generator_T":340.0,"data_generator_VVS":-68.596924},{"data_generator_T":340.5,"data_generator_VVS":-68.554344},{"data_generator_T":341.0,"data_generator_VVS":-68.511719},{"data_generator_T":341.5,"data_generator_VVS":-68.469063},{"data_generator_T":342.0,"data_generator_VVS":-68.426369},{"data_generator_T":342.5,"data_generator_VVS":-68.383636},{"data_generator_T":343.0,"data_generator_VVS":-68.340874},{"data_generator_T":343.5,"data_generator_VVS":-68.298073},{"data_generator_T":344.0,"data_generator_VVS":-68.255234},{"data_generator_T":344.5,"data_generator_VVS":-68.212364},{"data_generator_T":345.0,"data_generator_VVS":-68.169456},{"data_generator_T":345.5,"data_generator_VVS":-68.126518},{"data_generator_T":346.0,"data_generator_VVS":-68.083534},{"data_generator_T":346.5,"data_generator_VVS":-68.04052},{"data_generator_T":347.0,"data_generator_VVS":-67.997467},{"data_generator_T":347.5,"data_generator_VVS":-67.954384},{"data_generator_T":348.0,"data_generator_VVS":-67.911255},{"data_generator_T":348.5,"data_generator_VVS":-67.868095},{"data_generator_T":349.0,"data_generator_VVS":-67.82489},{"data_generator_T":349.5,"data_generator_VVS":-67.781654},{"data_generator_T":350.0,"data_generator_VVS":-67.738373},{"data_generator_T":350.5,"data_generator_VVS":-67.695053},{"data_generator_T":351.0,"data_generator_VVS":-67.651695},{"data_generator_T":351.5,"data_generator_VVS":-67.608299},{"data_generator_T":352.0,"data_generator_VVS":-67.564857},{"data_generator_T":352.5,"data_generator_VVS":-67.52137},{"data_generator_T":353.0,"data_generator_VVS":-67.477844},{"data_generator_T":353.5,"data_generator_VVS":-67.434273},{"data_generator_T":354.0,"data_generator_VVS":-67.390648},{"data_generator_T":354.5,"data_generator_VVS":-67.346985},{"data_generator_T":355.0,"data_generator_VVS":-67.303276},{"data_generator_T":355.5,"data_generator_VVS":-67.259514},{"data_generator_T":356.0,"data_generator_VVS":-67.215698},{"data_generator_T":356.5,"data_generator_VVS":-67.171837},{"data_generator_T":357.0,"data_generator_VVS":-67.127922},{"data_generator_T":357.5,"data_generator_VVS":-67.083946},{"data_generator_T":358.0,"data_generator_VVS":-67.039925},{"data_generator_T":358.5,"data_generator_VVS":-66.995842},{"data_generator_T":359.0,"data_generator_VVS":-66.951698},{"data_generator_T":359.5,"data_generator_VVS":-66.907494},{"data_generator_T":360.0,"data_generator_VVS":-66.863228},{"data_generator_T":360.5,"data_generator_VVS":-66.818901},{"data_generator_T":361.0,"data_generator_VVS":-66.774506},{"data_generator_T":361.5,"data_generator_VVS":-66.730042},{"data_generator_T":362.0,"data_generator_VVS":-66.685509},{"data_generator_T":362.5,"data_generator_VVS":-66.6409},{"data_generator_T":363.0,"data_generator_VVS":-66.596222},{"data_generator_T":363.5,"data_generator_VVS":-66.55146},{"data_generator_T":364.0,"data_generator_VVS":-66.50663},{"data_generator_T":364.5,"data_generator_VVS":-66.461708},{"data_generator_T":365.0,"data_generator_VVS":-66.41671},{"data_generator_T":365.5,"data_generator_VVS":-66.37162},{"data_generator_T":366.0,"data_generator_VVS":-66.326447},{"data_generator_T":366.5,"data_generator_VVS":-66.281174},{"data_generator_T":367.0,"data_generator_VVS":-66.235809},{"data_generator_T":367.5,"data_generator_VVS":-66.190346},{"data_generator_T":368.0,"data_generator_VVS":-66.144783},{"data_generator_T":368.5,"data_generator_VVS":-66.099106},{"data_generator_T":369.0,"data_generator_VVS":-66.053329},{"data_generator_T":369.5,"data_generator_VVS":-66.007439},{"data_generator_T":370.0,"data_generator_VVS":-65.961433},{"data_generator_T":370.5,"data_generator_VVS":-65.915306},{"data_generator_T":371.0,"data_generator_VVS":-65.869057},{"data_generator_T":371.5,"data_generator_VVS":-65.822678},{"data_generator_T":372.0,"data_generator_VVS":-65.776169},{"data_generator_T":372.5,"data_generator_VVS":-65.729523},{"data_generator_T":373.0,"data_generator_VVS":-65.682739},{"data_generator_T":373.5,"data_generator_VVS":-65.635811},{"data_generator_T":374.0,"data_generator_VVS":-65.588722},{"data_generator_T":374.5,"data_generator_VVS":-65.541489},{"data_generator_T":375.0,"data_generator_VVS":-65.494087},{"data_generator_T":375.5,"data_generator_VVS":-65.446518},{"data_generator_T":376.0,"data_generator_VVS":-65.398781},{"data_generator_T":376.5,"data_generator_VVS":-65.350861},{"data_generator_T":377.0,"data_generator_VVS":-65.302757},{"data_generator_T":377.5,"data_generator_VVS":-65.254463},{"data_generator_T":378.0,"data_generator_VVS":-65.205971},{"data_generator_T":378.5,"data_generator_VVS":-65.157272},{"data_generator_T":379.0,"data_generator_VVS":-65.108368},{"data_generator_T":379.5,"data_generator_VVS":-65.059235},{"data_generator_T":380.0,"data_generator_VVS":-65.00988},{"data_generator_T":380.5,"data_generator_VVS":-64.960281},{"data_generator_T":381.0,"data_generator_VVS":-64.910446},{"data_generator_T":381.5,"data_generator_VVS":-64.860352},{"data_generator_T":382.0,"data_generator_VVS":-64.80999},{"data_generator_T":382.5,"data_generator_VVS":-64.759361},{"data_generator_T":383.0,"data_generator_VVS":-64.70845},{"data_generator_T":383.5,"data_generator_VVS":-64.657242},{"data_generator_T":384.0,"data_generator_VVS":-64.605728},{"data_generator_T":384.5,"data_generator_VVS":-64.553894},{"data_generator_T":385.0,"data_generator_VVS":-64.50174},{"data_generator_T":385.5,"data_generator_VVS":-64.449234},{"data_generator_T":386.0,"data_generator_VVS":-64.396378},{"data_generator_T":386.5,"data_generator_VVS":-64.343147},{"data_generator_T":387.0,"data_generator_VVS":-64.289536},{"data_generator_T":387.5,"data_generator_VVS":-64.235527},{"data_generator_T":388.0,"data_generator_VVS":-64.181099},{"data_generator_T":388.5,"data_generator_VVS":-64.126236},{"data_generator_T":389.0,"data_generator_VVS":-64.070923},{"data_generator_T":389.5,"data_generator_VVS":-64.015137},{"data_generator_T":390.0,"data_generator_VVS":-63.958858},{"data_generator_T":390.5,"data_generator_VVS":-63.902069},{"data_generator_T":391.0,"data_generator_VVS":-63.844749},{"data_generator_T":391.5,"data_generator_VVS":-63.786869},{"data_generator_T":392.0,"data_generator_VVS":-63.728405},{"data_generator_T":392.5,"data_generator_VVS":-63.669331},{"data_generator_T":393.0,"data_generator_VVS":-63.609619},{"data_generator_T":393.5,"data_generator_VVS":-63.54924},{"data_generator_T":394.0,"data_generator_VVS":-63.488163},{"data_generator_T":394.5,"data_generator_VVS":-63.426353},{"data_generator_T":395.0,"data_generator_VVS":-63.363777},{"data_generator_T":395.5,"data_generator_VVS":-63.300392},{"data_generator_T":396.0,"data_generator_VVS":-63.23616},{"data_generator_T":396.5,"data_generator_VVS":-63.17104},{"data_generator_T":397.0,"data_generator_VVS":-63.104984},{"data_generator_T":397.5,"data_generator_VVS":-63.037941},{"data_generator_T":398.0,"data_generator_VVS":-62.96986},{"data_generator_T":398.5,"data_generator_VVS":-62.900681},{"data_generator_T":399.0,"data_generator_VVS":-62.830341},{"data_generator_T":399.5,"data_generator_VVS":-62.758781},{"data_generator_T":400.0,"data_generator_VVS":-62.685921},{"data_generator_T":400.5,"data_generator_VVS":-62.611691},{"data_generator_T":401.0,"data_generator_VVS":-62.535999},{"data_generator_T":401.5,"data_generator_VVS":-62.458759},{"data_generator_T":402.0,"data_generator_VVS":-62.379871},{"data_generator_T":402.5,"data_generator_VVS":-62.299229},{"data_generator_T":403.0,"data_generator_VVS":-62.216705},{"data_generator_T":403.5,"data_generator_VVS":-62.132179},{"data_generator_T":404.0,"data_generator_VVS":-62.045506},{"data_generator_T":404.5,"data_generator_VVS":-61.956528},{"data_generator_T":405.0,"data_generator_VVS":-61.865067},{"data_generator_T":405.5,"data_generator_VVS":-61.770935},{"data_generator_T":406.0,"data_generator_VVS":-61.673912},{"data_generator_T":406.5,"data_generator_VVS":-61.573765},{"data_generator_T":407.0,"data_generator_VVS":-61.470222},{"data_generator_T":407.5,"data_generator_VVS":-61.36298},{"data_generator_T":408.0,"data_generator_VVS":-61.251694},{"data_generator_T":408.5,"data_generator_VVS":-61.135975},{"data_generator_T":409.0,"data_generator_VVS":-61.015385},{"data_generator_T":409.5,"data_generator_VVS":-60.889404},{"data_generator_T":410.0,"data_generator_VVS":-60.757446},{"data_generator_T":410.5,"data_generator_VVS":-60.618824},{"data_generator_T":411.0,"data_generator_VVS":-60.472729},{"data_generator_T":411.5,"data_generator_VVS":-60.318207},{"data_generator_T":412.0,"data_generator_VVS":-60.154118},{"data_generator_T":412.5,"data_generator_VVS":-59.979088},{"data_generator_T":413.0,"data_generator_VVS":-59.791443},{"data_generator_T":413.5,"data_generator_VVS":-59.589108},{"data_generator_T":414.0,"data_generator_VVS":-59.36948},{"data_generator_T":414.5,"data_generator_VVS":-59.129238},{"data_generator_T":415.0,"data_generator_VVS":-58.864044},{"data_generator_T":415.5,"data_generator_VVS":-58.568108},{"data_generator_T":416.0,"data_generator_VVS":-58.233471},{"data_generator_T":416.5,"data_generator_VVS":-57.848766},{"data_generator_T":417.0,"data_generator_VVS":-57.397049},{"data_generator_T":417.5,"data_generator_VVS":-56.851479},{"data_generator_T":418.0,"data_generator_VVS":-56.165993},{"data_generator_T":418.5,"data_generator_VVS":-55.251831},{"data_generator_T":419.0,"data_generator_VVS":-53.903542},{"data_generator_T":419.5,"data_generator_VVS":-51.453575},{"data_generator_T":420.0,"data_generator_VVS":-42.966248},{"data_generator_T":420.5,"data_generator_VVS":-15.718087},{"data_generator_T":421.0,"data_generator_VVS":-53.575462},{"data_generator_T":421.5,"data_generator_VVS":-54.912876},{"data_generator_T":422.0,"data_generator_VVS":-54.067394},{"data_generator_T":422.5,"data_generator_VVS":-52.274456},{"data_generator_T":423.0,"data_generator_VVS":-47.526356},{"data_generator_T":423.5,"data_generator_VVS":19.765352},{"data_generator_T":424.0,"data_generator_VVS":-49.925049},{"data_generator_T":424.5,"data_generator_VVS":-54.689987},{"data_generator_T":425.0,"data_generator_VVS":-54.291153},{"data_generator_T":425.5,"data_generator_VVS":-52.973461},{"data_generator_T":426.0,"data_generator_VVS":-50.006355},{"data_generator_T":426.5,"data_generator_VVS":-33.083302},{"data_generator_T":427.0,"data_generator_VVS":-38.710735},{"data_generator_T":427.5,"data_generator_VVS":-54.40715},{"data_generator_T":428.0,"data_generator_VVS":-54.962563},{"data_generator_T":428.5,"data_generator_VVS":-54.356068},{"data_generator_T":429.0,"data_generator_VVS":-53.159172},{"data_generator_T":429.5,"data_generator_VVS":-50.642731},{"data_generator_T":430.0,"data_generator_VVS":-39.886322},{"data_generator_T":430.5,"data_generator_VVS":-28.03084},{"data_generator_T":431.0,"data_generator_VVS":-54.157433},{"data_generator_T":431.5,"data_generator_VVS":-55.430969},{"data_generator_T":432.0,"data_generator_VVS":-55.24612},{"data_generator_T":432.5,"data_generator_VVS":-54.747234},{"data_generator_T":433.0,"data_generator_VVS":-53.914513},{"data_generator_T":433.5,"data_generator_VVS":-52.423519},{"data_generator_T":434.0,"data_generator_VVS":-48.77224},{"data_generator_T":434.5,"data_generator_VVS":10.055138},{"data_generator_T":435.0,"data_generator_VVS":-46.800777},{"data_generator_T":435.5,"data_generator_VVS":-55.425907},{"data_generator_T":436.0,"data_generator_VVS":-56.013721},{"data_generator_T":436.5,"data_generator_VVS":-56.036373},{"data_generator_T":437.0,"data_generator_VVS":-55.948692},{"data_generator_T":437.5,"data_generator_VVS":-55.7929},{"data_generator_T":438.0,"data_generator_VVS":-55.563236},{"data_generator_T":438.5,"data_generator_VVS":-55.233833},{"data_generator_T":439.0,"data_generator_VVS":-54.75222},{"data_generator_T":439.5,"data_generator_VVS":-54.008762},{"data_generator_T":440.0,"data_generator_VVS":-52.726723},{"data_generator_T":440.5,"data_generator_VVS":-49.850105},{"data_generator_T":441.0,"data_generator_VVS":-32.149517},{"data_generator_T":441.5,"data_generator_VVS":-39.631241},{"data_generator_T":442.0,"data_generator_VVS":-55.2075},{"data_generator_T":442.5,"data_generator_VVS":-56.328133},{"data_generator_T":443.0,"data_generator_VVS":-56.599026},{"data_generator_T":443.5,"data_generator_VVS":-56.79142},{"data_generator_T":444.0,"data_generator_VVS":-56.986771},{"data_generator_T":444.5,"data_generator_VVS":-57.205276},{"data_generator_T":445.0,"data_generator_VVS":-57.455959},{"data_generator_T":445.5,"data_generator_VVS":-57.743675},{"data_generator_T":446.0,"data_generator_VVS":-58.070637},{"data_generator_T":446.5,"data_generator_VVS":-58.436821},{"data_generator_T":447.0,"data_generator_VVS":-58.840168},{"data_generator_T":447.5,"data_generator_VVS":-59.276878},{"data_generator_T":448.0,"data_generator_VVS":-59.741783},{"data_generator_T":448.5,"data_generator_VVS":-60.228863},{"data_generator_T":449.0,"data_generator_VVS":-60.731731},{"data_generator_T":449.5,"data_generator_VVS":-61.244122},{"data_generator_T":450.0,"data_generator_VVS":-61.760208},{"data_generator_T":450.5,"data_generator_VVS":-62.274826},{"data_generator_T":451.0,"data_generator_VVS":-62.7836},{"data_generator_T":451.5,"data_generator_VVS":-63.282944},{"data_generator_T":452.0,"data_generator_VVS":-63.770023},{"data_generator_T":452.5,"data_generator_VVS":-64.242683},{"data_generator_T":453.0,"data_generator_VVS":-64.699348},{"data_generator_T":453.5,"data_generator_VVS":-65.138954},{"data_generator_T":454.0,"data_generator_VVS":-65.560806},{"data_generator_T":454.5,"data_generator_VVS":-65.964569},{"data_generator_T":455.0,"data_generator_VVS":-66.350136},{"data_generator_T":455.5,"data_generator_VVS":-66.717621},{"data_generator_T":456.0,"data_generator_VVS":-67.067284},{"data_generator_T":456.5,"data_generator_VVS":-67.39949},{"data_generator_T":457.0,"data_generator_VVS":-67.714714},{"data_generator_T":457.5,"data_generator_VVS":-68.013458},{"data_generator_T":458.0,"data_generator_VVS":-68.296288},{"data_generator_T":458.5,"data_generator_VVS":-68.563797},{"data_generator_T":459.0,"data_generator_VVS":-68.816574},{"data_generator_T":459.5,"data_generator_VVS":-69.055229},{"data_generator_T":460.0,"data_generator_VVS":-69.280357},{"data_generator_T":460.5,"data_generator_VVS":-69.492569},{"data_generator_T":461.0,"data_generator_VVS":-69.692429},{"data_generator_T":461.5,"data_generator_VVS":-69.880508},{"data_generator_T":462.0,"data_generator_VVS":-70.057358},{"data_generator_T":462.5,"data_generator_VVS":-70.223511},{"data_generator_T":463.0,"data_generator_VVS":-70.379486},{"data_generator_T":463.5,"data_generator_VVS":-70.525764},{"data_generator_T":464.0,"data_generator_VVS":-70.662819},{"data_generator_T":464.5,"data_generator_VVS":-70.791115},{"data_generator_T":465.0,"data_generator_VVS":-70.911072},{"data_generator_T":465.5,"data_generator_VVS":-71.023109},{"data_generator_T":466.0,"data_generator_VVS":-71.127625},{"data_generator_T":466.5,"data_generator_VVS":-71.224983},{"data_generator_T":467.0,"data_generator_VVS":-71.315552},{"data_generator_T":467.5,"data_generator_VVS":-71.399658},{"data_generator_T":468.0,"data_generator_VVS":-71.477646},{"data_generator_T":468.5,"data_generator_VVS":-71.549805},{"data_generator_T":469.0,"data_generator_VVS":-71.616432},{"data_generator_T":469.5,"data_generator_VVS":-71.677811},{"data_generator_T":470.0,"data_generator_VVS":-71.7342},{"data_generator_T":470.5,"data_generator_VVS":-71.785851},{"data_generator_T":471.0,"data_generator_VVS":-71.833},{"data_generator_T":471.5,"data_generator_VVS":-71.875885},{"data_generator_T":472.0,"data_generator_VVS":-71.914696},{"data_generator_T":472.5,"data_generator_VVS":-71.949661},{"data_generator_T":473.0,"data_generator_VVS":-71.980957},{"data_generator_T":473.5,"data_generator_VVS":-72.008766},{"data_generator_T":474.0,"data_generator_VVS":-72.033272},{"data_generator_T":474.5,"data_generator_VVS":-72.054634},{"data_generator_T":475.0,"data_generator_VVS":-72.073013},{"data_generator_T":475.5,"data_generator_VVS":-72.088547},{"data_generator_T":476.0,"data_generator_VVS":-72.101387},{"data_generator_T":476.5,"data_generator_VVS":-72.111656},{"data_generator_T":477.0,"data_generator_VVS":-72.119484},{"data_generator_T":477.5,"data_generator_VVS":-72.125},{"data_generator_T":478.0,"data_generator_VVS":-72.128304},{"data_generator_T":478.5,"data_generator_VVS":-72.129509},{"data_generator_T":479.0,"data_generator_VVS":-72.128723},{"data_generator_T":479.5,"data_generator_VVS":-72.126038},{"data_generator_T":480.0,"data_generator_VVS":-72.121544},{"data_generator_T":480.5,"data_generator_VVS":-72.115326},{"data_generator_T":481.0,"data_generator_VVS":-72.107475},{"data_generator_T":481.5,"data_generator_VVS":-72.098068},{"data_generator_T":482.0,"data_generator_VVS":-72.087181},{"data_generator_T":482.5,"data_generator_VVS":-72.074875},{"data_generator_T":483.0,"data_generator_VVS":-72.061226},{"data_generator_T":483.5,"data_generator_VVS":-72.046295},{"data_generator_T":484.0,"data_generator_VVS":-72.030144},{"data_generator_T":484.5,"data_generator_VVS":-72.012825},{"data_generator_T":485.0,"data_generator_VVS":-71.994408},{"data_generator_T":485.5,"data_generator_VVS":-71.974922},{"data_generator_T":486.0,"data_generator_VVS":-71.954437},{"data_generator_T":486.5,"data_generator_VVS":-71.932991},{"data_generator_T":487.0,"data_generator_VVS":-71.910629},{"data_generator_T":487.5,"data_generator_VVS":-71.88739},{"data_generator_T":488.0,"data_generator_VVS":-71.863327},{"data_generator_T":488.5,"data_generator_VVS":-71.838455},{"data_generator_T":489.0,"data_generator_VVS":-71.812836},{"data_generator_T":489.5,"data_generator_VVS":-71.786484},{"data_generator_T":490.0,"data_generator_VVS":-71.759445},{"data_generator_T":490.5,"data_generator_VVS":-71.73175},{"data_generator_T":491.0,"data_generator_VVS":-71.703415},{"data_generator_T":491.5,"data_generator_VVS":-71.674484},{"data_generator_T":492.0,"data_generator_VVS":-71.644974},{"data_generator_T":492.5,"data_generator_VVS":-71.614922},{"data_generator_T":493.0,"data_generator_VVS":-71.584335},{"data_generator_T":493.5,"data_generator_VVS":-71.553246},{"data_generator_T":494.0,"data_generator_VVS":-71.521683},{"data_generator_T":494.5,"data_generator_VVS":-71.489655},{"data_generator_T":495.0,"data_generator_VVS":-71.457191},{"data_generator_T":495.5,"data_generator_VVS":-71.424301},{"data_generator_T":496.0,"data_generator_VVS":-71.391014},{"data_generator_T":496.5,"data_generator_VVS":-71.357346},{"data_generator_T":497.0,"data_generator_VVS":-71.323303},{"data_generator_T":497.5,"data_generator_VVS":-71.28891},{"data_generator_T":498.0,"data_generator_VVS":-71.254173},{"data_generator_T":498.5,"data_generator_VVS":-71.219116},{"data_generator_T":499.0,"data_generator_VVS":-71.183754},{"data_generator_T":499.5,"data_generator_VVS":-71.148094},{"data_generator_T":500.0,"data_generator_VVS":-71.112144}]