[{"data_set_value_component_environment_variable_time":0.0,"data_set_value_component_x_variable_x":3.0,"data_set_value_component_x_variable_lamda":2.0,"data_set_value_component_x_variable_d":0.01,"data_set_value_component_y_variable_y":6.0,"data_set_value_component_y_variable_a":0.33,"data_set_value_component_z_variable_z":0.0,"data_set_value_component_z_variable_b":2.0,"data_set_value_component_v_variable_v":149.0,"data_set_value_component_v_variable_k":50.0,"data_set_value_component_v_variable_u":2.0,"data_set_value_component_w_variable_w":1.0,"data_set_value_component_w_variable_c":2000.0,"data_set_value_component_w_variable_q":2.0,"data_set_value_component_model_parameters_variable_alpha":0.004,"data_set_value_component_model_parameters_variable_beta":0.004},{"data_set_value_component_environment_variable_time":0.1,"data_set_value_component_x_variable_x":3.0175687763,"data_set_value_component_x_variable_lamda":2.0,"data_set_value_component_x_variable_d":0.01,"data_set_value_component_y_variable_y":5.9794265243,"data_set_value_component_y_variable_a":0.33,"data_set_value_component_z_variable_z":0.0021219808,"data_set_value_component_z_variable_b":2.0,"data_set_value_component_v_variable_v":149.1324100078,"data_set_value_component_v_variable_k":50.0,"data_set_value_component_v_variable_u":2.0,"data_set_value_component_w_variable_w":1.0229640641,"data_set_value_component_w_variable_c":2000.0,"data_set_value_component_w_variable_q":2.0,"data_set_value_component_model_parameters_variable_alpha":0.004,"data_set_value_component_model_parameters_variable_beta":0.004},{"data_set_value_component_environment_variable_time":0.2,"data_set_value_component_x_variable_x":3.0340189317,"data_set_value_component_x_variable_lamda":2.0,"data_set_value_component_x_variable_d":0.01,"data_set_value_component_y_variable_y":5.960103455,"data_set_value_component_y_variable_a":0.33,"data_set_value_component_z_variable_z":0.0043316902,"data_set_value_component_z_variable_b":2.0,"data_set_value_component_v_variable_v":149.1509395339,"data_set_value_component_v_variable_k":50.0,"data_set_value_component_v_variable_u":2.0,"data_set_value_component_w_variable_w":1.4215160734,"data_set_value_component_w_variable_c":2000.0,"data_set_value_component_w_variable_q":2.0,"data_set_value_component_model_parameters_variable_alpha":0.004,"data_set_value_component_model_parameters_variable_beta":0.004},{"data_set_value_component_environment_variable_time":0.3,"data_set_value_component_x_variable_x":3.0495346492,"data_set_value_component_x_variable_lamda":2.0,"data_set_value_component_x_variable_d":0.01,"data_set_value_component_y_variable_y":5.9409357985,"data_set_value_component_y_variable_a":0.33,"data_set_value_component_z_variable_z":0.0074194524,"data_set_value_component_z_variable_b":2.0,"data_set_value_component_v_variable_v":149.0793252314,"data_set_value_component_v_variable_k":50.0,"data_set_value_component_v_variable_u":2.0,"data_set_value_component_w_variable_w":2.2191092034,"data_set_value_component_w_variable_c":2000.0,"data_set_value_component_w_variable_q":2.0,"data_set_value_component_model_parameters_variable_alpha":0.004,"data_set_value_component_model_parameters_variable_beta":0.004},{"data_set_value_component_environment_variable_time":0.4,"data_set_value_component_x_variable_x":3.0642687679,"data_set_value_component_x_variable_lamda":2.0,"data_set_value_component_x_variable_d":0.01,"data_set_value_component_y_variable_y":5.9206825096,"data_set_value_component_y_variable_a":0.33,"data_set_value_component_z_variable_z":0.0122319865,"data_set_value_component_z_variable_b":2.0,"data_set_value_component_v_variable_v":148.9318230811,"data_set_value_component_v_variable_k":50.0,"data_set_value_component_v_variable_u":2.0,"data_set_value_component_w_variable_w":3.578740553,"data_set_value_component_w_variable_c":2000.0,"data_set_value_component_w_variable_q":2.0,"data_set_value_component_model_parameters_variable_alpha":0.004,"data_set_value_component_model_parameters_variable_beta":0.004},{"data_set_value_component_environment_variable_time":0.5,"data_set_value_component_x_variable_x":3.0783549786,"data_set_value_component_x_variable_lamda":2.0,"data_set_value_component_x_variable_d":0.01,"data_set_value_component_y_variable_y":5.8976264896,"data_set_value_component_y_variable_a":0.33,"data_set_value_component_z_variable_z":0.019959843,"data_set_value_component_z_variable_b":2.0,"data_set_value_component_v_variable_v":148.7134956716,"data_set_value_component_v_variable_k":50.0,"data_set_value_component_v_variable_u":2.0,"data_set_value_component_w_variable_w":5.8153498988,"data_set_value_component_w_variable_c":2000.0,"data_set_value_component_w_variable_q":2.0,"data_set_value_component_model_parameters_variable_alpha":0.004,"data_set_value_component_model_parameters_variable_beta":0.004},{"data_set_value_component_environment_variable_time":0.6,"data_set_value_component_x_variable_x":3.0919203057,"data_set_value_component_x_variable_lamda":2.0,"data_set_value_component_x_variable_d":0.01,"data_set_value_component_y_variable_y":5.869179186,"data_set_value_component_y_variable_a":0.33,"data_set_value_component_z_variable_z":0.0324439675,"data_set_value_component_z_variable_b":2.0,"data_set_value_component_v_variable_v":148.4188402851,"data_set_value_component_v_variable_k":50.0,"data_set_value_component_v_variable_u":2.0,"data_set_value_component_w_variable_w":9.458271571,"data_set_value_component_w_variable_c":2000.0,"data_set_value_component_w_variable_q":2.0,"data_set_value_component_model_parameters_variable_alpha":0.004,"data_set_value_component_model_parameters_variable_beta":0.004},{"data_set_value_component_environment_variable_time":0.7,"data_set_value_component_x_variable_x":3.1050999237,"data_set_value_component_x_variable_lamda":2.0,"data_set_value_component_x_variable_d":0.01,"data_set_value_component_y_variable_y":5.8313187564,"data_set_value_component_y_variable_a":0.33,"data_set_value_component_z_variable_z":0.0525909973,"data_set_value_component_z_variable_b":2.0,"data_set_value_component_v_variable_v":148.0285205622,"data_set_value_component_v_variable_k":50.0,"data_set_value_component_v_variable_u":2.0,"data_set_value_component_w_variable_w":15.3669394415,"data_set_value_component_w_variable_c":2000.0,"data_set_value_component_w_variable_q":2.0,"data_set_value_component_model_parameters_variable_alpha":0.004,"data_set_value_component_model_parameters_variable_beta":0.004},{"data_set_value_component_environment_variable_time":0.8,"data_set_value_component_x_variable_x":3.1180568645,"data_set_value_component_x_variable_lamda":2.0,"data_set_value_component_x_variable_d":0.01,"data_set_value_component_y_variable_y":5.7777643246,"data_set_value_component_y_variable_a":0.33,"data_set_value_component_z_variable_z":0.0849700887,"data_set_value_component_z_variable_b":2.0,"data_set_value_component_v_variable_v":147.5035634548,"data_set_value_component_v_variable_k":50.0,"data_set_value_component_v_variable_u":2.0,"data_set_value_component_w_variable_w":24.9168922241,"data_set_value_component_w_variable_c":2000.0,"data_set_value_component_w_variable_q":2.0,"data_set_value_component_model_parameters_variable_alpha":0.004,"data_set_value_component_model_parameters_variable_beta":0.004},{"data_set_value_component_environment_variable_time":0.9,"data_set_value_component_x_variable_x":3.1310101087,"data_set_value_component_x_variable_lamda":2.0,"data_set_value_component_x_variable_d":0.01,"data_set_value_component_y_variable_y":5.6988015572,"data_set_value_component_y_variable_a":0.33,"data_set_value_component_z_variable_z":0.1366407834,"data_set_value_component_z_variable_b":2.0,"data_set_value_component_v_variable_v":146.776073559,"data_set_value_component_v_variable_k":50.0,"data_set_value_component_v_variable_u":2.0,"data_set_value_component_w_variable_w":40.2815177126,"data_set_value_component_w_variable_c":2000.0,"data_set_value_component_w_variable_q":2.0,"data_set_value_component_model_parameters_variable_alpha":0.004,"data_set_value_component_model_parameters_variable_beta":0.004},{"data_set_value_component_environment_variable_time":1.0,"data_set_value_component_x_variable_x":3.1442757639,"data_set_value_component_x_variable_lamda":2.0,"data_set_value_component_x_variable_d":0.01,"data_set_value_component_y_variable_y":5.5797608088,"data_set_value_component_y_variable_a":0.33,"data_set_value_component_z_variable_z":0.2181730564,"data_set_value_component_z_variable_b":2.0,"data_set_value_component_v_variable_v":145.7354600759,"data_set_value_component_v_variable_k":50.0,"data_set_value_component_v_variable_u":2.0,"data_set_value_component_w_variable_w":64.8326858311,"data_set_value_component_w_variable_c":2000.0,"data_set_value_component_w_variable_q":2.0,"data_set_value_component_model_parameters_variable_alpha":0.004,"data_set_value_component_model_parameters_variable_beta":0.004}]