[{"data_set_value_component_environment_variable_time":0.0,"data_set_value_component_A_variable_K1":0.6,"data_set_value_component_A_variable_K1a":0.1,"data_set_value_component_A_variable_K2":20.0,"data_set_value_component_A_variable_K2a":0.05,"data_set_value_component_A_variable_K2aa":1.0,"data_set_value_component_A_variable_K3":140.0,"data_set_value_component_A_variable_K3a":7.5,"data_set_value_component_A_variable_K4":40.0,"data_set_value_component_A_variable_J1":0.1,"data_set_value_component_A_variable_J3":0.01,"data_set_value_component_A_variable_J4":0.04,"data_set_value_component_A_variable_v_20":7.730888379,"data_set_value_component_A_variable_v_21":2.0259144666,"data_set_value_component_A_variable_v_42":0.6991954227,"data_set_value_component_A_variable_v_19":0.1780240991,"data_set_value_component_A_variable_GA":0.3,"data_set_value_component_A_variable_GB":1.0,"data_set_value_component_A_variable_GE":0.0,"data_set_value_component_A_variable_V_2":0.0652346661,"data_set_value_component_A_variable_V_4":126.072,"data_set_value_component_A_variable_Cdh1":0.000653278,"data_set_value_component_A_variable_CYCB":2.72898,"data_set_value_component_B_variable_k15":0.25,"data_set_value_component_B_variable_k16":0.25,"data_set_value_component_B_variable_k17":10.0,"data_set_value_component_B_variable_k17a":0.35,"data_set_value_component_B_variable_k18":10.0,"data_set_value_component_B_variable_K9":2.5,"data_set_value_component_B_variable_J17":0.3,"data_set_value_component_B_variable_J15":0.1,"data_set_value_component_B_variable_v_1":0.003045225,"data_set_value_component_B_variable_v_2":9.00533,"data_set_value_component_B_variable_v_34":0.0030452165,"data_set_value_component_B_variable_v_39":2.2513325,"data_set_value_component_B_variable_v_41":9.0053284948,"data_set_value_component_B_variable_DRG":0.900533,"data_set_value_component_B_variable_ERG":0.0121809,"data_set_value_component_C_variable_K19":20.0,"data_set_value_component_C_variable_K19a":0.0,"data_set_value_component_C_variable_K20":10.0,"data_set_value_component_C_variable_K21":1.0,"data_set_value_component_C_variable_K22":1.0,"data_set_value_component_C_variable_K23a":0.005,"data_set_value_component_C_variable_K23":1.0,"data_set_value_component_C_variable_K26":10000.0,"data_set_value_component_C_variable_K26R":200.0,"data_set_value_component_C_variable_v_29":0.8631832862,"data_set_value_component_C_variable_v_30":3.4753999723,"data_set_value_component_C_variable_v_43":0.0344023539,"data_set_value_component_C_variable_v_44":1.151555512,"data_set_value_component_C_variable_v_45":0.957822,"data_set_value_component_C_variable_v_46":4.1018881927,"data_set_value_component_C_variable_v_47":3.98594,"data_set_value_component_C_variable_v_48":1.8895961781,"data_set_value_component_C_variable_v_49":3.85644,"data_set_value_component_C_variable_v_50":7.6080035374,"data_set_value_component_C_variable_v_51":0.0192822,"data_set_value_component_C_variable_v_52":0.0198431026,"data_set_value_component_C_variable_LA":3.0,"data_set_value_component_C_variable_LB":5.0,"data_set_value_component_C_variable_LD":3.3,"data_set_value_component_C_variable_LE":5.0,"data_set_value_component_C_variable_FE":25.0,"data_set_value_component_C_variable_FB":2.0,"data_set_value_component_C_variable_Rb":0.000190871,"data_set_value_component_C_variable_PPRb":9.97574,"data_set_value_component_C_variable_E2F":0.989986,"data_set_value_component_C_variable_PE2F":3.98594,"data_set_value_component_C_variable_E2FRb":0.00478911,"data_set_value_component_C_variable_PE2FRb":0.0192822,"data_set_value_component_C_variable_PP1A":0.0057717799,"data_set_value_component_C_variable_PP1T":1.0,"data_set_value_component_C_variable_CYCDT":0.010976,"data_set_value_component_D_variable_K5":20.0,"data_set_value_component_D_variable_K6a":10.0,"data_set_value_component_D_variable_K6":100.0,"data_set_value_component_D_variable_K7a":0.0,"data_set_value_component_D_variable_K7":0.6,"data_set_value_component_D_variable_K8a":0.1,"data_set_value_component_D_variable_K8":2.0,"data_set_value_component_D_variable_K10":5.0,"data_set_value_component_D_variable_k24":1000.0,"data_set_value_component_D_variable_k24r":10.0,"data_set_value_component_D_variable_K25":1000.0,"data_set_value_component_D_variable_K25R":10.0,"data_set_value_component_D_variable_K29":0.05,"data_set_value_component_D_variable_K30":20.0,"data_set_value_component_D_variable_J8":0.1,"data_set_value_component_D_variable_v_3":0.05488,"data_set_value_component_D_variable_v_4":2.19645,"data_set_value_component_D_variable_v_5":0.2114259283,"data_set_value_component_D_variable_v_6":13.006027764,"data_set_value_component_D_variable_v_7":4.0537944774,"data_set_value_component_D_variable_v_8":0.10976,"data_set_value_component_D_variable_v_9":0.0620634928,"data_set_value_component_D_variable_v_10":0.0015717423,"data_set_value_component_D_variable_v_11":0.00542587,"data_set_value_component_D_variable_v_12":0.356927,"data_set_value_component_D_variable_v_13":0.0169861662,"data_set_value_component_D_variable_v_14":0.7172553907,"data_set_value_component_D_variable_v_15":3.2714724025,"data_set_value_component_D_variable_v_16":0.192354449,"data_set_value_component_D_variable_v_17":3.8911408346,"data_set_value_component_D_variable_v_18":12.653546143,"data_set_value_component_D_variable_v_36":0.0835429386,"data_set_value_component_D_variable_v_38":0.5939916,"data_set_value_component_D_variable_v_40":20.0,"data_set_value_component_D_variable_HA":0.5,"data_set_value_component_D_variable_HB":1.0,"data_set_value_component_D_variable_HE":0.5,"data_set_value_component_D_variable_YE":1.0,"data_set_value_component_D_variable_YB":0.05,"data_set_value_component_D_variable_p27":0.00922806,"data_set_value_component_D_variable_V_6":354.51356,"data_set_value_component_D_variable_V_8":31.3058849252,"data_set_value_component_D_variable_Cdc20":0.00220177,"data_set_value_component_D_variable_CA":0.0356927,"data_set_value_component_D_variable_CD":0.010976,"data_set_value_component_D_variable_CE":0.000542587,"data_set_value_component_D_variable_CYCA":1.4094,"data_set_value_component_D_variable_CYCD":0.43929,"data_set_value_component_D_variable_CYCE":0.0229112,"data_set_value_component_D_variable_CYCET":0.000542587,"data_set_value_component_E_variable_eps":1.0,"data_set_value_component_E_variable_K27":0.2,"data_set_value_component_E_variable_K28":0.2,"data_set_value_component_E_variable_v_31":0.337552,"data_set_value_component_E_variable_v_32":0.27113,"data_set_value_component_E_variable_v_33":0.08269465,"data_set_value_component_E_variable_r31switch":1.0,"data_set_value_component_E_variable_MU":0.061,"data_set_value_component_E_variable_GM":1.35565,"data_set_value_component_E_variable_MASS":1.68776,"data_set_value_component_F_variable_K11a":0.0,"data_set_value_component_F_variable_K11":1.5,"data_set_value_component_F_variable_K12":1.5,"data_set_value_component_F_variable_K13":5.0,"data_set_value_component_F_variable_K14":2.5,"data_set_value_component_F_variable_K31":0.7,"data_set_value_component_F_variable_K32":1.8,"data_set_value_component_F_variable_K33":0.05,"data_set_value_component_F_variable_K34":0.05,"data_set_value_component_F_variable_J13":0.005,"data_set_value_component_F_variable_J14":0.005,"data_set_value_component_F_variable_J31":0.01,"data_set_value_component_F_variable_J32":0.01,"data_set_value_component_F_variable_v_22":0.05,"data_set_value_component_F_variable_v_23":1.8879524855,"data_set_value_component_F_variable_v_24":1.6906805138,"data_set_value_component_F_variable_v_25":3.550995,"data_set_value_component_F_variable_v_26":0.7716437064,"data_set_value_component_F_variable_v_27":0.764315578,"data_set_value_component_F_variable_v_28":0.003302655,"data_set_value_component_F_variable_v_35":4.09347,"data_set_value_component_F_variable_v_37":0.05,"data_set_value_component_F_variable_IEP":0.154655,"data_set_value_component_F_variable_PPX":1.0,"data_set_value_component_F_variable_Cdc20T":2.36733},{"data_set_value_component_environment_variable_time":0.1,"data_set_value_component_A_variable_K1":0.6,"data_set_value_component_A_variable_K1a":0.1,"data_set_value_component_A_variable_K2":20.0,"data_set_value_component_A_variable_K2a":0.05,"data_set_value_component_A_variable_K2aa":1.0,"data_set_value_component_A_variable_K3":140.0,"data_set_value_component_A_variable_K3a":7.5,"data_set_value_component_A_variable_K4":40.0,"data_set_value_component_A_variable_J1":0.1,"data_set_value_component_A_variable_J3":0.01,"data_set_value_component_A_variable_J4":0.04,"data_set_value_component_A_variable_v_20":7.7307406949,"data_set_value_component_A_variable_v_21":7.731100877,"data_set_value_component_A_variable_v_42":0.6992192424,"data_set_value_component_A_variable_v_19":0.2870172676,"data_set_value_component_A_variable_GA":0.3,"data_set_value_component_A_variable_GB":1.0,"data_set_value_component_A_variable_GE":0.0,"data_set_value_component_A_variable_V_2":0.1036032191,"data_set_value_component_A_variable_V_4":127.7553143899,"data_set_value_component_A_variable_Cdh1":0.0025765137,"data_set_value_component_A_variable_CYCB":2.7703508646,"data_set_value_component_B_variable_k15":0.25,"data_set_value_component_B_variable_k16":0.25,"data_set_value_component_B_variable_k17":10.0,"data_set_value_component_B_variable_k17a":0.35,"data_set_value_component_B_variable_k18":10.0,"data_set_value_component_B_variable_K9":2.5,"data_set_value_component_B_variable_J17":0.3,"data_set_value_component_B_variable_J15":0.1,"data_set_value_component_B_variable_v_1":0.0030452248,"data_set_value_component_B_variable_v_2":9.005328964,"data_set_value_component_B_variable_v_34":0.0030452172,"data_set_value_component_B_variable_v_39":2.251332241,"data_set_value_component_B_variable_v_41":9.0053282877,"data_set_value_component_B_variable_DRG":0.9005328964,"data_set_value_component_B_variable_ERG":0.0121808992,"data_set_value_component_C_variable_K19":20.0,"data_set_value_component_C_variable_K19a":0.0,"data_set_value_component_C_variable_K20":10.0,"data_set_value_component_C_variable_K21":1.0,"data_set_value_component_C_variable_K22":1.0,"data_set_value_component_C_variable_K23a":0.005,"data_set_value_component_C_variable_K23":1.0,"data_set_value_component_C_variable_K26":10000.0,"data_set_value_component_C_variable_K26R":200.0,"data_set_value_component_C_variable_v_29":0.2229622681,"data_set_value_component_C_variable_v_30":0.9101679842,"data_set_value_component_C_variable_v_43":0.008666341,"data_set_value_component_C_variable_v_44":1.1403267092,"data_set_value_component_C_variable_v_45":0.2447901078,"data_set_value_component_C_variable_v_46":4.1143052002,"data_set_value_component_C_variable_v_47":4.0111681641,"data_set_value_component_C_variable_v_48":0.4674648206,"data_set_value_component_C_variable_v_49":0.9992727508,"data_set_value_component_C_variable_v_50":1.9082669989,"data_set_value_component_C_variable_v_51":0.0049963638,"data_set_value_component_C_variable_v_52":0.0051248329,"data_set_value_component_C_variable_LA":3.0,"data_set_value_component_C_variable_LB":5.0,"data_set_value_component_C_variable_LD":3.3,"data_set_value_component_C_variable_LE":5.0,"data_set_value_component_C_variable_FE":25.0,"data_set_value_component_C_variable_FB":2.0,"data_set_value_component_C_variable_Rb":0.0000475738,"data_set_value_component_C_variable_PPRb":9.9937342929,"data_set_value_component_C_variable_E2F":0.9826088317,"data_set_value_component_C_variable_PE2F":4.0111681641,"data_set_value_component_C_variable_E2FRb":0.0012239505,"data_set_value_component_C_variable_PE2FRb":0.0049963638,"data_set_value_component_C_variable_PP1A":0.0057052083,"data_set_value_component_C_variable_PP1T":1.0,"data_set_value_component_C_variable_CYCDT":0.010976,"data_set_value_component_D_variable_K5":20.0,"data_set_value_component_D_variable_K6a":10.0,"data_set_value_component_D_variable_K6":100.0,"data_set_value_component_D_variable_K7a":0.0,"data_set_value_component_D_variable_K7":0.6,"data_set_value_component_D_variable_K8a":0.1,"data_set_value_component_D_variable_K8":2.0,"data_set_value_component_D_variable_K10":5.0,"data_set_value_component_D_variable_k24":1000.0,"data_set_value_component_D_variable_k24r":10.0,"data_set_value_component_D_variable_K25":1000.0,"data_set_value_component_D_variable_K25R":10.0,"data_set_value_component_D_variable_K29":0.05,"data_set_value_component_D_variable_K30":20.0,"data_set_value_component_D_variable_J8":0.1,"data_set_value_component_D_variable_v_3":0.0542205124,"data_set_value_component_D_variable_v_4":2.1971104094,"data_set_value_component_D_variable_v_5":0.1719795344,"data_set_value_component_D_variable_v_6":13.0098217575,"data_set_value_component_D_variable_v_7":4.0493773979,"data_set_value_component_D_variable_v_8":0.1084410249,"data_set_value_component_D_variable_v_9":0.0621680027,"data_set_value_component_D_variable_v_10":0.0015547725,"data_set_value_component_D_variable_v_11":0.004307284,"data_set_value_component_D_variable_v_12":0.3530733333,"data_set_value_component_D_variable_v_13":0.0134859891,"data_set_value_component_D_variable_v_14":0.5843185626,"data_set_value_component_D_variable_v_15":3.3041856104,"data_set_value_component_D_variable_v_16":0.1544406324,"data_set_value_component_D_variable_v_17":3.8882275387,"data_set_value_component_D_variable_v_18":12.6596872277,"data_set_value_component_D_variable_v_36":0.0833276735,"data_set_value_component_D_variable_v_38":0.589565299,"data_set_value_component_D_variable_v_40":20.0,"data_set_value_component_D_variable_HA":0.5,"data_set_value_component_D_variable_HB":1.0,"data_set_value_component_D_variable_HE":0.5,"data_set_value_component_D_variable_YE":1.0,"data_set_value_component_D_variable_YB":0.05,"data_set_value_component_D_variable_p27":0.0092152342,"data_set_value_component_D_variable_V_6":358.5568785449,"data_set_value_component_D_variable_V_8":31.3097277731,"data_set_value_component_D_variable_Cdc20":0.00220177,"data_set_value_component_D_variable_CA":0.0353073333,"data_set_value_component_D_variable_CD":0.0108441025,"data_set_value_component_D_variable_CE":0.0004307284,"data_set_value_component_D_variable_CYCA":1.4117733172,"data_set_value_component_D_variable_CYCD":0.4394220819,"data_set_value_component_D_variable_CYCE":0.0186625245,"data_set_value_component_D_variable_CYCET":0.000542587,"data_set_value_component_E_variable_eps":1.0,"data_set_value_component_E_variable_K27":0.2,"data_set_value_component_E_variable_K28":0.2,"data_set_value_component_E_variable_v_31":0.3392099514,"data_set_value_component_E_variable_v_32":0.2724616999,"data_set_value_component_E_variable_v_33":0.0831008185,"data_set_value_component_E_variable_r31switch":1.0,"data_set_value_component_E_variable_MU":0.061,"data_set_value_component_E_variable_GM":1.3623084993,"data_set_value_component_E_variable_MASS":1.6960497568,"data_set_value_component_F_variable_K11a":0.0,"data_set_value_component_F_variable_K11":1.5,"data_set_value_component_F_variable_K12":1.5,"data_set_value_component_F_variable_K13":5.0,"data_set_value_component_F_variable_K14":2.5,"data_set_value_component_F_variable_K31":0.7,"data_set_value_component_F_variable_K32":1.8,"data_set_value_component_F_variable_K33":0.05,"data_set_value_component_F_variable_K34":0.05,"data_set_value_component_F_variable_J13":0.005,"data_set_value_component_F_variable_J14":0.005,"data_set_value_component_F_variable_J31":0.01,"data_set_value_component_F_variable_J32":0.01,"data_set_value_component_F_variable_v_22":0.05,"data_set_value_component_F_variable_v_23":1.9160164513,"data_set_value_component_F_variable_v_24":1.7027906389,"data_set_value_component_F_variable_v_25":3.630995165,"data_set_value_component_F_variable_v_26":0.8740297659,"data_set_value_component_F_variable_v_27":0.764315578,"data_set_value_component_F_variable_v_28":0.003302655,"data_set_value_component_F_variable_v_35":4.1555262969,"data_set_value_component_F_variable_v_37":0.05,"data_set_value_component_F_variable_IEP":0.1751673522,"data_set_value_component_F_variable_PPX":1.0,"data_set_value_component_F_variable_Cdc20T":2.4206634434},{"data_set_value_component_environment_variable_time":0.2,"data_set_value_component_A_variable_K1":0.6,"data_set_value_component_A_variable_K1a":0.1,"data_set_value_component_A_variable_K2":20.0,"data_set_value_component_A_variable_K2a":0.05,"data_set_value_component_A_variable_K2aa":1.0,"data_set_value_component_A_variable_K3":140.0,"data_set_value_component_A_variable_K3a":7.5,"data_set_value_component_A_variable_K4":40.0,"data_set_value_component_A_variable_J1":0.1,"data_set_value_component_A_variable_J3":0.01,"data_set_value_component_A_variable_J4":0.04,"data_set_value_component_A_variable_v_20":7.73074342,"data_set_value_component_A_variable_v_21":7.7310917634,"data_set_value_component_A_variable_v_42":0.6992418785,"data_set_value_component_A_variable_v_19":0.2892893914,"data_set_value_component_A_variable_GA":0.3,"data_set_value_component_A_variable_GB":1.0,"data_set_value_component_A_variable_GE":0.0,"data_set_value_component_A_variable_V_2":0.1028965551,"data_set_value_component_A_variable_V_4":129.4282487882,"data_set_value_component_A_variable_Cdh1":0.002541092,"data_set_value_component_A_variable_CYCB":2.8114584691,"data_set_value_component_B_variable_k15":0.25,"data_set_value_component_B_variable_k16":0.25,"data_set_value_component_B_variable_k17":10.0,"data_set_value_component_B_variable_k17a":0.35,"data_set_value_component_B_variable_k18":10.0,"data_set_value_component_B_variable_K9":2.5,"data_set_value_component_B_variable_J17":0.3,"data_set_value_component_B_variable_J15":0.1,"data_set_value_component_B_variable_v_1":0.0030452246,"data_set_value_component_B_variable_v_2":9.0053284984,"data_set_value_component_B_variable_v_34":0.0030452175,"data_set_value_component_B_variable_v_39":2.2513321246,"data_set_value_component_B_variable_v_41":9.0053281944,"data_set_value_component_B_variable_DRG":0.9005328498,"data_set_value_component_B_variable_ERG":0.0121808985,"data_set_value_component_C_variable_K19":20.0,"data_set_value_component_C_variable_K19a":0.0,"data_set_value_component_C_variable_K20":10.0,"data_set_value_component_C_variable_K21":1.0,"data_set_value_component_C_variable_K22":1.0,"data_set_value_component_C_variable_K23a":0.005,"data_set_value_component_C_variable_K23":1.0,"data_set_value_component_C_variable_K26":10000.0,"data_set_value_component_C_variable_K26R":200.0,"data_set_value_component_C_variable_v_29":0.2180982934,"data_set_value_component_C_variable_v_30":0.9015321187,"data_set_value_component_C_variable_v_43":0.0086101038,"data_set_value_component_C_variable_v_44":1.1268109101,"data_set_value_component_C_variable_v_45":0.2367121892,"data_set_value_component_C_variable_v_46":4.1155032298,"data_set_value_component_C_variable_v_47":4.021131211,"data_set_value_component_C_variable_v_48":0.4545335219,"data_set_value_component_C_variable_v_49":0.9784746049,"data_set_value_component_C_variable_v_50":1.8788624691,"data_set_value_component_C_variable_v_51":0.004892373,"data_set_value_component_C_variable_v_52":0.0050071938,"data_set_value_component_C_variable_LA":3.0,"data_set_value_component_C_variable_LB":5.0,"data_set_value_component_C_variable_LD":3.3,"data_set_value_component_C_variable_LE":5.0,"data_set_value_component_C_variable_FE":25.0,"data_set_value_component_C_variable_FB":2.0,"data_set_value_component_C_variable_Rb":0.0000467247,"data_set_value_component_C_variable_PPRb":9.9938795223,"data_set_value_component_C_variable_E2F":0.972790165,"data_set_value_component_C_variable_PE2F":4.021131211,"data_set_value_component_C_variable_E2FRb":0.0011835609,"data_set_value_component_C_variable_PE2FRb":0.004892373,"data_set_value_component_C_variable_PP1A":0.005637505,"data_set_value_component_C_variable_PP1T":1.0,"data_set_value_component_C_variable_CYCDT":0.010976,"data_set_value_component_D_variable_K5":20.0,"data_set_value_component_D_variable_K6a":10.0,"data_set_value_component_D_variable_K6":100.0,"data_set_value_component_D_variable_K7a":0.0,"data_set_value_component_D_variable_K7":0.6,"data_set_value_component_D_variable_K8a":0.1,"data_set_value_component_D_variable_K8":2.0,"data_set_value_component_D_variable_K10":5.0,"data_set_value_component_D_variable_k24":1000.0,"data_set_value_component_D_variable_k24r":10.0,"data_set_value_component_D_variable_K25":1000.0,"data_set_value_component_D_variable_K25R":10.0,"data_set_value_component_D_variable_K29":0.05,"data_set_value_component_D_variable_K30":20.0,"data_set_value_component_D_variable_J8":0.1,"data_set_value_component_D_variable_v_3":0.0534631065,"data_set_value_component_D_variable_v_4":2.1978683066,"data_set_value_component_D_variable_v_5":0.1677439942,"data_set_value_component_D_variable_v_6":12.990121606,"data_set_value_component_D_variable_v_7":4.0378165643,"data_set_value_component_D_variable_v_8":0.1069262129,"data_set_value_component_D_variable_v_9":0.0622730647,"data_set_value_component_D_variable_v_10":0.0015348871,"data_set_value_component_D_variable_v_11":0.0041532939,"data_set_value_component_D_variable_v_12":0.348557547,"data_set_value_component_D_variable_v_13":0.0130372278,"data_set_value_component_D_variable_v_14":0.5732243728,"data_set_value_component_D_variable_v_15":3.332288101,"data_set_value_component_D_variable_v_16":0.150667743,"data_set_value_component_D_variable_v_17":3.8789287706,"data_set_value_component_D_variable_v_18":12.6445130731,"data_set_value_component_D_variable_v_36":0.0829002163,"data_set_value_component_D_variable_v_38":0.583674099,"data_set_value_component_D_variable_v_40":20.0,"data_set_value_component_D_variable_HA":0.5,"data_set_value_component_D_variable_HB":1.0,"data_set_value_component_D_variable_HE":0.5,"data_set_value_component_D_variable_YE":1.0,"data_set_value_component_D_variable_YB":0.05,"data_set_value_component_D_variable_p27":0.0091857564,"data_set_value_component_D_variable_V_6":362.7668711109,"data_set_value_component_D_variable_V_8":31.3900921759,"data_set_value_component_D_variable_Cdc20":0.00220177,"data_set_value_component_D_variable_CA":0.0348557547,"data_set_value_component_D_variable_CD":0.0106926213,"data_set_value_component_D_variable_CE":0.0004153294,"data_set_value_component_D_variable_CYCA":1.4141591686,"data_set_value_component_D_variable_CYCD":0.4395736613,"data_set_value_component_D_variable_CYCE":0.0182613154,"data_set_value_component_D_variable_CYCET":0.000542587,"data_set_value_component_E_variable_eps":1.0,"data_set_value_component_E_variable_K27":0.2,"data_set_value_component_E_variable_K28":0.2,"data_set_value_component_E_variable_v_31":0.340876046,"data_set_value_component_E_variable_v_32":0.2737999407,"data_set_value_component_E_variable_v_33":0.0835089819,"data_set_value_component_E_variable_r31switch":1.0,"data_set_value_component_E_variable_MU":0.061,"data_set_value_component_E_variable_GM":1.3689997037,"data_set_value_component_E_variable_MASS":1.7043802302,"data_set_value_component_F_variable_K11a":0.0,"data_set_value_component_F_variable_K11":1.5,"data_set_value_component_F_variable_K12":1.5,"data_set_value_component_F_variable_K13":5.0,"data_set_value_component_F_variable_K14":2.5,"data_set_value_component_F_variable_K31":0.7,"data_set_value_component_F_variable_K32":1.8,"data_set_value_component_F_variable_K33":0.05,"data_set_value_component_F_variable_K34":0.05,"data_set_value_component_F_variable_J13":0.005,"data_set_value_component_F_variable_J14":0.005,"data_set_value_component_F_variable_J31":0.01,"data_set_value_component_F_variable_J32":0.01,"data_set_value_component_F_variable_v_22":0.05,"data_set_value_component_F_variable_v_23":1.9438036424,"data_set_value_component_F_variable_v_24":1.7131897081,"data_set_value_component_F_variable_v_25":3.7084638756,"data_set_value_component_F_variable_v_26":0.9847500974,"data_set_value_component_F_variable_v_27":0.764315578,"data_set_value_component_F_variable_v_28":0.003302655,"data_set_value_component_F_variable_v_35":4.2171877037,"data_set_value_component_F_variable_v_37":0.05,"data_set_value_component_F_variable_IEP":0.1973486864,"data_set_value_component_F_variable_PPX":1.0,"data_set_value_component_F_variable_Cdc20T":2.4723092504},{"data_set_value_component_environment_variable_time":0.3,"data_set_value_component_A_variable_K1":0.6,"data_set_value_component_A_variable_K1a":0.1,"data_set_value_component_A_variable_K2":20.0,"data_set_value_component_A_variable_K2a":0.05,"data_set_value_component_A_variable_K2aa":1.0,"data_set_value_component_A_variable_K3":140.0,"data_set_value_component_A_variable_K3a":7.5,"data_set_value_component_A_variable_K4":40.0,"data_set_value_component_A_variable_J1":0.1,"data_set_value_component_A_variable_J3":0.01,"data_set_value_component_A_variable_J4":0.04,"data_set_value_component_A_variable_v_20":7.730746056,"data_set_value_component_A_variable_v_21":7.7310831047,"data_set_value_component_A_variable_v_42":0.699263429,"data_set_value_component_A_variable_v_19":0.2915463425,"data_set_value_component_A_variable_GA":0.3,"data_set_value_component_A_variable_GB":1.0,"data_set_value_component_A_variable_GE":0.0,"data_set_value_component_A_variable_V_2":0.1022129744,"data_set_value_component_A_variable_V_4":131.0915258902,"data_set_value_component_A_variable_Cdh1":0.0025068273,"data_set_value_component_A_variable_CYCB":2.8523418312,"data_set_value_component_B_variable_k15":0.25,"data_set_value_component_B_variable_k16":0.25,"data_set_value_component_B_variable_k17":10.0,"data_set_value_component_B_variable_k17a":0.35,"data_set_value_component_B_variable_k18":10.0,"data_set_value_component_B_variable_K9":2.5,"data_set_value_component_B_variable_J17":0.3,"data_set_value_component_B_variable_J15":0.1,"data_set_value_component_B_variable_v_1":0.0030452244,"data_set_value_component_B_variable_v_2":9.0053282891,"data_set_value_component_B_variable_v_34":0.0030452177,"data_set_value_component_B_variable_v_39":2.2513320723,"data_set_value_component_B_variable_v_41":9.0053281524,"data_set_value_component_B_variable_DRG":0.9005328289,"data_set_value_component_B_variable_ERG":0.0121808978,"data_set_value_component_C_variable_K19":20.0,"data_set_value_component_C_variable_K19a":0.0,"data_set_value_component_C_variable_K20":10.0,"data_set_value_component_C_variable_K21":1.0,"data_set_value_component_C_variable_K22":1.0,"data_set_value_component_C_variable_K23a":0.005,"data_set_value_component_C_variable_K23":1.0,"data_set_value_component_C_variable_K26":10000.0,"data_set_value_component_C_variable_K26R":200.0,"data_set_value_component_C_variable_v_29":0.213516233,"data_set_value_component_C_variable_v_30":0.8929623462,"data_set_value_component_C_variable_v_43":0.0085554118,"data_set_value_component_C_variable_v_44":1.1136624323,"data_set_value_component_C_variable_v_45":0.2291243909,"data_set_value_component_C_variable_v_46":4.1186883213,"data_set_value_component_C_variable_v_47":4.0303607809,"data_set_value_component_C_variable_v_48":0.4423775498,"data_set_value_component_C_variable_v_49":0.9582384007,"data_set_value_component_C_variable_v_50":1.8501002946,"data_set_value_component_C_variable_v_51":0.004791192,"data_set_value_component_C_variable_v_52":0.004896193,"data_set_value_component_C_variable_LA":3.0,"data_set_value_component_C_variable_LB":5.0,"data_set_value_component_C_variable_LD":3.3,"data_set_value_component_C_variable_LE":5.0,"data_set_value_component_C_variable_FE":25.0,"data_set_value_component_C_variable_FB":2.0,"data_set_value_component_C_variable_Rb":0.0000459041,"data_set_value_component_C_variable_PPRb":9.994019463,"data_set_value_component_C_variable_E2F":0.9636997152,"data_set_value_component_C_variable_PE2F":4.0303607809,"data_set_value_component_C_variable_E2FRb":0.001145622,"data_set_value_component_C_variable_PE2FRb":0.004791192,"data_set_value_component_C_variable_PP1A":0.0055716443,"data_set_value_component_C_variable_PP1T":1.0,"data_set_value_component_C_variable_CYCDT":0.010976,"data_set_value_component_D_variable_K5":20.0,"data_set_value_component_D_variable_K6a":10.0,"data_set_value_component_D_variable_K6":100.0,"data_set_value_component_D_variable_K7a":0.0,"data_set_value_component_D_variable_K7":0.6,"data_set_value_component_D_variable_K8a":0.1,"data_set_value_component_D_variable_K8":2.0,"data_set_value_component_D_variable_K10":5.0,"data_set_value_component_D_variable_k24":1000.0,"data_set_value_component_D_variable_k24r":10.0,"data_set_value_component_D_variable_K25":1000.0,"data_set_value_component_D_variable_K25R":10.0,"data_set_value_component_D_variable_K29":0.05,"data_set_value_component_D_variable_K30":20.0,"data_set_value_component_D_variable_J8":0.1,"data_set_value_component_D_variable_v_3":0.0527230946,"data_set_value_component_D_variable_v_4":2.198608586,"data_set_value_component_D_variable_v_5":0.1651573524,"data_set_value_component_D_variable_v_6":12.9696105488,"data_set_value_component_D_variable_v_7":4.0261693346,"data_set_value_component_D_variable_v_8":0.1054461891,"data_set_value_component_D_variable_v_9":0.0623756034,"data_set_value_component_D_variable_v_10":0.001515404,"data_set_value_component_D_variable_v_11":0.0040461953,"data_set_value_component_D_variable_v_12":0.3441331361,"data_set_value_component_D_variable_v_13":0.0127344402,"data_set_value_component_D_variable_v_14":0.5676972728,"data_set_value_component_D_variable_v_15":3.3599544704,"data_set_value_component_D_variable_v_16":0.1484793687,"data_set_value_component_D_variable_v_17":3.8694582032,"data_set_value_component_D_variable_v_18":12.6283253768,"data_set_value_component_D_variable_v_36":0.0825289124,"data_set_value_component_D_variable_v_38":0.5782198291,"data_set_value_component_D_variable_v_40":20.0,"data_set_value_component_D_variable_HA":0.5,"data_set_value_component_D_variable_HB":1.0,"data_set_value_component_D_variable_HE":0.5,"data_set_value_component_D_variable_YE":1.0,"data_set_value_component_D_variable_YB":0.05,"data_set_value_component_D_variable_p27":0.0091561758,"data_set_value_component_D_variable_V_6":366.9604595942,"data_set_value_component_D_variable_V_8":31.4726286169,"data_set_value_component_D_variable_Cdc20":0.00220177,"data_set_value_component_D_variable_CA":0.0344133136,"data_set_value_component_D_variable_CD":0.0105446189,"data_set_value_component_D_variable_CE":0.0004046195,"data_set_value_component_D_variable_CYCA":1.4164877202,"data_set_value_component_D_variable_CYCD":0.4397217172,"data_set_value_component_D_variable_CYCE":0.0180378093,"data_set_value_component_D_variable_CYCET":0.000542587,"data_set_value_component_E_variable_eps":1.0,"data_set_value_component_E_variable_K27":0.2,"data_set_value_component_E_variable_K28":0.2,"data_set_value_component_E_variable_v_31":0.342550324,"data_set_value_component_E_variable_v_32":0.2751447548,"data_set_value_component_E_variable_v_33":0.0839191502,"data_set_value_component_E_variable_r31switch":1.0,"data_set_value_component_E_variable_MU":0.061,"data_set_value_component_E_variable_GM":1.375723774,"data_set_value_component_E_variable_MASS":1.7127516201,"data_set_value_component_F_variable_K11a":0.0,"data_set_value_component_F_variable_K11":1.5,"data_set_value_component_F_variable_K12":1.5,"data_set_value_component_F_variable_K13":5.0,"data_set_value_component_F_variable_K14":2.5,"data_set_value_component_F_variable_K31":0.7,"data_set_value_component_F_variable_K32":1.8,"data_set_value_component_F_variable_K33":0.05,"data_set_value_component_F_variable_K34":0.05,"data_set_value_component_F_variable_J13":0.005,"data_set_value_component_F_variable_J14":0.005,"data_set_value_component_F_variable_J31":0.01,"data_set_value_component_F_variable_J32":0.01,"data_set_value_component_F_variable_v_22":0.05,"data_set_value_component_F_variable_v_23":1.9713228158,"data_set_value_component_F_variable_v_24":1.722188342,"data_set_value_component_F_variable_v_25":3.7837067185,"data_set_value_component_F_variable_v_26":1.1044478908,"data_set_value_component_F_variable_v_27":0.764315578,"data_set_value_component_F_variable_v_28":0.003302655,"data_set_value_component_F_variable_v_35":4.2785127468,"data_set_value_component_F_variable_v_37":0.05,"data_set_value_component_F_variable_IEP":0.2213278043,"data_set_value_component_F_variable_PPX":1.0,"data_set_value_component_F_variable_Cdc20T":2.5224711457},{"data_set_value_component_environment_variable_time":0.4,"data_set_value_component_A_variable_K1":0.6,"data_set_value_component_A_variable_K1a":0.1,"data_set_value_component_A_variable_K2":20.0,"data_set_value_component_A_variable_K2a":0.05,"data_set_value_component_A_variable_K2aa":1.0,"data_set_value_component_A_variable_K3":140.0,"data_set_value_component_A_variable_K3a":7.5,"data_set_value_component_A_variable_K4":40.0,"data_set_value_component_A_variable_J1":0.1,"data_set_value_component_A_variable_J3":0.01,"data_set_value_component_A_variable_J4":0.04,"data_set_value_component_A_variable_v_20":7.730748607,"data_set_value_component_A_variable_v_21":7.7310749278,"data_set_value_component_A_variable_v_42":0.6992839636,"data_set_value_component_A_variable_v_19":0.2937883418,"data_set_value_component_A_variable_GA":0.3,"data_set_value_component_A_variable_GB":1.0,"data_set_value_component_A_variable_GE":0.0,"data_set_value_component_A_variable_V_2":0.1015513664,"data_set_value_component_A_variable_V_4":132.7452237421,"data_set_value_component_A_variable_Cdh1":0.002473664,"data_set_value_component_A_variable_CYCB":2.893002351,"data_set_value_component_B_variable_k15":0.25,"data_set_value_component_B_variable_k16":0.25,"data_set_value_component_B_variable_k17":10.0,"data_set_value_component_B_variable_k17a":0.35,"data_set_value_component_B_variable_k18":10.0,"data_set_value_component_B_variable_K9":2.5,"data_set_value_component_B_variable_J17":0.3,"data_set_value_component_B_variable_J15":0.1,"data_set_value_component_B_variable_v_1":0.0030452243,"data_set_value_component_B_variable_v_2":9.005328195,"data_set_value_component_B_variable_v_34":0.0030452177,"data_set_value_component_B_variable_v_39":2.2513320487,"data_set_value_component_B_variable_v_41":9.0053281334,"data_set_value_component_B_variable_DRG":0.9005328195,"data_set_value_component_B_variable_ERG":0.0121808971,"data_set_value_component_C_variable_K19":20.0,"data_set_value_component_C_variable_K19a":0.0,"data_set_value_component_C_variable_K20":10.0,"data_set_value_component_C_variable_K21":1.0,"data_set_value_component_C_variable_K22":1.0,"data_set_value_component_C_variable_K23a":0.005,"data_set_value_component_C_variable_K23":1.0,"data_set_value_component_C_variable_K26":10000.0,"data_set_value_component_C_variable_K26R":200.0,"data_set_value_component_C_variable_v_29":0.2091671247,"data_set_value_component_C_variable_v_30":0.8845395856,"data_set_value_component_C_variable_v_43":0.0085023051,"data_set_value_component_C_variable_v_44":1.1008900751,"data_set_value_component_C_variable_v_45":0.2219670521,"data_set_value_component_C_variable_v_46":4.1230345632,"data_set_value_component_C_variable_v_47":4.0390723393,"data_set_value_component_C_variable_v_48":0.4308841618,"data_set_value_component_C_variable_v_49":0.9386687541,"data_set_value_component_C_variable_v_50":1.8221469918,"data_set_value_component_C_variable_v_51":0.0046933438,"data_set_value_component_C_variable_v_52":0.004790896,"data_set_value_component_C_variable_LA":3.0,"data_set_value_component_C_variable_LB":5.0,"data_set_value_component_C_variable_LD":3.3,"data_set_value_component_C_variable_LE":5.0,"data_set_value_component_C_variable_FE":25.0,"data_set_value_component_C_variable_FB":2.0,"data_set_value_component_C_variable_Rb":0.000045113,"data_set_value_component_C_variable_PPRb":9.994153889,"data_set_value_component_C_variable_E2F":0.9551217917,"data_set_value_component_C_variable_PE2F":4.0390723393,"data_set_value_component_C_variable_E2FRb":0.0011098353,"data_set_value_component_C_variable_PE2FRb":0.0046933438,"data_set_value_component_C_variable_PP1A":0.0055076702,"data_set_value_component_C_variable_PP1T":1.0,"data_set_value_component_C_variable_CYCDT":0.010976,"data_set_value_component_D_variable_K5":20.0,"data_set_value_component_D_variable_K6a":10.0,"data_set_value_component_D_variable_K6":100.0,"data_set_value_component_D_variable_K7a":0.0,"data_set_value_component_D_variable_K7":0.6,"data_set_value_component_D_variable_K8a":0.1,"data_set_value_component_D_variable_K8":2.0,"data_set_value_component_D_variable_K10":5.0,"data_set_value_component_D_variable_k24":1000.0,"data_set_value_component_D_variable_k24r":10.0,"data_set_value_component_D_variable_K25":1000.0,"data_set_value_component_D_variable_K25R":10.0,"data_set_value_component_D_variable_K29":0.05,"data_set_value_component_D_variable_K30":20.0,"data_set_value_component_D_variable_J8":0.1,"data_set_value_component_D_variable_v_3":0.0520047895,"data_set_value_component_D_variable_v_4":2.1993270396,"data_set_value_component_D_variable_v_5":0.162768073,"data_set_value_component_D_variable_v_6":12.9492054137,"data_set_value_component_D_variable_v_7":4.0147059933,"data_set_value_component_D_variable_v_8":0.104009579,"data_set_value_component_D_variable_v_9":0.0624756997,"data_set_value_component_D_variable_v_10":0.0014964565,"data_set_value_component_D_variable_v_11":0.003946483,"data_set_value_component_D_variable_v_12":0.3398303348,"data_set_value_component_D_variable_v_13":0.0124528197,"data_set_value_component_D_variable_v_14":0.562720513,"data_set_value_component_D_variable_v_15":3.3873489462,"data_set_value_component_D_variable_v_16":0.1464658036,"data_set_value_component_D_variable_v_17":3.8601069622,"data_set_value_component_D_variable_v_18":12.6121214425,"data_set_value_component_D_variable_v_36":0.0821960683,"data_set_value_component_D_variable_v_38":0.573073075,"data_set_value_component_D_variable_v_40":20.0,"data_set_value_component_D_variable_HA":0.5,"data_set_value_component_D_variable_HB":1.0,"data_set_value_component_D_variable_HE":0.5,"data_set_value_component_D_variable_YE":1.0,"data_set_value_component_D_variable_YB":0.05,"data_set_value_component_D_variable_p27":0.0091271237,"data_set_value_component_D_variable_V_6":371.1299478555,"data_set_value_component_D_variable_V_8":31.5542209405,"data_set_value_component_D_variable_Cdc20":0.00220177,"data_set_value_component_D_variable_CA":0.0339830335,"data_set_value_component_D_variable_CD":0.0104009579,"data_set_value_component_D_variable_CE":0.0003946483,"data_set_value_component_D_variable_CYCA":1.4187608086,"data_set_value_component_D_variable_CYCD":0.4398654079,"data_set_value_component_D_variable_CYCE":0.0178334466,"data_set_value_component_D_variable_CYCET":0.000542587,"data_set_value_component_E_variable_eps":1.0,"data_set_value_component_E_variable_K27":0.2,"data_set_value_component_E_variable_K28":0.2,"data_set_value_component_E_variable_v_31":0.3442328255,"data_set_value_component_E_variable_v_32":0.2764961743,"data_set_value_component_E_variable_v_33":0.0843313332,"data_set_value_component_E_variable_r31switch":1.0,"data_set_value_component_E_variable_MU":0.061,"data_set_value_component_E_variable_GM":1.3824808715,"data_set_value_component_E_variable_MASS":1.7211641274,"data_set_value_component_F_variable_K11a":0.0,"data_set_value_component_F_variable_K11":1.5,"data_set_value_component_F_variable_K12":1.5,"data_set_value_component_F_variable_K13":5.0,"data_set_value_component_F_variable_K14":2.5,"data_set_value_component_F_variable_K31":0.7,"data_set_value_component_F_variable_K32":1.8,"data_set_value_component_F_variable_K33":0.05,"data_set_value_component_F_variable_K34":0.05,"data_set_value_component_F_variable_J13":0.005,"data_set_value_component_F_variable_J14":0.005,"data_set_value_component_F_variable_J31":0.01,"data_set_value_component_F_variable_J32":0.01,"data_set_value_component_F_variable_v_22":0.05,"data_set_value_component_F_variable_v_23":1.9985532101,"data_set_value_component_F_variable_v_24":1.730016887,"data_set_value_component_F_variable_v_25":3.8569870358,"data_set_value_component_F_variable_v_26":1.2336236637,"data_set_value_component_F_variable_v_27":0.764315578,"data_set_value_component_F_variable_v_28":0.003302655,"data_set_value_component_F_variable_v_35":4.3395035265,"data_set_value_component_F_variable_v_37":0.05,"data_set_value_component_F_variable_IEP":0.2472049058,"data_set_value_component_F_variable_PPX":1.0,"data_set_value_component_F_variable_Cdc20T":2.5713246905},{"data_set_value_component_environment_variable_time":0.5,"data_set_value_component_A_variable_K1":0.6,"data_set_value_component_A_variable_K1a":0.1,"data_set_value_component_A_variable_K2":20.0,"data_set_value_component_A_variable_K2a":0.05,"data_set_value_component_A_variable_K2aa":1.0,"data_set_value_component_A_variable_K3":140.0,"data_set_value_component_A_variable_K3a":7.5,"data_set_value_component_A_variable_K4":40.0,"data_set_value_component_A_variable_J1":0.1,"data_set_value_component_A_variable_J3":0.01,"data_set_value_component_A_variable_J4":0.04,"data_set_value_component_A_variable_v_20":7.7307510771,"data_set_value_component_A_variable_v_21":7.7310671039,"data_set_value_component_A_variable_v_42":0.6993035467,"data_set_value_component_A_variable_v_19":0.2960155712,"data_set_value_component_A_variable_GA":0.3,"data_set_value_component_A_variable_GB":1.0,"data_set_value_component_A_variable_GE":0.0,"data_set_value_component_A_variable_V_2":0.1009106811,"data_set_value_component_A_variable_V_4":134.3894426243,"data_set_value_component_A_variable_Cdh1":0.0024415494,"data_set_value_component_A_variable_CYCB":2.9334414162,"data_set_value_component_B_variable_k15":0.25,"data_set_value_component_B_variable_k16":0.25,"data_set_value_component_B_variable_k17":10.0,"data_set_value_component_B_variable_k17a":0.35,"data_set_value_component_B_variable_k18":10.0,"data_set_value_component_B_variable_K9":2.5,"data_set_value_component_B_variable_J17":0.3,"data_set_value_component_B_variable_J15":0.1,"data_set_value_component_B_variable_v_1":0.0030452241,"data_set_value_component_B_variable_v_2":9.0053281525,"data_set_value_component_B_variable_v_34":0.0030452178,"data_set_value_component_B_variable_v_39":2.2513320381,"data_set_value_component_B_variable_v_41":9.0053281247,"data_set_value_component_B_variable_DRG":0.9005328153,"data_set_value_component_B_variable_ERG":0.0121808965,"data_set_value_component_C_variable_K19":20.0,"data_set_value_component_C_variable_K19a":0.0,"data_set_value_component_C_variable_K20":10.0,"data_set_value_component_C_variable_K21":1.0,"data_set_value_component_C_variable_K22":1.0,"data_set_value_component_C_variable_K23a":0.005,"data_set_value_component_C_variable_K23":1.0,"data_set_value_component_C_variable_K26":10000.0,"data_set_value_component_C_variable_K26R":200.0,"data_set_value_component_C_variable_v_29":0.2050134973,"data_set_value_component_C_variable_v_30":0.8762821312,"data_set_value_component_C_variable_v_43":0.0084507009,"data_set_value_component_C_variable_v_44":1.0884790966,"data_set_value_component_C_variable_v_45":0.2151857085,"data_set_value_component_C_variable_v_46":4.1280384101,"data_set_value_component_C_variable_v_47":4.0473995876,"data_set_value_component_C_variable_v_48":0.4199604218,"data_set_value_component_C_variable_v_49":0.9197608629,"data_set_value_component_C_variable_v_50":1.7950220418,"data_set_value_component_C_variable_v_51":0.0045988043,"data_set_value_component_C_variable_v_52":0.0046904283,"data_set_value_component_C_variable_LA":3.0,"data_set_value_component_C_variable_LB":5.0,"data_set_value_component_C_variable_LD":3.3,"data_set_value_component_C_variable_LE":5.0,"data_set_value_component_C_variable_FE":25.0,"data_set_value_component_C_variable_FB":2.0,"data_set_value_component_C_variable_Rb":0.00004435,"data_set_value_component_C_variable_PPRb":9.9942830981,"data_set_value_component_C_variable_E2F":0.9469229896,"data_set_value_component_C_variable_PE2F":4.0473995876,"data_set_value_component_C_variable_E2FRb":0.0010759285,"data_set_value_component_C_variable_PE2FRb":0.0045988043,"data_set_value_component_C_variable_PP1A":0.0054455086,"data_set_value_component_C_variable_PP1T":1.0,"data_set_value_component_C_variable_CYCDT":0.010976,"data_set_value_component_D_variable_K5":20.0,"data_set_value_component_D_variable_K6a":10.0,"data_set_value_component_D_variable_K6":100.0,"data_set_value_component_D_variable_K7a":0.0,"data_set_value_component_D_variable_K7":0.6,"data_set_value_component_D_variable_K8a":0.1,"data_set_value_component_D_variable_K8":2.0,"data_set_value_component_D_variable_K10":5.0,"data_set_value_component_D_variable_k24":1000.0,"data_set_value_component_D_variable_k24r":10.0,"data_set_value_component_D_variable_K25":1000.0,"data_set_value_component_D_variable_K25R":10.0,"data_set_value_component_D_variable_K29":0.05,"data_set_value_component_D_variable_K30":20.0,"data_set_value_component_D_variable_J8":0.1,"data_set_value_component_D_variable_v_3":0.0513074977,"data_set_value_component_D_variable_v_4":2.2000244152,"data_set_value_component_D_variable_v_5":0.1604814335,"data_set_value_component_D_variable_v_6":12.9289663593,"data_set_value_component_D_variable_v_7":4.0034340135,"data_set_value_component_D_variable_v_8":0.1026149954,"data_set_value_component_D_variable_v_9":0.062573518,"data_set_value_component_D_variable_v_10":0.0014780316,"data_set_value_component_D_variable_v_11":0.0038515254,"data_set_value_component_D_variable_v_12":0.3356462221,"data_set_value_component_D_variable_v_13":0.0121842011,"data_set_value_component_D_variable_v_14":0.5579739286,"data_set_value_component_D_variable_v_15":3.4144832467,"data_set_value_component_D_variable_v_16":0.1445381777,"data_set_value_component_D_variable_v_17":3.8508857836,"data_set_value_component_D_variable_v_18":12.5959686495,"data_set_value_component_D_variable_v_36":0.0818907502,"data_set_value_component_D_variable_v_38":0.5681537937,"data_set_value_component_D_variable_v_40":20.0,"data_set_value_component_D_variable_HA":0.5,"data_set_value_component_D_variable_HB":1.0,"data_set_value_component_D_variable_HE":0.5,"data_set_value_component_D_variable_YE":1.0,"data_set_value_component_D_variable_YB":0.05,"data_set_value_component_D_variable_p27":0.0090986127,"data_set_value_component_D_variable_V_6":375.2751504205,"data_set_value_component_D_variable_V_8":31.6347415287,"data_set_value_component_D_variable_Cdc20":0.00220177,"data_set_value_component_D_variable_CA":0.0335646222,"data_set_value_component_D_variable_CD":0.0102614995,"data_set_value_component_D_variable_CE":0.0003851525,"data_set_value_component_D_variable_CYCA":1.4209821647,"data_set_value_component_D_variable_CYCD":0.440004883,"data_set_value_component_D_variable_CYCE":0.0176380113,"data_set_value_component_D_variable_CYCET":0.000542587,"data_set_value_component_E_variable_eps":1.0,"data_set_value_component_E_variable_K27":0.2,"data_set_value_component_E_variable_K28":0.2,"data_set_value_component_E_variable_v_31":0.3459235908,"data_set_value_component_E_variable_v_32":0.2778542317,"data_set_value_component_E_variable_v_33":0.0847455407,"data_set_value_component_E_variable_r31switch":1.0,"data_set_value_component_E_variable_MU":0.061,"data_set_value_component_E_variable_GM":1.3892711584,"data_set_value_component_E_variable_MASS":1.7296179542,"data_set_value_component_F_variable_K11a":0.0,"data_set_value_component_F_variable_K11":1.5,"data_set_value_component_F_variable_K12":1.5,"data_set_value_component_F_variable_K13":5.0,"data_set_value_component_F_variable_K14":2.5,"data_set_value_component_F_variable_K31":0.7,"data_set_value_component_F_variable_K32":1.8,"data_set_value_component_F_variable_K33":0.05,"data_set_value_component_F_variable_K34":0.05,"data_set_value_component_F_variable_J13":0.005,"data_set_value_component_F_variable_J14":0.005,"data_set_value_component_F_variable_J31":0.01,"data_set_value_component_F_variable_J32":0.01,"data_set_value_component_F_variable_v_22":0.05,"data_set_value_component_F_variable_v_23":2.0254692655,"data_set_value_component_F_variable_v_24":1.7368548615,"data_set_value_component_F_variable_v_25":3.928531781,"data_set_value_component_F_variable_v_26":1.3726650974,"data_set_value_component_F_variable_v_27":0.764315578,"data_set_value_component_F_variable_v_28":0.003302655,"data_set_value_component_F_variable_v_35":4.4001621243,"data_set_value_component_F_variable_v_37":0.05,"data_set_value_component_F_variable_IEP":0.2750575743,"data_set_value_component_F_variable_PPX":1.0,"data_set_value_component_F_variable_Cdc20T":2.6190211873},{"data_set_value_component_environment_variable_time":0.6,"data_set_value_component_A_variable_K1":0.6,"data_set_value_component_A_variable_K1a":0.1,"data_set_value_component_A_variable_K2":20.0,"data_set_value_component_A_variable_K2a":0.05,"data_set_value_component_A_variable_K2aa":1.0,"data_set_value_component_A_variable_K3":140.0,"data_set_value_component_A_variable_K3a":7.5,"data_set_value_component_A_variable_K4":40.0,"data_set_value_component_A_variable_J1":0.1,"data_set_value_component_A_variable_J3":0.01,"data_set_value_component_A_variable_J4":0.04,"data_set_value_component_A_variable_v_20":7.7307534703,"data_set_value_component_A_variable_v_21":7.7310597894,"data_set_value_component_A_variable_v_42":0.6993222373,"data_set_value_component_A_variable_v_19":0.2982282194,"data_set_value_component_A_variable_GA":0.3,"data_set_value_component_A_variable_GB":1.0,"data_set_value_component_A_variable_GE":0.0,"data_set_value_component_A_variable_V_2":0.1002899387,"data_set_value_component_A_variable_V_4":136.0242737165,"data_set_value_component_A_variable_Cdh1":0.0024104345,"data_set_value_component_A_variable_CYCB":2.9736604023,"data_set_value_component_B_variable_k15":0.25,"data_set_value_component_B_variable_k16":0.25,"data_set_value_component_B_variable_k17":10.0,"data_set_value_component_B_variable_k17a":0.35,"data_set_value_component_B_variable_k18":10.0,"data_set_value_component_B_variable_K9":2.5,"data_set_value_component_B_variable_J17":0.3,"data_set_value_component_B_variable_J15":0.1,"data_set_value_component_B_variable_v_1":0.003045224,"data_set_value_component_B_variable_v_2":9.0053281333,"data_set_value_component_B_variable_v_34":0.0030452178,"data_set_value_component_B_variable_v_39":2.2513320333,"data_set_value_component_B_variable_v_41":9.0053281206,"data_set_value_component_B_variable_DRG":0.9005328133,"data_set_value_component_B_variable_ERG":0.0121808958,"data_set_value_component_C_variable_K19":20.0,"data_set_value_component_C_variable_K19a":0.0,"data_set_value_component_C_variable_K20":10.0,"data_set_value_component_C_variable_K21":1.0,"data_set_value_component_C_variable_K22":1.0,"data_set_value_component_C_variable_K23a":0.005,"data_set_value_component_C_variable_K23":1.0,"data_set_value_component_C_variable_K26":10000.0,"data_set_value_component_C_variable_K26R":200.0,"data_set_value_component_C_variable_v_29":0.2010296026,"data_set_value_component_C_variable_v_30":0.8682050033,"data_set_value_component_C_variable_v_43":0.0084005512,"data_set_value_component_C_variable_v_44":1.0764143503,"data_set_value_component_C_variable_v_45":0.2087400645,"data_set_value_component_C_variable_v_46":4.1333938922,"data_set_value_component_C_variable_v_47":4.055425772,"data_set_value_component_C_variable_v_48":0.4095421186,"data_set_value_component_C_variable_v_49":0.9015048829,"data_set_value_component_C_variable_v_50":1.7687238914,"data_set_value_component_C_variable_v_51":0.0045075244,"data_set_value_component_C_variable_v_52":0.0045941759,"data_set_value_component_C_variable_LA":3.0,"data_set_value_component_C_variable_LB":5.0,"data_set_value_component_C_variable_LD":3.3,"data_set_value_component_C_variable_LE":5.0,"data_set_value_component_C_variable_FE":25.0,"data_set_value_component_C_variable_FB":2.0,"data_set_value_component_C_variable_Rb":0.0000436138,"data_set_value_component_C_variable_PPRb":9.9944073425,"data_set_value_component_C_variable_E2F":0.9390203133,"data_set_value_component_C_variable_PE2F":4.055425772,"data_set_value_component_C_variable_E2FRb":0.0010437003,"data_set_value_component_C_variable_PE2FRb":0.0045075244,"data_set_value_component_C_variable_PP1A":0.0053850834,"data_set_value_component_C_variable_PP1T":1.0,"data_set_value_component_C_variable_CYCDT":0.010976,"data_set_value_component_D_variable_K5":20.0,"data_set_value_component_D_variable_K6a":10.0,"data_set_value_component_D_variable_K6":100.0,"data_set_value_component_D_variable_K7a":0.0,"data_set_value_component_D_variable_K7":0.6,"data_set_value_component_D_variable_K8a":0.1,"data_set_value_component_D_variable_K8":2.0,"data_set_value_component_D_variable_K10":5.0,"data_set_value_component_D_variable_k24":1000.0,"data_set_value_component_D_variable_k24r":10.0,"data_set_value_component_D_variable_K25":1000.0,"data_set_value_component_D_variable_K25R":10.0,"data_set_value_component_D_variable_K29":0.05,"data_set_value_component_D_variable_K30":20.0,"data_set_value_component_D_variable_J8":0.1,"data_set_value_component_D_variable_v_3":0.050630317,"data_set_value_component_D_variable_v_4":2.200701644,"data_set_value_component_D_variable_v_5":0.1582837088,"data_set_value_component_D_variable_v_6":12.9089009208,"data_set_value_component_D_variable_v_7":3.992347064,"data_set_value_component_D_variable_v_8":0.101260634,"data_set_value_component_D_variable_v_9":0.062669191,"data_set_value_component_D_variable_v_10":0.0014601092,"data_set_value_component_D_variable_v_11":0.0037608379,"data_set_value_component_D_variable_v_12":0.3315762216,"data_set_value_component_D_variable_v_13":0.0119272058,"data_set_value_component_D_variable_v_14":0.553417887,"data_set_value_component_D_variable_v_15":3.4413607573,"data_set_value_component_D_variable_v_16":0.1426847934,"data_set_value_component_D_variable_v_17":3.8417908613,"data_set_value_component_D_variable_v_18":12.5798787558,"data_set_value_component_D_variable_v_36":0.0816061849,"data_set_value_component_D_variable_v_38":0.563412188,"data_set_value_component_D_variable_v_40":20.0,"data_set_value_component_D_variable_HA":0.5,"data_set_value_component_D_variable_HB":1.0,"data_set_value_component_D_variable_HE":0.5,"data_set_value_component_D_variable_YE":1.0,"data_set_value_component_D_variable_YB":0.05,"data_set_value_component_D_variable_p27":0.0090706232,"data_set_value_component_D_variable_V_6":379.3962876891,"data_set_value_component_D_variable_V_8":31.7142247132,"data_set_value_component_D_variable_Cdc20":0.00220177,"data_set_value_component_D_variable_CA":0.0331576222,"data_set_value_component_D_variable_CD":0.0101260634,"data_set_value_component_D_variable_CE":0.0003760838,"data_set_value_component_D_variable_CYCA":1.4231548021,"data_set_value_component_D_variable_CYCD":0.4401403288,"data_set_value_component_D_variable_CYCE":0.0174501471,"data_set_value_component_D_variable_CYCET":0.000542587,"data_set_value_component_E_variable_eps":1.0,"data_set_value_component_E_variable_K27":0.2,"data_set_value_component_E_variable_K28":0.2,"data_set_value_component_E_variable_v_31":0.3476226607,"data_set_value_component_E_variable_v_32":0.2792189596,"data_set_value_component_E_variable_v_33":0.0851617827,"data_set_value_component_E_variable_r31switch":1.0,"data_set_value_component_E_variable_MU":0.061,"data_set_value_component_E_variable_GM":1.3960947978,"data_set_value_component_E_variable_MASS":1.7381133033,"data_set_value_component_F_variable_K11a":0.0,"data_set_value_component_F_variable_K11":1.5,"data_set_value_component_F_variable_K12":1.5,"data_set_value_component_F_variable_K13":5.0,"data_set_value_component_F_variable_K14":2.5,"data_set_value_component_F_variable_K31":0.7,"data_set_value_component_F_variable_K32":1.8,"data_set_value_component_F_variable_K33":0.05,"data_set_value_component_F_variable_K34":0.05,"data_set_value_component_F_variable_J13":0.005,"data_set_value_component_F_variable_J14":0.005,"data_set_value_component_F_variable_J31":0.01,"data_set_value_component_F_variable_J32":0.01,"data_set_value_component_F_variable_v_22":0.05,"data_set_value_component_F_variable_v_23":2.0520389037,"data_set_value_component_F_variable_v_24":1.7428470555,"data_set_value_component_F_variable_v_25":3.9985365786,"data_set_value_component_F_variable_v_26":1.5218651148,"data_set_value_component_F_variable_v_27":0.764315578,"data_set_value_component_F_variable_v_28":0.003302655,"data_set_value_component_F_variable_v_35":4.4604906034,"data_set_value_component_F_variable_v_37":0.05,"data_set_value_component_F_variable_IEP":0.3049444032,"data_set_value_component_F_variable_PPX":1.0,"data_set_value_component_F_variable_Cdc20T":2.6656910524},{"data_set_value_component_environment_variable_time":0.7,"data_set_value_component_A_variable_K1":0.6,"data_set_value_component_A_variable_K1a":0.1,"data_set_value_component_A_variable_K2":20.0,"data_set_value_component_A_variable_K2a":0.05,"data_set_value_component_A_variable_K2aa":1.0,"data_set_value_component_A_variable_K3":140.0,"data_set_value_component_A_variable_K3a":7.5,"data_set_value_component_A_variable_K4":40.0,"data_set_value_component_A_variable_J1":0.1,"data_set_value_component_A_variable_J3":0.01,"data_set_value_component_A_variable_J4":0.04,"data_set_value_component_A_variable_v_20":7.7307557899,"data_set_value_component_A_variable_v_21":7.7310528293,"data_set_value_component_A_variable_v_42":0.6993400901,"data_set_value_component_A_variable_v_19":0.3004264687,"data_set_value_component_A_variable_GA":0.3,"data_set_value_component_A_variable_GB":1.0,"data_set_value_component_A_variable_GE":0.0,"data_set_value_component_A_variable_V_2":0.0996882202,"data_set_value_component_A_variable_V_4":137.6498007989,"data_set_value_component_A_variable_Cdh1":0.0023802732,"data_set_value_component_A_variable_CYCB":3.0136606719,"data_set_value_component_B_variable_k15":0.25,"data_set_value_component_B_variable_k16":0.25,"data_set_value_component_B_variable_k17":10.0,"data_set_value_component_B_variable_k17a":0.35,"data_set_value_component_B_variable_k18":10.0,"data_set_value_component_B_variable_K9":2.5,"data_set_value_component_B_variable_J17":0.3,"data_set_value_component_B_variable_J15":0.1,"data_set_value_component_B_variable_v_1":0.0030452238,"data_set_value_component_B_variable_v_2":9.0053281246,"data_set_value_component_B_variable_v_34":0.0030452178,"data_set_value_component_B_variable_v_39":2.2513320312,"data_set_value_component_B_variable_v_41":9.0053281187,"data_set_value_component_B_variable_DRG":0.9005328125,"data_set_value_component_B_variable_ERG":0.0121808952,"data_set_value_component_C_variable_K19":20.0,"data_set_value_component_C_variable_K19a":0.0,"data_set_value_component_C_variable_K20":10.0,"data_set_value_component_C_variable_K21":1.0,"data_set_value_component_C_variable_K22":1.0,"data_set_value_component_C_variable_K23a":0.005,"data_set_value_component_C_variable_K23":1.0,"data_set_value_component_C_variable_K26":10000.0,"data_set_value_component_C_variable_K26R":200.0,"data_set_value_component_C_variable_v_29":0.1971979817,"data_set_value_component_C_variable_v_30":0.8603061878,"data_set_value_component_C_variable_v_43":0.0083517757,"data_set_value_component_C_variable_v_44":1.0646816162,"data_set_value_component_C_variable_v_45":0.2026002172,"data_set_value_component_C_variable_v_46":4.1389159441,"data_set_value_component_C_variable_v_47":4.0632035246,"data_set_value_component_C_variable_v_48":0.3995807053,"data_set_value_component_C_variable_v_49":0.8838742621,"data_set_value_component_C_variable_v_50":1.7432306167,"data_set_value_component_C_variable_v_51":0.0044193713,"data_set_value_component_C_variable_v_52":0.0045017179,"data_set_value_component_C_variable_LA":3.0,"data_set_value_component_C_variable_LB":5.0,"data_set_value_component_C_variable_LD":3.3,"data_set_value_component_C_variable_LE":5.0,"data_set_value_component_C_variable_FE":25.0,"data_set_value_component_C_variable_FB":2.0,"data_set_value_component_C_variable_Rb":0.0000429029,"data_set_value_component_C_variable_PPRb":9.9945269057,"data_set_value_component_C_variable_E2F":0.931361413,"data_set_value_component_C_variable_PE2F":4.0632035246,"data_set_value_component_C_variable_E2FRb":0.0010130011,"data_set_value_component_C_variable_PE2FRb":0.0044193713,"data_set_value_component_C_variable_PP1A":0.0053263232,"data_set_value_component_C_variable_PP1T":1.0,"data_set_value_component_C_variable_CYCDT":0.010976,"data_set_value_component_D_variable_K5":20.0,"data_set_value_component_D_variable_K6a":10.0,"data_set_value_component_D_variable_K6":100.0,"data_set_value_component_D_variable_K7a":0.0,"data_set_value_component_D_variable_K7":0.6,"data_set_value_component_D_variable_K8a":0.1,"data_set_value_component_D_variable_K8":2.0,"data_set_value_component_D_variable_K10":5.0,"data_set_value_component_D_variable_k24":1000.0,"data_set_value_component_D_variable_k24r":10.0,"data_set_value_component_D_variable_K25":1000.0,"data_set_value_component_D_variable_K25R":10.0,"data_set_value_component_D_variable_K29":0.05,"data_set_value_component_D_variable_K30":20.0,"data_set_value_component_D_variable_J8":0.1,"data_set_value_component_D_variable_v_3":0.0499724126,"data_set_value_component_D_variable_v_4":2.2013595763,"data_set_value_component_D_variable_v_5":0.1561608231,"data_set_value_component_D_variable_v_6":12.8890158408,"data_set_value_component_D_variable_v_7":3.9814401871,"data_set_value_component_D_variable_v_8":0.0999448252,"data_set_value_component_D_variable_v_9":0.062762826,"data_set_value_component_D_variable_v_10":0.0014426702,"data_set_value_component_D_variable_v_11":0.0036739341,"data_set_value_component_D_variable_v_12":0.3276160082,"data_set_value_component_D_variable_v_13":0.0116804254,"data_set_value_component_D_variable_v_14":0.5490099056,"data_set_value_component_D_variable_v_15":3.4679855009,"data_set_value_component_D_variable_v_16":0.1408930006,"data_set_value_component_D_variable_v_17":3.8328195506,"data_set_value_component_D_variable_v_18":12.5638624944,"data_set_value_component_D_variable_v_36":0.0813381382,"data_set_value_component_D_variable_v_38":0.5588168478,"data_set_value_component_D_variable_v_40":20.0,"data_set_value_component_D_variable_HA":0.5,"data_set_value_component_D_variable_HB":1.0,"data_set_value_component_D_variable_HE":0.5,"data_set_value_component_D_variable_YE":1.0,"data_set_value_component_D_variable_YB":0.05,"data_set_value_component_D_variable_p27":0.0090431391,"data_set_value_component_D_variable_V_6":383.4935467495,"data_set_value_component_D_variable_V_8":31.7926920704,"data_set_value_component_D_variable_Cdc20":0.00220177,"data_set_value_component_D_variable_CA":0.0327616008,"data_set_value_component_D_variable_CD":0.0099944825,"data_set_value_component_D_variable_CE":0.0003673934,"data_set_value_component_D_variable_CYCA":1.4252811604,"data_set_value_component_D_variable_CYCD":0.4402719153,"data_set_value_component_D_variable_CYCE":0.0172684309,"data_set_value_component_D_variable_CYCET":0.000542587,"data_set_value_component_E_variable_eps":1.0,"data_set_value_component_E_variable_K27":0.2,"data_set_value_component_E_variable_K28":0.2,"data_set_value_component_E_variable_v_31":0.3493300758,"data_set_value_component_E_variable_v_32":0.2805903907,"data_set_value_component_E_variable_v_33":0.0855800692,"data_set_value_component_E_variable_r31switch":1.0,"data_set_value_component_E_variable_MU":0.061,"data_set_value_component_E_variable_GM":1.4029519534,"data_set_value_component_E_variable_MASS":1.7466503789,"data_set_value_component_F_variable_K11a":0.0,"data_set_value_component_F_variable_K11":1.5,"data_set_value_component_F_variable_K12":1.5,"data_set_value_component_F_variable_K13":5.0,"data_set_value_component_F_variable_K14":2.5,"data_set_value_component_F_variable_K31":0.7,"data_set_value_component_F_variable_K32":1.8,"data_set_value_component_F_variable_K33":0.05,"data_set_value_component_F_variable_K34":0.05,"data_set_value_component_F_variable_J13":0.005,"data_set_value_component_F_variable_J14":0.005,"data_set_value_component_F_variable_J31":0.01,"data_set_value_component_F_variable_J32":0.01,"data_set_value_component_F_variable_v_22":0.05,"data_set_value_component_F_variable_v_23":2.0782211381,"data_set_value_component_F_variable_v_24":1.7481129264,"data_set_value_component_F_variable_v_25":4.0671700949,"data_set_value_component_F_variable_v_26":1.6814329173,"data_set_value_component_F_variable_v_27":0.764315578,"data_set_value_component_F_variable_v_28":0.003302655,"data_set_value_component_F_variable_v_35":4.5204910078,"data_set_value_component_F_variable_v_37":0.05,"data_set_value_component_F_variable_IEP":0.3369072113,"data_set_value_component_F_variable_PPX":1.0,"data_set_value_component_F_variable_Cdc20T":2.7114467299},{"data_set_value_component_environment_variable_time":0.8,"data_set_value_component_A_variable_K1":0.6,"data_set_value_component_A_variable_K1a":0.1,"data_set_value_component_A_variable_K2":20.0,"data_set_value_component_A_variable_K2a":0.05,"data_set_value_component_A_variable_K2aa":1.0,"data_set_value_component_A_variable_K3":140.0,"data_set_value_component_A_variable_K3a":7.5,"data_set_value_component_A_variable_K4":40.0,"data_set_value_component_A_variable_J1":0.1,"data_set_value_component_A_variable_J3":0.01,"data_set_value_component_A_variable_J4":0.04,"data_set_value_component_A_variable_v_20":7.7307580394,"data_set_value_component_A_variable_v_21":7.731046435,"data_set_value_component_A_variable_v_42":0.6993571556,"data_set_value_component_A_variable_v_19":0.3026105052,"data_set_value_component_A_variable_GA":0.3,"data_set_value_component_A_variable_GB":1.0,"data_set_value_component_A_variable_GE":0.0,"data_set_value_component_A_variable_V_2":0.0991046659,"data_set_value_component_A_variable_V_4":139.2661028316,"data_set_value_component_A_variable_Cdh1":0.0023510224,"data_set_value_component_A_variable_CYCB":3.0534435744,"data_set_value_component_B_variable_k15":0.25,"data_set_value_component_B_variable_k16":0.25,"data_set_value_component_B_variable_k17":10.0,"data_set_value_component_B_variable_k17a":0.35,"data_set_value_component_B_variable_k18":10.0,"data_set_value_component_B_variable_K9":2.5,"data_set_value_component_B_variable_J17":0.3,"data_set_value_component_B_variable_J15":0.1,"data_set_value_component_B_variable_v_1":0.0030452237,"data_set_value_component_B_variable_v_2":9.0053281205,"data_set_value_component_B_variable_v_34":0.0030452178,"data_set_value_component_B_variable_v_39":2.2513320301,"data_set_value_component_B_variable_v_41":9.0053281176,"data_set_value_component_B_variable_DRG":0.900532812,"data_set_value_component_B_variable_ERG":0.0121808946,"data_set_value_component_C_variable_K19":20.0,"data_set_value_component_C_variable_K19a":0.0,"data_set_value_component_C_variable_K20":10.0,"data_set_value_component_C_variable_K21":1.0,"data_set_value_component_C_variable_K22":1.0,"data_set_value_component_C_variable_K23a":0.005,"data_set_value_component_C_variable_K23":1.0,"data_set_value_component_C_variable_K26":10000.0,"data_set_value_component_C_variable_K26R":200.0,"data_set_value_component_C_variable_v_29":0.1935050363,"data_set_value_component_C_variable_v_30":0.8525861353,"data_set_value_component_C_variable_v_43":0.0083043193,"data_set_value_component_C_variable_v_44":1.0532674051,"data_set_value_component_C_variable_v_45":0.1967415448,"data_set_value_component_C_variable_v_46":4.1444934274,"data_set_value_component_C_variable_v_47":4.0707667899,"data_set_value_component_C_variable_v_48":0.3900396257,"data_set_value_component_C_variable_v_49":0.866846241,"data_set_value_component_C_variable_v_50":1.7185179503,"data_set_value_component_C_variable_v_51":0.0043342312,"data_set_value_component_C_variable_v_52":0.0044127229,"data_set_value_component_C_variable_LA":3.0,"data_set_value_component_C_variable_LB":5.0,"data_set_value_component_C_variable_LD":3.3,"data_set_value_component_C_variable_LE":5.0,"data_set_value_component_C_variable_FE":25.0,"data_set_value_component_C_variable_FB":2.0,"data_set_value_component_C_variable_Rb":0.0000422161,"data_set_value_component_C_variable_PPRb":9.994642026,"data_set_value_component_C_variable_E2F":0.9239125811,"data_set_value_component_C_variable_PE2F":4.0707667899,"data_set_value_component_C_variable_E2FRb":0.0009837077,"data_set_value_component_C_variable_PE2FRb":0.0043342312,"data_set_value_component_C_variable_PP1A":0.0052691602,"data_set_value_component_C_variable_PP1T":1.0,"data_set_value_component_C_variable_CYCDT":0.010976,"data_set_value_component_D_variable_K5":20.0,"data_set_value_component_D_variable_K6a":10.0,"data_set_value_component_D_variable_K6":100.0,"data_set_value_component_D_variable_K7a":0.0,"data_set_value_component_D_variable_K7":0.6,"data_set_value_component_D_variable_K8a":0.1,"data_set_value_component_D_variable_K8":2.0,"data_set_value_component_D_variable_K10":5.0,"data_set_value_component_D_variable_k24":1000.0,"data_set_value_component_D_variable_k24r":10.0,"data_set_value_component_D_variable_K25":1000.0,"data_set_value_component_D_variable_K25R":10.0,"data_set_value_component_D_variable_K29":0.05,"data_set_value_component_D_variable_K30":20.0,"data_set_value_component_D_variable_J8":0.1,"data_set_value_component_D_variable_v_3":0.0493329901,"data_set_value_component_D_variable_v_4":2.2019990152,"data_set_value_component_D_variable_v_5":0.1541042467,"data_set_value_component_D_variable_v_6":12.8693133432,"data_set_value_component_D_variable_v_7":3.9707080721,"data_set_value_component_D_variable_v_8":0.0986659801,"data_set_value_component_D_variable_v_9":0.0628545148,"data_set_value_component_D_variable_v_10":0.0014256962,"data_set_value_component_D_variable_v_11":0.0035904764,"data_set_value_component_D_variable_v_12":0.3237613797,"data_set_value_component_D_variable_v_13":0.0114429094,"data_set_value_component_D_variable_v_14":0.5447260473,"data_set_value_component_D_variable_v_15":3.4943610375,"data_set_value_component_D_variable_v_16":0.1391550635,"data_set_value_component_D_variable_v_17":3.8239690279,"data_set_value_component_D_variable_v_18":12.54792672,"data_set_value_component_D_variable_v_36":0.0810839256,"data_set_value_component_D_variable_v_38":0.5543475487,"data_set_value_component_D_variable_v_40":20.0,"data_set_value_component_D_variable_HA":0.5,"data_set_value_component_D_variable_HB":1.0,"data_set_value_component_D_variable_HE":0.5,"data_set_value_component_D_variable_YE":1.0,"data_set_value_component_D_variable_YB":0.05,"data_set_value_component_D_variable_p27":0.0090161441,"data_set_value_component_D_variable_V_6":387.5671252358,"data_set_value_component_D_variable_V_8":31.8701698806,"data_set_value_component_D_variable_Cdc20":0.00220177,"data_set_value_component_D_variable_CA":0.032376138,"data_set_value_component_D_variable_CD":0.009866598,"data_set_value_component_D_variable_CE":0.0003590476,"data_set_value_component_D_variable_CYCA":1.4273633213,"data_set_value_component_D_variable_CYCD":0.440399803,"data_set_value_component_D_variable_CYCE":0.0170920346,"data_set_value_component_D_variable_CYCET":0.000542587,"data_set_value_component_E_variable_eps":1.0,"data_set_value_component_E_variable_K27":0.2,"data_set_value_component_E_variable_K28":0.2,"data_set_value_component_E_variable_v_31":0.3510458771,"data_set_value_component_E_variable_v_32":0.281968558,"data_set_value_component_E_variable_v_33":0.0860004102,"data_set_value_component_E_variable_r31switch":1.0,"data_set_value_component_E_variable_MU":0.061,"data_set_value_component_E_variable_GM":1.4098427898,"data_set_value_component_E_variable_MASS":1.7552293857,"data_set_value_component_F_variable_K11a":0.0,"data_set_value_component_F_variable_K11":1.5,"data_set_value_component_F_variable_K12":1.5,"data_set_value_component_F_variable_K13":5.0,"data_set_value_component_F_variable_K14":2.5,"data_set_value_component_F_variable_K31":0.7,"data_set_value_component_F_variable_K32":1.8,"data_set_value_component_F_variable_K33":0.05,"data_set_value_component_F_variable_K34":0.05,"data_set_value_component_F_variable_J13":0.005,"data_set_value_component_F_variable_J14":0.005,"data_set_value_component_F_variable_J31":0.01,"data_set_value_component_F_variable_J32":0.01,"data_set_value_component_F_variable_v_22":0.05,"data_set_value_component_F_variable_v_23":2.1039626529,"data_set_value_component_F_variable_v_24":1.7527524598,"data_set_value_component_F_variable_v_25":4.1345777928,"data_set_value_component_F_variable_v_26":1.8514998216,"data_set_value_component_F_variable_v_27":0.764315578,"data_set_value_component_F_variable_v_28":0.003302655,"data_set_value_component_F_variable_v_35":4.5801653616,"data_set_value_component_F_variable_v_37":0.05,"data_set_value_component_F_variable_IEP":0.3709722143,"data_set_value_component_F_variable_PPX":1.0,"data_set_value_component_F_variable_Cdc20T":2.7563851952},{"data_set_value_component_environment_variable_time":0.9,"data_set_value_component_A_variable_K1":0.6,"data_set_value_component_A_variable_K1a":0.1,"data_set_value_component_A_variable_K2":20.0,"data_set_value_component_A_variable_K2a":0.05,"data_set_value_component_A_variable_K2aa":1.0,"data_set_value_component_A_variable_K3":140.0,"data_set_value_component_A_variable_K3a":7.5,"data_set_value_component_A_variable_K4":40.0,"data_set_value_component_A_variable_J1":0.1,"data_set_value_component_A_variable_J3":0.01,"data_set_value_component_A_variable_J4":0.04,"data_set_value_component_A_variable_v_20":7.7307602219,"data_set_value_component_A_variable_v_21":7.7310410738,"data_set_value_component_A_variable_v_42":0.6993734803,"data_set_value_component_A_variable_v_19":0.3047805155,"data_set_value_component_A_variable_GA":0.3,"data_set_value_component_A_variable_GB":1.0,"data_set_value_component_A_variable_GE":0.0,"data_set_value_component_A_variable_V_2":0.0985384695,"data_set_value_component_A_variable_V_4":140.8732554395,"data_set_value_component_A_variable_Cdh1":0.0023226416,"data_set_value_component_A_variable_CYCB":3.0930104464,"data_set_value_component_B_variable_k15":0.25,"data_set_value_component_B_variable_k16":0.25,"data_set_value_component_B_variable_k17":10.0,"data_set_value_component_B_variable_k17a":0.35,"data_set_value_component_B_variable_k18":10.0,"data_set_value_component_B_variable_K9":2.5,"data_set_value_component_B_variable_J17":0.3,"data_set_value_component_B_variable_J15":0.1,"data_set_value_component_B_variable_v_1":0.0030452235,"data_set_value_component_B_variable_v_2":9.0053281184,"data_set_value_component_B_variable_v_34":0.0030452178,"data_set_value_component_B_variable_v_39":2.2513320296,"data_set_value_component_B_variable_v_41":9.005328117,"data_set_value_component_B_variable_DRG":0.9005328118,"data_set_value_component_B_variable_ERG":0.0121808941,"data_set_value_component_C_variable_K19":20.0,"data_set_value_component_C_variable_K19a":0.0,"data_set_value_component_C_variable_K20":10.0,"data_set_value_component_C_variable_K21":1.0,"data_set_value_component_C_variable_K22":1.0,"data_set_value_component_C_variable_K23a":0.005,"data_set_value_component_C_variable_K23":1.0,"data_set_value_component_C_variable_K26":10000.0,"data_set_value_component_C_variable_K26R":200.0,"data_set_value_component_C_variable_v_29":0.1899419875,"data_set_value_component_C_variable_v_30":0.8450452974,"data_set_value_component_C_variable_v_43":0.0082581468,"data_set_value_component_C_variable_v_44":1.0421589424,"data_set_value_component_C_variable_v_45":0.1911453979,"data_set_value_component_C_variable_v_46":4.1500612445,"data_set_value_component_C_variable_v_47":4.0781379109,"data_set_value_component_C_variable_v_48":0.3808902088,"data_set_value_component_C_variable_v_49":0.8503992282,"data_set_value_component_C_variable_v_50":1.6945616761,"data_set_value_component_C_variable_v_51":0.0042519961,"data_set_value_component_C_variable_v_52":0.0043269713,"data_set_value_component_C_variable_LA":3.0,"data_set_value_component_C_variable_LB":5.0,"data_set_value_component_C_variable_LD":3.3,"data_set_value_component_C_variable_LE":5.0,"data_set_value_component_C_variable_FE":25.0,"data_set_value_component_C_variable_FB":2.0,"data_set_value_component_C_variable_Rb":0.0000415523,"data_set_value_component_C_variable_PPRb":9.9947529055,"data_set_value_component_C_variable_E2F":0.916651676,"data_set_value_component_C_variable_PE2F":4.0781379109,"data_set_value_component_C_variable_E2FRb":0.000955727,"data_set_value_component_C_variable_PE2FRb":0.0042519961,"data_set_value_component_C_variable_PP1A":0.0052135303,"data_set_value_component_C_variable_PP1T":1.0,"data_set_value_component_C_variable_CYCDT":0.010976,"data_set_value_component_D_variable_K5":20.0,"data_set_value_component_D_variable_K6a":10.0,"data_set_value_component_D_variable_K6":100.0,"data_set_value_component_D_variable_K7a":0.0,"data_set_value_component_D_variable_K7":0.6,"data_set_value_component_D_variable_K8a":0.1,"data_set_value_component_D_variable_K8":2.0,"data_set_value_component_D_variable_K10":5.0,"data_set_value_component_D_variable_k24":1000.0,"data_set_value_component_D_variable_k24r":10.0,"data_set_value_component_D_variable_K25":1000.0,"data_set_value_component_D_variable_K25R":10.0,"data_set_value_component_D_variable_K29":0.05,"data_set_value_component_D_variable_K30":20.0,"data_set_value_component_D_variable_J8":0.1,"data_set_value_component_D_variable_v_3":0.048711282,"data_set_value_component_D_variable_v_4":2.2026207329,"data_set_value_component_D_variable_v_5":0.1521077709,"data_set_value_component_D_variable_v_6":12.8497939595,"data_set_value_component_D_variable_v_7":3.9601455959,"data_set_value_component_D_variable_v_8":0.097422564,"data_set_value_component_D_variable_v_9":0.0629443387,"data_set_value_component_D_variable_v_10":0.001409169,"data_set_value_component_D_variable_v_11":0.0035102674,"data_set_value_component_D_variable_v_12":0.320008215,"data_set_value_component_D_variable_v_13":0.0112141404,"data_set_value_component_D_variable_v_14":0.5405498628,"data_set_value_component_D_variable_v_15":3.5204908083,"data_set_value_component_D_variable_v_16":0.1374681147,"data_set_value_component_D_variable_v_17":3.8152353666,"data_set_value_component_D_variable_v_18":12.5320727517,"data_set_value_component_D_variable_v_36":0.0808418272,"data_set_value_component_D_variable_v_38":0.5499910056,"data_set_value_component_D_variable_v_40":20.0,"data_set_value_component_D_variable_HA":0.5,"data_set_value_component_D_variable_HB":1.0,"data_set_value_component_D_variable_HE":0.5,"data_set_value_component_D_variable_YE":1.0,"data_set_value_component_D_variable_YB":0.05,"data_set_value_component_D_variable_p27":0.0089896221,"data_set_value_component_D_variable_V_6":391.6172199554,"data_set_value_component_D_variable_V_8":31.9466846019,"data_set_value_component_D_variable_Cdc20":0.00220177,"data_set_value_component_D_variable_CA":0.0320008215,"data_set_value_component_D_variable_CD":0.0097422564,"data_set_value_component_D_variable_CE":0.0003510267,"data_set_value_component_D_variable_CYCA":1.429403132,"data_set_value_component_D_variable_CYCD":0.4405241466,"data_set_value_component_D_variable_CYCE":0.0169203744,"data_set_value_component_D_variable_CYCET":0.000542587,"data_set_value_component_E_variable_eps":1.0,"data_set_value_component_E_variable_K27":0.2,"data_set_value_component_E_variable_K28":0.2,"data_set_value_component_E_variable_v_31":0.3527701059,"data_set_value_component_E_variable_v_32":0.2833534945,"data_set_value_component_E_variable_v_33":0.0864228158,"data_set_value_component_E_variable_r31switch":1.0,"data_set_value_component_E_variable_MU":0.061,"data_set_value_component_E_variable_GM":1.4167674725,"data_set_value_component_E_variable_MASS":1.7638505297,"data_set_value_component_F_variable_K11a":0.0,"data_set_value_component_F_variable_K11":1.5,"data_set_value_component_F_variable_K12":1.5,"data_set_value_component_F_variable_K13":5.0,"data_set_value_component_F_variable_K14":2.5,"data_set_value_component_F_variable_K31":0.7,"data_set_value_component_F_variable_K32":1.8,"data_set_value_component_F_variable_K33":0.05,"data_set_value_component_F_variable_K34":0.05,"data_set_value_component_F_variable_J13":0.005,"data_set_value_component_F_variable_J14":0.005,"data_set_value_component_F_variable_J31":0.01,"data_set_value_component_F_variable_J32":0.01,"data_set_value_component_F_variable_v_22":0.05,"data_set_value_component_F_variable_v_23":2.1291927688,"data_set_value_component_F_variable_v_24":1.7568500814,"data_set_value_component_F_variable_v_25":4.2008851427,"data_set_value_component_F_variable_v_26":2.0321204495,"data_set_value_component_F_variable_v_27":0.764315578,"data_set_value_component_F_variable_v_28":0.003302655,"data_set_value_component_F_variable_v_35":4.6395156696,"data_set_value_component_F_variable_v_37":0.05,"data_set_value_component_F_variable_IEP":0.4071502652,"data_set_value_component_F_variable_PPX":1.0,"data_set_value_component_F_variable_Cdc20T":2.8005900951},{"data_set_value_component_environment_variable_time":1.0,"data_set_value_component_A_variable_K1":0.6,"data_set_value_component_A_variable_K1a":0.1,"data_set_value_component_A_variable_K2":20.0,"data_set_value_component_A_variable_K2a":0.05,"data_set_value_component_A_variable_K2aa":1.0,"data_set_value_component_A_variable_K3":140.0,"data_set_value_component_A_variable_K3a":7.5,"data_set_value_component_A_variable_K4":40.0,"data_set_value_component_A_variable_J1":0.1,"data_set_value_component_A_variable_J3":0.01,"data_set_value_component_A_variable_J4":0.04,"data_set_value_component_A_variable_v_20":7.7307623403,"data_set_value_component_A_variable_v_21":7.7310341361,"data_set_value_component_A_variable_v_42":0.6993891075,"data_set_value_component_A_variable_v_19":0.3069366213,"data_set_value_component_A_variable_GA":0.3,"data_set_value_component_A_variable_GB":1.0,"data_set_value_component_A_variable_GE":0.0,"data_set_value_component_A_variable_V_2":0.0979888536,"data_set_value_component_A_variable_V_4":142.471331103,"data_set_value_component_A_variable_Cdh1":0.0022950919,"data_set_value_component_A_variable_CYCB":3.1323626113,"data_set_value_component_B_variable_k15":0.25,"data_set_value_component_B_variable_k16":0.25,"data_set_value_component_B_variable_k17":10.0,"data_set_value_component_B_variable_k17a":0.35,"data_set_value_component_B_variable_k18":10.0,"data_set_value_component_B_variable_K9":2.5,"data_set_value_component_B_variable_J17":0.3,"data_set_value_component_B_variable_J15":0.1,"data_set_value_component_B_variable_v_1":0.0030452234,"data_set_value_component_B_variable_v_2":9.0053281174,"data_set_value_component_B_variable_v_34":0.0030452178,"data_set_value_component_B_variable_v_39":2.2513320293,"data_set_value_component_B_variable_v_41":9.0053281166,"data_set_value_component_B_variable_DRG":0.9005328117,"data_set_value_component_B_variable_ERG":0.0121808935,"data_set_value_component_C_variable_K19":20.0,"data_set_value_component_C_variable_K19a":0.0,"data_set_value_component_C_variable_K20":10.0,"data_set_value_component_C_variable_K21":1.0,"data_set_value_component_C_variable_K22":1.0,"data_set_value_component_C_variable_K23a":0.005,"data_set_value_component_C_variable_K23":1.0,"data_set_value_component_C_variable_K26":10000.0,"data_set_value_component_C_variable_K26R":200.0,"data_set_value_component_C_variable_v_29":0.1865024454,"data_set_value_component_C_variable_v_30":0.8376792798,"data_set_value_component_C_variable_v_43":0.0082132133,"data_set_value_component_C_variable_v_44":1.0313441215,"data_set_value_component_C_variable_v_45":0.1857963621,"data_set_value_component_C_variable_v_46":4.1555813375,"data_set_value_component_C_variable_v_47":4.085332375,"data_set_value_component_C_variable_v_48":0.3721077944,"data_set_value_component_C_variable_v_49":0.8345078933,"data_set_value_component_C_variable_v_50":1.6713337372,"data_set_value_component_C_variable_v_51":0.0041725395,"data_set_value_component_C_variable_v_52":0.0042442994,"data_set_value_component_C_variable_LA":3.0,"data_set_value_component_C_variable_LB":5.0,"data_set_value_component_C_variable_LD":3.3,"data_set_value_component_C_variable_LE":5.0,"data_set_value_component_C_variable_FE":25.0,"data_set_value_component_C_variable_FB":2.0,"data_set_value_component_C_variable_Rb":0.0000409106,"data_set_value_component_C_variable_PPRb":9.9948597491,"data_set_value_component_C_variable_E2F":0.9095634138,"data_set_value_component_C_variable_PE2F":4.085332375,"data_set_value_component_C_variable_E2FRb":0.0009289818,"data_set_value_component_C_variable_PE2FRb":0.0041725395,"data_set_value_component_C_variable_PP1A":0.0051593727,"data_set_value_component_C_variable_PP1T":1.0,"data_set_value_component_C_variable_CYCDT":0.010976,"data_set_value_component_D_variable_K5":20.0,"data_set_value_component_D_variable_K6a":10.0,"data_set_value_component_D_variable_K6":100.0,"data_set_value_component_D_variable_K7a":0.0,"data_set_value_component_D_variable_K7":0.6,"data_set_value_component_D_variable_K8a":0.1,"data_set_value_component_D_variable_K8":2.0,"data_set_value_component_D_variable_K10":5.0,"data_set_value_component_D_variable_k24":1000.0,"data_set_value_component_D_variable_k24r":10.0,"data_set_value_component_D_variable_K25":1000.0,"data_set_value_component_D_variable_K25R":10.0,"data_set_value_component_D_variable_K29":0.05,"data_set_value_component_D_variable_K30":20.0,"data_set_value_component_D_variable_J8":0.1,"data_set_value_component_D_variable_v_3":0.0481066511,"data_set_value_component_D_variable_v_4":2.2032253695,"data_set_value_component_D_variable_v_5":0.1501676099,"data_set_value_component_D_variable_v_6":12.8304567116,"data_set_value_component_D_variable_v_7":3.9497476411,"data_set_value_component_D_variable_v_8":0.0962133023,"data_set_value_component_D_variable_v_9":0.0630323694,"data_set_value_component_D_variable_v_10":0.0013930736,"data_set_value_component_D_variable_v_11":0.0034327504,"data_set_value_component_D_variable_v_12":0.3163531182,"data_set_value_component_D_variable_v_13":0.0109924436,"data_set_value_component_D_variable_v_14":0.5364729961,"data_set_value_component_D_variable_v_15":3.5463781638,"data_set_value_component_D_variable_v_16":0.135814718,"data_set_value_component_D_variable_v_17":3.8066218508,"data_set_value_component_D_variable_v_18":12.516322208,"data_set_value_component_D_variable_v_36":0.0806106951,"data_set_value_component_D_variable_v_38":0.5457380483,"data_set_value_component_D_variable_v_40":20.0,"data_set_value_component_D_variable_HA":0.5,"data_set_value_component_D_variable_HB":1.0,"data_set_value_component_D_variable_HE":0.5,"data_set_value_component_D_variable_YE":1.0,"data_set_value_component_D_variable_YB":0.05,"data_set_value_component_D_variable_p27":0.0089635579,"data_set_value_component_D_variable_V_6":395.6440284479,"data_set_value_component_D_variable_V_8":32.0222634875,"data_set_value_component_D_variable_Cdc20":0.00220177,"data_set_value_component_D_variable_CA":0.0316353118,"data_set_value_component_D_variable_CD":0.0096213302,"data_set_value_component_D_variable_CE":0.000343275,"data_set_value_component_D_variable_CYCA":1.431402221,"data_set_value_component_D_variable_CYCD":0.4406450739,"data_set_value_component_D_variable_CYCE":0.0167531254,"data_set_value_component_D_variable_CYCET":0.000542587,"data_set_value_component_E_variable_eps":1.0,"data_set_value_component_E_variable_K27":0.2,"data_set_value_component_E_variable_K28":0.2,"data_set_value_component_E_variable_v_31":0.3545028036,"data_set_value_component_E_variable_v_32":0.2847452335,"data_set_value_component_E_variable_v_33":0.0868472962,"data_set_value_component_E_variable_r31switch":1.0,"data_set_value_component_E_variable_MU":0.061,"data_set_value_component_E_variable_GM":1.4237261676,"data_set_value_component_E_variable_MASS":1.772514018,"data_set_value_component_F_variable_K11a":0.0,"data_set_value_component_F_variable_K11":1.5,"data_set_value_component_F_variable_K12":1.5,"data_set_value_component_F_variable_K13":5.0,"data_set_value_component_F_variable_K14":2.5,"data_set_value_component_F_variable_K31":0.7,"data_set_value_component_F_variable_K32":1.8,"data_set_value_component_F_variable_K33":0.05,"data_set_value_component_F_variable_K34":0.05,"data_set_value_component_F_variable_J13":0.005,"data_set_value_component_F_variable_J14":0.005,"data_set_value_component_F_variable_J31":0.01,"data_set_value_component_F_variable_J32":0.01,"data_set_value_component_F_variable_v_22":0.05,"data_set_value_component_F_variable_v_23":2.1538158114,"data_set_value_component_F_variable_v_24":1.7604774498,"data_set_value_component_F_variable_v_25":4.266200418,"data_set_value_component_F_variable_v_26":2.2232694417,"data_set_value_component_F_variable_v_27":0.764315578,"data_set_value_component_F_variable_v_28":0.003302655,"data_set_value_component_F_variable_v_35":4.6985439169,"data_set_value_component_F_variable_v_37":0.05,"data_set_value_component_F_variable_IEP":0.4454361975,"data_set_value_component_F_variable_PPX":1.0,"data_set_value_component_F_variable_Cdc20T":2.844133612}]