[{"data_set_value_component_environment_variable_time":0.0,"data_set_value_component_membrane_variable_V":-78.041367,"data_set_value_component_membrane_variable_C":10.0,"data_set_value_component_fast_sodium_current_variable_i_Na":-0.2355387263,"data_set_value_component_fast_sodium_current_variable_E_Na":40.0,"data_set_value_component_fast_sodium_current_variable_g_Na":150.0,"data_set_value_component_fast_sodium_current_m_gate_variable_m":0.02566853,"data_set_value_component_fast_sodium_current_m_gate_variable_alpha_m":1.4580279023,"data_set_value_component_fast_sodium_current_m_gate_variable_beta_m":56.1033769618,"data_set_value_component_fast_sodium_current_h_gate_variable_h":0.78656359,"data_set_value_component_fast_sodium_current_h_gate_variable_alpha_h":0.0310524494,"data_set_value_component_fast_sodium_current_h_gate_variable_beta_h":0.009401659,"data_set_value_component_secondary_inward_current_variable_i_si":-0.3003948736,"data_set_value_component_secondary_inward_current_variable_g_si":0.8,"data_set_value_component_secondary_inward_current_variable_g_si_":0.04,"data_set_value_component_secondary_inward_current_variable_E_si":70.0,"data_set_value_component_secondary_inward_current_d_gate_variable_d":0.00293135,"data_set_value_component_secondary_inward_current_d_gate_variable_alpha_d":0.0017336257,"data_set_value_component_secondary_inward_current_d_gate_variable_beta_d":0.5862847911,"data_set_value_component_secondary_inward_current_f_gate_variable_f":0.80873917,"data_set_value_component_secondary_inward_current_f_gate_variable_alpha_f":0.0020310836,"data_set_value_component_secondary_inward_current_f_gate_variable_beta_f":0.0002138212,"data_set_value_component_secondary_inward_current_d1_gate_variable_d1":0.0033142471,"data_set_value_component_pacemaker_potassium_current_variable_i_K2":7.5819087807,"data_set_value_component_pacemaker_potassium_current_variable_I_K2":10.0457235385,"data_set_value_component_pacemaker_potassium_current_variable_E_K":-110.0,"data_set_value_component_pacemaker_potassium_current_s_gate_variable_s":0.75473994,"data_set_value_component_pacemaker_potassium_current_s_gate_variable_alpha_s":0.000143259,"data_set_value_component_pacemaker_potassium_current_s_gate_variable_beta_s":0.0002862297,"data_set_value_component_pacemaker_potassium_current_s_gate_variable_E_s":-52.0,"data_set_value_component_plateau_potassium_current1_variable_i_x1":0.0886692686,"data_set_value_component_plateau_potassium_current1_variable_I_x1":4.3673225156,"data_set_value_component_plateau_potassium_current1_x1_gate_variable_x1":0.02030289,"data_set_value_component_plateau_potassium_current1_x1_gate_variable_alpha_x1":0.0000410026,"data_set_value_component_plateau_potassium_current1_x1_gate_variable_beta_x1":0.0037769006,"data_set_value_component_plateau_potassium_current2_variable_i_x2":-0.0892392249,"data_set_value_component_plateau_potassium_current2_variable_I_x2":-5.045926295,"data_set_value_component_plateau_potassium_current2_x2_gate_variable_x2":0.0176854,"data_set_value_component_plateau_potassium_current2_x2_gate_variable_alpha_x2":0.0000000009,"data_set_value_component_plateau_potassium_current2_x2_gate_variable_beta_x2":0.0008715924,"data_set_value_component_transient_chloride_current_variable_i_qr":-8.4482487678,"data_set_value_component_transient_chloride_current_variable_E_Cl":-70.0,"data_set_value_component_transient_chloride_current_variable_g_qr":2.5,"data_set_value_component_transient_chloride_current_q_gate_variable_q":3.11285794,"data_set_value_component_transient_chloride_current_q_gate_variable_alpha_q":0.0002548582,"data_set_value_component_transient_chloride_current_q_gate_variable_beta_q":81.805521824,"data_set_value_component_transient_chloride_current_r_gate_variable_r":0.13500116,"data_set_value_component_transient_chloride_current_r_gate_variable_alpha_r":0.0001664361,"data_set_value_component_transient_chloride_current_r_gate_variable_beta_r":0.0002138212,"data_set_value_component_time_independent_outward_current_variable_i_K1":5.2351957233,"data_set_value_component_time_independent_outward_current_variable_E_K1":-30.0,"data_set_value_component_sodium_background_current_variable_i_Na_b":-12.394343535,"data_set_value_component_sodium_background_current_variable_g_Nab":0.105,"data_set_value_component_chloride_background_current_variable_i_Cl_b":-0.08041367,"data_set_value_component_chloride_background_current_variable_g_Clb":0.01},{"data_set_value_component_environment_variable_time":0.1,"data_set_value_component_membrane_variable_V":-78.0291904165,"data_set_value_component_membrane_variable_C":10.0,"data_set_value_component_fast_sodium_current_variable_i_Na":-0.2273253749,"data_set_value_component_fast_sodium_current_variable_E_Na":40.0,"data_set_value_component_fast_sodium_current_variable_g_Na":150.0,"data_set_value_component_fast_sodium_current_m_gate_variable_m":0.0253683502,"data_set_value_component_fast_sodium_current_m_gate_variable_alpha_m":1.4593152416,"data_set_value_component_fast_sodium_current_m_gate_variable_beta_m":56.0651337445,"data_set_value_component_fast_sodium_current_h_gate_variable_h":0.7864851982,"data_set_value_component_fast_sodium_current_h_gate_variable_alpha_h":0.0309829546,"data_set_value_component_fast_sodium_current_h_gate_variable_beta_h":0.0094110157,"data_set_value_component_secondary_inward_current_variable_i_si":-0.3005323305,"data_set_value_component_secondary_inward_current_variable_g_si":0.8,"data_set_value_component_secondary_inward_current_variable_g_si_":0.04,"data_set_value_component_secondary_inward_current_variable_E_si":70.0,"data_set_value_component_secondary_inward_current_d_gate_variable_d":0.0029325918,"data_set_value_component_secondary_inward_current_d_gate_variable_alpha_d":0.0017352305,"data_set_value_component_secondary_inward_current_d_gate_variable_beta_d":0.5856511953,"data_set_value_component_secondary_inward_current_f_gate_variable_f":0.8087606913,"data_set_value_component_secondary_inward_current_f_gate_variable_alpha_f":0.0020300946,"data_set_value_component_secondary_inward_current_f_gate_variable_beta_f":0.0002140454,"data_set_value_component_secondary_inward_current_d1_gate_variable_d1":0.0033202859,"data_set_value_component_pacemaker_potassium_current_variable_i_K2":7.5819443484,"data_set_value_component_pacemaker_potassium_current_variable_I_K2":10.0460111695,"data_set_value_component_pacemaker_potassium_current_variable_E_K":-110.0,"data_set_value_component_pacemaker_potassium_current_s_gate_variable_s":0.7547218712,"data_set_value_component_pacemaker_potassium_current_s_gate_variable_alpha_s":0.0001435431,"data_set_value_component_pacemaker_potassium_current_s_gate_variable_beta_s":0.0002859963,"data_set_value_component_pacemaker_potassium_current_s_gate_variable_E_s":-52.0,"data_set_value_component_plateau_potassium_current1_variable_i_x1":0.0886978227,"data_set_value_component_plateau_potassium_current1_variable_I_x1":4.3695135453,"data_set_value_component_plateau_potassium_current1_x1_gate_variable_x1":0.0202992443,"data_set_value_component_plateau_potassium_current1_x1_gate_variable_alpha_x1":0.0000410391,"data_set_value_component_plateau_potassium_current1_x1_gate_variable_beta_x1":0.0037758171,"data_set_value_component_plateau_potassium_current2_variable_i_x2":-0.0891485479,"data_set_value_component_plateau_potassium_current2_variable_I_x2":-5.0412383103,"data_set_value_component_plateau_potassium_current2_x2_gate_variable_x2":0.0176838591,"data_set_value_component_plateau_potassium_current2_x2_gate_variable_alpha_x2":0.0000000009,"data_set_value_component_plateau_potassium_current2_x2_gate_variable_beta_x2":0.0008713424,"data_set_value_component_transient_chloride_current_variable_i_qr":-0.0023889649,"data_set_value_component_transient_chloride_current_variable_E_Cl":-70.0,"data_set_value_component_transient_chloride_current_variable_g_qr":2.5,"data_set_value_component_transient_chloride_current_q_gate_variable_q":0.0008815024,"data_set_value_component_transient_chloride_current_q_gate_variable_alpha_q":0.000255129,"data_set_value_component_transient_chloride_current_q_gate_variable_beta_q":81.7171149038,"data_set_value_component_transient_chloride_current_r_gate_variable_r":0.1350126616,"data_set_value_component_transient_chloride_current_r_gate_variable_alpha_r":0.0001663551,"data_set_value_component_transient_chloride_current_r_gate_variable_beta_r":0.0002140454,"data_set_value_component_time_independent_outward_current_variable_i_K1":5.2358209448,"data_set_value_component_time_independent_outward_current_variable_E_K1":-30.0,"data_set_value_component_sodium_background_current_variable_i_Na_b":-12.3930649937,"data_set_value_component_sodium_background_current_variable_g_Nab":0.105,"data_set_value_component_chloride_background_current_variable_i_Cl_b":-0.0802919042,"data_set_value_component_chloride_background_current_variable_g_Clb":0.01},{"data_set_value_component_environment_variable_time":0.2,"data_set_value_component_membrane_variable_V":-78.0273481294,"data_set_value_component_membrane_variable_C":10.0,"data_set_value_component_fast_sodium_current_variable_i_Na":-0.2274361457,"data_set_value_component_fast_sodium_current_variable_E_Na":40.0,"data_set_value_component_fast_sodium_current_variable_g_Na":150.0,"data_set_value_component_fast_sodium_current_m_gate_variable_m":0.0253734478,"data_set_value_component_fast_sodium_current_m_gate_variable_alpha_m":1.4595101015,"data_set_value_component_fast_sodium_current_m_gate_variable_beta_m":56.0593499109,"data_set_value_component_fast_sodium_current_h_gate_variable_h":0.7864065585,"data_set_value_component_fast_sodium_current_h_gate_variable_alpha_h":0.0309724537,"data_set_value_component_fast_sodium_current_h_gate_variable_beta_h":0.0094124322,"data_set_value_component_secondary_inward_current_variable_i_si":-0.3006617516,"data_set_value_component_secondary_inward_current_variable_g_si":0.8,"data_set_value_component_secondary_inward_current_variable_g_si_":0.04,"data_set_value_component_secondary_inward_current_variable_E_si":70.0,"data_set_value_component_secondary_inward_current_d_gate_variable_d":0.0029338476,"data_set_value_component_secondary_inward_current_d_gate_variable_alpha_d":0.0017354734,"data_set_value_component_secondary_inward_current_d_gate_variable_beta_d":0.5855553935,"data_set_value_component_secondary_inward_current_f_gate_variable_f":0.8087821983,"data_set_value_component_secondary_inward_current_f_gate_variable_alpha_f":0.002029945,"data_set_value_component_secondary_inward_current_f_gate_variable_beta_f":0.0002140793,"data_set_value_component_secondary_inward_current_d1_gate_variable_d1":0.0033212006,"data_set_value_component_pacemaker_potassium_current_variable_i_K2":7.5817956256,"data_set_value_component_pacemaker_potassium_current_variable_I_K2":10.0460545314,"data_set_value_component_pacemaker_potassium_current_variable_E_K":-110.0,"data_set_value_component_pacemaker_potassium_current_s_gate_variable_s":0.7547038095,"data_set_value_component_pacemaker_potassium_current_s_gate_variable_alpha_s":0.0001435861,"data_set_value_component_pacemaker_potassium_current_s_gate_variable_beta_s":0.000285961,"data_set_value_component_pacemaker_potassium_current_s_gate_variable_E_s":-52.0,"data_set_value_component_plateau_potassium_current1_variable_i_x1":0.0886886311,"data_set_value_component_plateau_potassium_current1_variable_I_x1":4.3698449498,"data_set_value_component_plateau_potassium_current1_x1_gate_variable_x1":0.0202956014,"data_set_value_component_plateau_potassium_current1_x1_gate_variable_alpha_x1":0.0000410446,"data_set_value_component_plateau_potassium_current1_x1_gate_variable_beta_x1":0.0037756532,"data_set_value_component_plateau_potassium_current2_variable_i_x2":-0.0891282392,"data_set_value_component_plateau_potassium_current2_variable_I_x2":-5.0405290298,"data_set_value_component_plateau_potassium_current2_x2_gate_variable_x2":0.0176823184,"data_set_value_component_plateau_potassium_current2_x2_gate_variable_alpha_x2":0.0000000009,"data_set_value_component_plateau_potassium_current2_x2_gate_variable_beta_x2":0.0008713046,"data_set_value_component_transient_chloride_current_variable_i_qr":-0.0000094631,"data_set_value_component_transient_chloride_current_variable_E_Cl":-70.0,"data_set_value_component_transient_chloride_current_variable_g_qr":2.5,"data_set_value_component_transient_chloride_current_q_gate_variable_q":0.0000034923,"data_set_value_component_transient_chloride_current_q_gate_variable_alpha_q":0.00025517,"data_set_value_component_transient_chloride_current_q_gate_variable_beta_q":81.7037474783,"data_set_value_component_transient_chloride_current_r_gate_variable_r":0.1350241603,"data_set_value_component_transient_chloride_current_r_gate_variable_alpha_r":0.0001663428,"data_set_value_component_transient_chloride_current_r_gate_variable_beta_r":0.0002140793,"data_set_value_component_time_independent_outward_current_variable_i_K1":5.2359154957,"data_set_value_component_time_independent_outward_current_variable_E_K1":-30.0,"data_set_value_component_sodium_background_current_variable_i_Na_b":-12.3928715536,"data_set_value_component_sodium_background_current_variable_g_Nab":0.105,"data_set_value_component_chloride_background_current_variable_i_Cl_b":-0.0802734813,"data_set_value_component_chloride_background_current_variable_g_Clb":0.01},{"data_set_value_component_environment_variable_time":0.3,"data_set_value_component_membrane_variable_V":-78.0255078795,"data_set_value_component_membrane_variable_C":10.0,"data_set_value_component_fast_sodium_current_variable_i_Na":-0.2275670328,"data_set_value_component_fast_sodium_current_variable_E_Na":40.0,"data_set_value_component_fast_sodium_current_variable_g_Na":150.0,"data_set_value_component_fast_sodium_current_m_gate_variable_m":0.0253792923,"data_set_value_component_fast_sodium_current_m_gate_variable_alpha_m":1.4597047692,"data_set_value_component_fast_sodium_current_m_gate_variable_beta_m":56.0535730686,"data_set_value_component_fast_sodium_current_h_gate_variable_h":0.7863279011,"data_set_value_component_fast_sodium_current_h_gate_variable_alpha_h":0.030961968,"data_set_value_component_fast_sodium_current_h_gate_variable_beta_h":0.0094138473,"data_set_value_component_secondary_inward_current_variable_i_si":-0.3007891733,"data_set_value_component_secondary_inward_current_variable_g_si":0.8,"data_set_value_component_secondary_inward_current_variable_g_si_":0.04,"data_set_value_component_secondary_inward_current_variable_E_si":70.0,"data_set_value_component_secondary_inward_current_d_gate_variable_d":0.0029350825,"data_set_value_component_secondary_inward_current_d_gate_variable_alpha_d":0.0017357161,"data_set_value_component_secondary_inward_current_d_gate_variable_beta_d":0.5854597133,"data_set_value_component_secondary_inward_current_f_gate_variable_f":0.8088036949,"data_set_value_component_secondary_inward_current_f_gate_variable_alpha_f":0.0020297956,"data_set_value_component_secondary_inward_current_f_gate_variable_beta_f":0.0002141132,"data_set_value_component_secondary_inward_current_d1_gate_variable_d1":0.0033221144,"data_set_value_component_pacemaker_potassium_current_variable_i_K2":7.5816468793,"data_set_value_component_pacemaker_potassium_current_variable_I_K2":10.0460978045,"data_set_value_component_pacemaker_potassium_current_variable_E_K":-110.0,"data_set_value_component_pacemaker_potassium_current_s_gate_variable_s":0.7546857523,"data_set_value_component_pacemaker_potassium_current_s_gate_variable_alpha_s":0.0001436291,"data_set_value_component_pacemaker_potassium_current_s_gate_variable_beta_s":0.0002859257,"data_set_value_component_pacemaker_potassium_current_s_gate_variable_E_s":-52.0,"data_set_value_component_plateau_potassium_current1_variable_i_x1":0.0886794391,"data_set_value_component_plateau_potassium_current1_variable_I_x1":4.3701759634,"data_set_value_component_plateau_potassium_current1_x1_gate_variable_x1":0.0202919607,"data_set_value_component_plateau_potassium_current1_x1_gate_variable_alpha_x1":0.0000410501,"data_set_value_component_plateau_potassium_current1_x1_gate_variable_beta_x1":0.0037754895,"data_set_value_component_plateau_potassium_current2_variable_i_x2":-0.0891079476,"data_set_value_component_plateau_potassium_current2_variable_I_x2":-5.0398205336,"data_set_value_component_plateau_potassium_current2_x2_gate_variable_x2":0.0176807779,"data_set_value_component_plateau_potassium_current2_x2_gate_variable_alpha_x2":0.0000000009,"data_set_value_component_plateau_potassium_current2_x2_gate_variable_beta_x2":0.0008712668,"data_set_value_component_transient_chloride_current_variable_i_qr":-0.0000092905,"data_set_value_component_transient_chloride_current_variable_E_Cl":-70.0,"data_set_value_component_transient_chloride_current_variable_g_qr":2.5,"data_set_value_component_transient_chloride_current_q_gate_variable_q":0.0000034291,"data_set_value_component_transient_chloride_current_q_gate_variable_alpha_q":0.000255211,"data_set_value_component_transient_chloride_current_q_gate_variable_beta_q":81.6903970174,"data_set_value_component_transient_chloride_current_r_gate_variable_r":0.135035657,"data_set_value_component_transient_chloride_current_r_gate_variable_alpha_r":0.0001663306,"data_set_value_component_transient_chloride_current_r_gate_variable_beta_r":0.0002141132,"data_set_value_component_time_independent_outward_current_variable_i_K1":5.2360099305,"data_set_value_component_time_independent_outward_current_variable_E_K1":-30.0,"data_set_value_component_sodium_background_current_variable_i_Na_b":-12.3926783273,"data_set_value_component_sodium_background_current_variable_g_Nab":0.105,"data_set_value_component_chloride_background_current_variable_i_Cl_b":-0.0802550788,"data_set_value_component_chloride_background_current_variable_g_Clb":0.01},{"data_set_value_component_environment_variable_time":0.4,"data_set_value_component_membrane_variable_V":-78.0236667402,"data_set_value_component_membrane_variable_C":10.0,"data_set_value_component_fast_sodium_current_variable_i_Na":-0.2276981207,"data_set_value_component_fast_sodium_current_variable_E_Na":40.0,"data_set_value_component_fast_sodium_current_variable_g_Na":150.0,"data_set_value_component_fast_sodium_current_m_gate_variable_m":0.0253851432,"data_set_value_component_fast_sodium_current_m_gate_variable_alpha_m":1.4598995543,"data_set_value_component_fast_sodium_current_m_gate_variable_beta_m":56.0477940303,"data_set_value_component_fast_sodium_current_h_gate_variable_h":0.786249226,"data_set_value_component_fast_sodium_current_h_gate_variable_alpha_h":0.0309514808,"data_set_value_component_fast_sodium_current_h_gate_variable_beta_h":0.0094152633,"data_set_value_component_secondary_inward_current_variable_i_si":-0.3009147157,"data_set_value_component_secondary_inward_current_variable_g_si":0.8,"data_set_value_component_secondary_inward_current_variable_g_si_":0.04,"data_set_value_component_secondary_inward_current_variable_E_si":70.0,"data_set_value_component_secondary_inward_current_d_gate_variable_d":0.0029362978,"data_set_value_component_secondary_inward_current_d_gate_variable_alpha_d":0.001735959,"data_set_value_component_secondary_inward_current_d_gate_variable_beta_d":0.5853640024,"data_set_value_component_secondary_inward_current_f_gate_variable_f":0.8088251811,"data_set_value_component_secondary_inward_current_f_gate_variable_alpha_f":0.0020296461,"data_set_value_component_secondary_inward_current_f_gate_variable_beta_f":0.0002141472,"data_set_value_component_secondary_inward_current_d1_gate_variable_d1":0.003323029,"data_set_value_component_pacemaker_potassium_current_variable_i_K2":7.5814981614,"data_set_value_component_pacemaker_potassium_current_variable_I_K2":10.0461410575,"data_set_value_component_pacemaker_potassium_current_variable_E_K":-110.0,"data_set_value_component_pacemaker_potassium_current_s_gate_variable_s":0.7546676996,"data_set_value_component_pacemaker_potassium_current_s_gate_variable_alpha_s":0.0001436721,"data_set_value_component_pacemaker_potassium_current_s_gate_variable_beta_s":0.0002858904,"data_set_value_component_pacemaker_potassium_current_s_gate_variable_E_s":-52.0,"data_set_value_component_plateau_potassium_current1_variable_i_x1":0.0886702573,"data_set_value_component_plateau_potassium_current1_variable_I_x1":4.3705071126,"data_set_value_component_plateau_potassium_current1_x1_gate_variable_x1":0.0202883224,"data_set_value_component_plateau_potassium_current1_x1_gate_variable_alpha_x1":0.0000410557,"data_set_value_component_plateau_potassium_current1_x1_gate_variable_beta_x1":0.0037753257,"data_set_value_component_plateau_potassium_current2_variable_i_x2":-0.0890876532,"data_set_value_component_plateau_potassium_current2_variable_I_x2":-5.039111695,"data_set_value_component_plateau_potassium_current2_x2_gate_variable_x2":0.0176792377,"data_set_value_component_plateau_potassium_current2_x2_gate_variable_alpha_x2":0.0000000009,"data_set_value_component_plateau_potassium_current2_x2_gate_variable_beta_x2":0.000871229,"data_set_value_component_transient_chloride_current_variable_i_qr":-0.0000094411,"data_set_value_component_transient_chloride_current_variable_E_Cl":-70.0,"data_set_value_component_transient_chloride_current_variable_g_qr":2.5,"data_set_value_component_transient_chloride_current_q_gate_variable_q":0.0000034852,"data_set_value_component_transient_chloride_current_q_gate_variable_alpha_q":0.000255252,"data_set_value_component_transient_chloride_current_q_gate_variable_beta_q":81.6770422875,"data_set_value_component_transient_chloride_current_r_gate_variable_r":0.1350471517,"data_set_value_component_transient_chloride_current_r_gate_variable_alpha_r":0.0001663183,"data_set_value_component_transient_chloride_current_r_gate_variable_beta_r":0.0002141472,"data_set_value_component_time_independent_outward_current_variable_i_K1":5.2361043995,"data_set_value_component_time_independent_outward_current_variable_E_K1":-30.0,"data_set_value_component_sodium_background_current_variable_i_Na_b":-12.3924850077,"data_set_value_component_sodium_background_current_variable_g_Nab":0.105,"data_set_value_component_chloride_background_current_variable_i_Cl_b":-0.0802366674,"data_set_value_component_chloride_background_current_variable_g_Clb":0.01},{"data_set_value_component_environment_variable_time":0.5,"data_set_value_component_membrane_variable_V":-78.0218247284,"data_set_value_component_membrane_variable_C":10.0,"data_set_value_component_fast_sodium_current_variable_i_Na":-0.2278293415,"data_set_value_component_fast_sodium_current_variable_E_Na":40.0,"data_set_value_component_fast_sodium_current_variable_g_Na":150.0,"data_set_value_component_fast_sodium_current_m_gate_variable_m":0.0253909979,"data_set_value_component_fast_sodium_current_m_gate_variable_alpha_m":1.460094455,"data_set_value_component_fast_sodium_current_m_gate_variable_beta_m":56.0420128493,"data_set_value_component_fast_sodium_current_h_gate_variable_h":0.786170533,"data_set_value_component_fast_sodium_current_h_gate_variable_alpha_h":0.0309409922,"data_set_value_component_fast_sodium_current_h_gate_variable_beta_h":0.0094166801,"data_set_value_component_secondary_inward_current_variable_i_si":-0.3010384901,"data_set_value_component_secondary_inward_current_variable_g_si":0.8,"data_set_value_component_secondary_inward_current_variable_g_si_":0.04,"data_set_value_component_secondary_inward_current_variable_E_si":70.0,"data_set_value_component_secondary_inward_current_d_gate_variable_d":0.0029374946,"data_set_value_component_secondary_inward_current_d_gate_variable_alpha_d":0.001736202,"data_set_value_component_secondary_inward_current_d_gate_variable_beta_d":0.5852682619,"data_set_value_component_secondary_inward_current_f_gate_variable_f":0.8088466568,"data_set_value_component_secondary_inward_current_f_gate_variable_alpha_f":0.0020294965,"data_set_value_component_secondary_inward_current_f_gate_variable_beta_f":0.0002141811,"data_set_value_component_secondary_inward_current_d1_gate_variable_d1":0.0033239442,"data_set_value_component_pacemaker_potassium_current_variable_i_K2":7.5813494717,"data_set_value_component_pacemaker_potassium_current_variable_I_K2":10.0461842901,"data_set_value_component_pacemaker_potassium_current_variable_E_K":-110.0,"data_set_value_component_pacemaker_potassium_current_s_gate_variable_s":0.7546496513,"data_set_value_component_pacemaker_potassium_current_s_gate_variable_alpha_s":0.0001437152,"data_set_value_component_pacemaker_potassium_current_s_gate_variable_beta_s":0.0002858552,"data_set_value_component_pacemaker_potassium_current_s_gate_variable_E_s":-52.0,"data_set_value_component_plateau_potassium_current1_variable_i_x1":0.0886610856,"data_set_value_component_plateau_potassium_current1_variable_I_x1":4.3708383943,"data_set_value_component_plateau_potassium_current1_x1_gate_variable_x1":0.0202846863,"data_set_value_component_plateau_potassium_current1_x1_gate_variable_alpha_x1":0.0000410612,"data_set_value_component_plateau_potassium_current1_x1_gate_variable_beta_x1":0.0037751618,"data_set_value_component_plateau_potassium_current2_variable_i_x2":-0.089067356,"data_set_value_component_plateau_potassium_current2_variable_I_x2":-5.0384025204,"data_set_value_component_plateau_potassium_current2_x2_gate_variable_x2":0.0176776976,"data_set_value_component_plateau_potassium_current2_x2_gate_variable_alpha_x2":0.0000000009,"data_set_value_component_plateau_potassium_current2_x2_gate_variable_beta_x2":0.0008711912,"data_set_value_component_transient_chloride_current_variable_i_qr":-0.000008519,"data_set_value_component_transient_chloride_current_variable_E_Cl":-70.0,"data_set_value_component_transient_chloride_current_variable_g_qr":2.5,"data_set_value_component_transient_chloride_current_q_gate_variable_q":0.0000031452,"data_set_value_component_transient_chloride_current_q_gate_variable_alpha_q":0.000255293,"data_set_value_component_transient_chloride_current_q_gate_variable_beta_q":81.6636834132,"data_set_value_component_transient_chloride_current_r_gate_variable_r":0.1350586445,"data_set_value_component_transient_chloride_current_r_gate_variable_alpha_r":0.0001663061,"data_set_value_component_transient_chloride_current_r_gate_variable_beta_r":0.0002141811,"data_set_value_component_time_independent_outward_current_variable_i_K1":5.2361989018,"data_set_value_component_time_independent_outward_current_variable_E_K1":-30.0,"data_set_value_component_sodium_background_current_variable_i_Na_b":-12.3922915965,"data_set_value_component_sodium_background_current_variable_g_Nab":0.105,"data_set_value_component_chloride_background_current_variable_i_Cl_b":-0.0802182473,"data_set_value_component_chloride_background_current_variable_g_Clb":0.01},{"data_set_value_component_environment_variable_time":0.6,"data_set_value_component_membrane_variable_V":-78.0199818638,"data_set_value_component_membrane_variable_C":10.0,"data_set_value_component_fast_sodium_current_variable_i_Na":-0.2279607041,"data_set_value_component_fast_sodium_current_variable_E_Na":40.0,"data_set_value_component_fast_sodium_current_variable_g_Na":150.0,"data_set_value_component_fast_sodium_current_m_gate_variable_m":0.0253968568,"data_set_value_component_fast_sodium_current_m_gate_variable_alpha_m":1.4602894693,"data_set_value_component_fast_sodium_current_m_gate_variable_beta_m":56.0362295886,"data_set_value_component_fast_sodium_current_h_gate_variable_h":0.7860918218,"data_set_value_component_fast_sodium_current_h_gate_variable_alpha_h":0.0309305023,"data_set_value_component_fast_sodium_current_h_gate_variable_beta_h":0.0094180979,"data_set_value_component_secondary_inward_current_variable_i_si":-0.3011606018,"data_set_value_component_secondary_inward_current_variable_g_si":0.8,"data_set_value_component_secondary_inward_current_variable_g_si_":0.04,"data_set_value_component_secondary_inward_current_variable_E_si":70.0,"data_set_value_component_secondary_inward_current_d_gate_variable_d":0.0029386741,"data_set_value_component_secondary_inward_current_d_gate_variable_alpha_d":0.0017364451,"data_set_value_component_secondary_inward_current_d_gate_variable_beta_d":0.5851724927,"data_set_value_component_secondary_inward_current_f_gate_variable_f":0.8088681222,"data_set_value_component_secondary_inward_current_f_gate_variable_alpha_f":0.0020293469,"data_set_value_component_secondary_inward_current_f_gate_variable_beta_f":0.0002142151,"data_set_value_component_secondary_inward_current_d1_gate_variable_d1":0.0033248601,"data_set_value_component_pacemaker_potassium_current_variable_i_K2":7.5812008098,"data_set_value_component_pacemaker_potassium_current_variable_I_K2":10.0462275017,"data_set_value_component_pacemaker_potassium_current_variable_E_K":-110.0,"data_set_value_component_pacemaker_potassium_current_s_gate_variable_s":0.7546316076,"data_set_value_component_pacemaker_potassium_current_s_gate_variable_alpha_s":0.0001437583,"data_set_value_component_pacemaker_potassium_current_s_gate_variable_beta_s":0.0002858199,"data_set_value_component_pacemaker_potassium_current_s_gate_variable_E_s":-52.0,"data_set_value_component_plateau_potassium_current1_variable_i_x1":0.088651924,"data_set_value_component_plateau_potassium_current1_variable_I_x1":4.371169805,"data_set_value_component_plateau_potassium_current1_x1_gate_variable_x1":0.0202810524,"data_set_value_component_plateau_potassium_current1_x1_gate_variable_alpha_x1":0.0000410667,"data_set_value_component_plateau_potassium_current1_x1_gate_variable_beta_x1":0.0037749979,"data_set_value_component_plateau_potassium_current2_variable_i_x2":-0.0890470563,"data_set_value_component_plateau_potassium_current2_variable_I_x2":-5.0376930176,"data_set_value_component_plateau_potassium_current2_x2_gate_variable_x2":0.0176761577,"data_set_value_component_plateau_potassium_current2_x2_gate_variable_alpha_x2":0.0000000009,"data_set_value_component_plateau_potassium_current2_x2_gate_variable_beta_x2":0.0008711534,"data_set_value_component_transient_chloride_current_variable_i_qr":-0.0000084091,"data_set_value_component_transient_chloride_current_variable_E_Cl":-70.0,"data_set_value_component_transient_chloride_current_variable_g_qr":2.5,"data_set_value_component_transient_chloride_current_q_gate_variable_q":0.0000031051,"data_set_value_component_transient_chloride_current_q_gate_variable_alpha_q":0.000255334,"data_set_value_component_transient_chloride_current_q_gate_variable_beta_q":81.6503205409,"data_set_value_component_transient_chloride_current_r_gate_variable_r":0.1350701353,"data_set_value_component_transient_chloride_current_r_gate_variable_alpha_r":0.0001662938,"data_set_value_component_transient_chloride_current_r_gate_variable_beta_r":0.0002142151,"data_set_value_component_time_independent_outward_current_variable_i_K1":5.2362934365,"data_set_value_component_time_independent_outward_current_variable_E_K1":-30.0,"data_set_value_component_sodium_background_current_variable_i_Na_b":-12.3920980957,"data_set_value_component_sodium_background_current_variable_g_Nab":0.105,"data_set_value_component_chloride_background_current_variable_i_Cl_b":-0.0801998186,"data_set_value_component_chloride_background_current_variable_g_Clb":0.01},{"data_set_value_component_environment_variable_time":0.7,"data_set_value_component_membrane_variable_V":-78.0181381621,"data_set_value_component_membrane_variable_C":10.0,"data_set_value_component_fast_sodium_current_variable_i_Na":-0.2280922041,"data_set_value_component_fast_sodium_current_variable_E_Na":40.0,"data_set_value_component_fast_sodium_current_variable_g_Na":150.0,"data_set_value_component_fast_sodium_current_m_gate_variable_m":0.0254027196,"data_set_value_component_fast_sodium_current_m_gate_variable_alpha_m":1.4604845955,"data_set_value_component_fast_sodium_current_m_gate_variable_beta_m":56.0304442982,"data_set_value_component_fast_sodium_current_h_gate_variable_h":0.7860130925,"data_set_value_component_fast_sodium_current_h_gate_variable_alpha_h":0.0309200112,"data_set_value_component_fast_sodium_current_h_gate_variable_beta_h":0.0094195165,"data_set_value_component_secondary_inward_current_variable_i_si":-0.3012811497,"data_set_value_component_secondary_inward_current_variable_g_si":0.8,"data_set_value_component_secondary_inward_current_variable_g_si_":0.04,"data_set_value_component_secondary_inward_current_variable_E_si":70.0,"data_set_value_component_secondary_inward_current_d_gate_variable_d":0.0029398372,"data_set_value_component_secondary_inward_current_d_gate_variable_alpha_d":0.0017366884,"data_set_value_component_secondary_inward_current_d_gate_variable_beta_d":0.5850766957,"data_set_value_component_secondary_inward_current_f_gate_variable_f":0.8088895771,"data_set_value_component_secondary_inward_current_f_gate_variable_alpha_f":0.0020291973,"data_set_value_component_secondary_inward_current_f_gate_variable_beta_f":0.0002142491,"data_set_value_component_secondary_inward_current_d1_gate_variable_d1":0.0033257767,"data_set_value_component_pacemaker_potassium_current_variable_i_K2":7.5810521753,"data_set_value_component_pacemaker_potassium_current_variable_I_K2":10.0462706919,"data_set_value_component_pacemaker_potassium_current_variable_E_K":-110.0,"data_set_value_component_pacemaker_potassium_current_s_gate_variable_s":0.7546135683,"data_set_value_component_pacemaker_potassium_current_s_gate_variable_alpha_s":0.0001438014,"data_set_value_component_pacemaker_potassium_current_s_gate_variable_beta_s":0.0002857846,"data_set_value_component_pacemaker_potassium_current_s_gate_variable_E_s":-52.0,"data_set_value_component_plateau_potassium_current1_variable_i_x1":0.0886427725,"data_set_value_component_plateau_potassium_current1_variable_I_x1":4.3715013418,"data_set_value_component_plateau_potassium_current1_x1_gate_variable_x1":0.0202774209,"data_set_value_component_plateau_potassium_current1_x1_gate_variable_alpha_x1":0.0000410723,"data_set_value_component_plateau_potassium_current1_x1_gate_variable_beta_x1":0.0037748339,"data_set_value_component_plateau_potassium_current2_variable_i_x2":-0.089026754,"data_set_value_component_plateau_potassium_current2_variable_I_x2":-5.0369831924,"data_set_value_component_plateau_potassium_current2_x2_gate_variable_x2":0.017674618,"data_set_value_component_plateau_potassium_current2_x2_gate_variable_alpha_x2":0.0000000009,"data_set_value_component_plateau_potassium_current2_x2_gate_variable_beta_x2":0.0008711155,"data_set_value_component_transient_chloride_current_variable_i_qr":-0.0000084528,"data_set_value_component_transient_chloride_current_variable_E_Cl":-70.0,"data_set_value_component_transient_chloride_current_variable_g_qr":2.5,"data_set_value_component_transient_chloride_current_q_gate_variable_q":0.0000031217,"data_set_value_component_transient_chloride_current_q_gate_variable_alpha_q":0.0002553751,"data_set_value_component_transient_chloride_current_q_gate_variable_beta_q":81.6369537866,"data_set_value_component_transient_chloride_current_r_gate_variable_r":0.1350816242,"data_set_value_component_transient_chloride_current_r_gate_variable_alpha_r":0.0001662815,"data_set_value_component_transient_chloride_current_r_gate_variable_beta_r":0.0002142491,"data_set_value_component_time_independent_outward_current_variable_i_K1":5.2363880025,"data_set_value_component_time_independent_outward_current_variable_E_K1":-30.0,"data_set_value_component_sodium_background_current_variable_i_Na_b":-12.391904507,"data_set_value_component_sodium_background_current_variable_g_Nab":0.105,"data_set_value_component_chloride_background_current_variable_i_Cl_b":-0.0801813816,"data_set_value_component_chloride_background_current_variable_g_Clb":0.01},{"data_set_value_component_environment_variable_time":0.8,"data_set_value_component_membrane_variable_V":-78.0162936386,"data_set_value_component_membrane_variable_C":10.0,"data_set_value_component_fast_sodium_current_variable_i_Na":-0.2282238394,"data_set_value_component_fast_sodium_current_variable_E_Na":40.0,"data_set_value_component_fast_sodium_current_variable_g_Na":150.0,"data_set_value_component_fast_sodium_current_m_gate_variable_m":0.0254085864,"data_set_value_component_fast_sodium_current_m_gate_variable_alpha_m":1.4606798321,"data_set_value_component_fast_sodium_current_m_gate_variable_beta_m":56.0246570265,"data_set_value_component_fast_sodium_current_h_gate_variable_h":0.7859343447,"data_set_value_component_fast_sodium_current_h_gate_variable_alpha_h":0.0309095189,"data_set_value_component_fast_sodium_current_h_gate_variable_beta_h":0.0094209359,"data_set_value_component_secondary_inward_current_variable_i_si":-0.301400227,"data_set_value_component_secondary_inward_current_variable_g_si":0.8,"data_set_value_component_secondary_inward_current_variable_g_si_":0.04,"data_set_value_component_secondary_inward_current_variable_E_si":70.0,"data_set_value_component_secondary_inward_current_d_gate_variable_d":0.0029409849,"data_set_value_component_secondary_inward_current_d_gate_variable_alpha_d":0.0017369318,"data_set_value_component_secondary_inward_current_d_gate_variable_beta_d":0.5849808716,"data_set_value_component_secondary_inward_current_f_gate_variable_f":0.8089110215,"data_set_value_component_secondary_inward_current_f_gate_variable_alpha_f":0.0020290476,"data_set_value_component_secondary_inward_current_f_gate_variable_beta_f":0.0002142831,"data_set_value_component_secondary_inward_current_d1_gate_variable_d1":0.0033266939,"data_set_value_component_pacemaker_potassium_current_variable_i_K2":7.5809035681,"data_set_value_component_pacemaker_potassium_current_variable_I_K2":10.0463138604,"data_set_value_component_pacemaker_potassium_current_variable_E_K":-110.0,"data_set_value_component_pacemaker_potassium_current_s_gate_variable_s":0.7545955336,"data_set_value_component_pacemaker_potassium_current_s_gate_variable_alpha_s":0.0001438446,"data_set_value_component_pacemaker_potassium_current_s_gate_variable_beta_s":0.0002857493,"data_set_value_component_pacemaker_potassium_current_s_gate_variable_E_s":-52.0,"data_set_value_component_plateau_potassium_current1_variable_i_x1":0.0886336309,"data_set_value_component_plateau_potassium_current1_variable_I_x1":4.3718330019,"data_set_value_component_plateau_potassium_current1_x1_gate_variable_x1":0.0202737915,"data_set_value_component_plateau_potassium_current1_x1_gate_variable_alpha_x1":0.0000410778,"data_set_value_component_plateau_potassium_current1_x1_gate_variable_beta_x1":0.0037746698,"data_set_value_component_plateau_potassium_current2_variable_i_x2":-0.0890064493,"data_set_value_component_plateau_potassium_current2_variable_I_x2":-5.0362730509,"data_set_value_component_plateau_potassium_current2_x2_gate_variable_x2":0.0176730786,"data_set_value_component_plateau_potassium_current2_x2_gate_variable_alpha_x2":0.0000000009,"data_set_value_component_plateau_potassium_current2_x2_gate_variable_beta_x2":0.0008710776,"data_set_value_component_transient_chloride_current_variable_i_qr":-0.0000084715,"data_set_value_component_transient_chloride_current_variable_E_Cl":-70.0,"data_set_value_component_transient_chloride_current_variable_g_qr":2.5,"data_set_value_component_transient_chloride_current_q_gate_variable_q":0.0000031291,"data_set_value_component_transient_chloride_current_q_gate_variable_alpha_q":0.0002554162,"data_set_value_component_transient_chloride_current_q_gate_variable_beta_q":81.6235832636,"data_set_value_component_transient_chloride_current_r_gate_variable_r":0.1350931111,"data_set_value_component_transient_chloride_current_r_gate_variable_alpha_r":0.0001662693,"data_set_value_component_transient_chloride_current_r_gate_variable_beta_r":0.0002142831,"data_set_value_component_time_independent_outward_current_variable_i_K1":5.2364825993,"data_set_value_component_time_independent_outward_current_variable_E_K1":-30.0,"data_set_value_component_sodium_background_current_variable_i_Na_b":-12.3917108321,"data_set_value_component_sodium_background_current_variable_g_Nab":0.105,"data_set_value_component_chloride_background_current_variable_i_Cl_b":-0.0801629364,"data_set_value_component_chloride_background_current_variable_g_Clb":0.01},{"data_set_value_component_environment_variable_time":0.9,"data_set_value_component_membrane_variable_V":-78.0144483077,"data_set_value_component_membrane_variable_C":10.0,"data_set_value_component_fast_sodium_current_variable_i_Na":-0.2283556092,"data_set_value_component_fast_sodium_current_variable_E_Na":40.0,"data_set_value_component_fast_sodium_current_variable_g_Na":150.0,"data_set_value_component_fast_sodium_current_m_gate_variable_m":0.025414457,"data_set_value_component_fast_sodium_current_m_gate_variable_alpha_m":1.4608751775,"data_set_value_component_fast_sodium_current_m_gate_variable_beta_m":56.01886782,"data_set_value_component_fast_sodium_current_h_gate_variable_h":0.7858555783,"data_set_value_component_fast_sodium_current_h_gate_variable_alpha_h":0.0308990257,"data_set_value_component_fast_sodium_current_h_gate_variable_beta_h":0.0094223562,"data_set_value_component_secondary_inward_current_variable_i_si":-0.3015179217,"data_set_value_component_secondary_inward_current_variable_g_si":0.8,"data_set_value_component_secondary_inward_current_variable_g_si_":0.04,"data_set_value_component_secondary_inward_current_variable_E_si":70.0,"data_set_value_component_secondary_inward_current_d_gate_variable_d":0.0029421182,"data_set_value_component_secondary_inward_current_d_gate_variable_alpha_d":0.0017371753,"data_set_value_component_secondary_inward_current_d_gate_variable_beta_d":0.5848850214,"data_set_value_component_secondary_inward_current_f_gate_variable_f":0.8089324556,"data_set_value_component_secondary_inward_current_f_gate_variable_alpha_f":0.0020288978,"data_set_value_component_secondary_inward_current_f_gate_variable_beta_f":0.0002143171,"data_set_value_component_secondary_inward_current_d1_gate_variable_d1":0.0033276118,"data_set_value_component_pacemaker_potassium_current_variable_i_K2":7.5807549877,"data_set_value_component_pacemaker_potassium_current_variable_I_K2":10.0463570066,"data_set_value_component_pacemaker_potassium_current_variable_E_K":-110.0,"data_set_value_component_pacemaker_potassium_current_s_gate_variable_s":0.7545775033,"data_set_value_component_pacemaker_potassium_current_s_gate_variable_alpha_s":0.0001438878,"data_set_value_component_pacemaker_potassium_current_s_gate_variable_beta_s":0.0002857139,"data_set_value_component_pacemaker_potassium_current_s_gate_variable_E_s":-52.0,"data_set_value_component_plateau_potassium_current1_variable_i_x1":0.0886244993,"data_set_value_component_plateau_potassium_current1_variable_I_x1":4.3721647827,"data_set_value_component_plateau_potassium_current1_x1_gate_variable_x1":0.0202701645,"data_set_value_component_plateau_potassium_current1_x1_gate_variable_alpha_x1":0.0000410833,"data_set_value_component_plateau_potassium_current1_x1_gate_variable_beta_x1":0.0037745056,"data_set_value_component_plateau_potassium_current2_variable_i_x2":-0.0889861424,"data_set_value_component_plateau_potassium_current2_variable_I_x2":-5.0355625985,"data_set_value_component_plateau_potassium_current2_x2_gate_variable_x2":0.0176715393,"data_set_value_component_plateau_potassium_current2_x2_gate_variable_alpha_x2":0.000000001,"data_set_value_component_plateau_potassium_current2_x2_gate_variable_beta_x2":0.0008710398,"data_set_value_component_transient_chloride_current_variable_i_qr":-0.0000084494,"data_set_value_component_transient_chloride_current_variable_E_Cl":-70.0,"data_set_value_component_transient_chloride_current_variable_g_qr":2.5,"data_set_value_component_transient_chloride_current_q_gate_variable_q":0.0000031213,"data_set_value_component_transient_chloride_current_q_gate_variable_alpha_q":0.0002554573,"data_set_value_component_transient_chloride_current_q_gate_variable_beta_q":81.6102090799,"data_set_value_component_transient_chloride_current_r_gate_variable_r":0.135104596,"data_set_value_component_transient_chloride_current_r_gate_variable_alpha_r":0.000166257,"data_set_value_component_transient_chloride_current_r_gate_variable_beta_r":0.0002143171,"data_set_value_component_time_independent_outward_current_variable_i_K1":5.2365772259,"data_set_value_component_time_independent_outward_current_variable_E_K1":-30.0,"data_set_value_component_sodium_background_current_variable_i_Na_b":-12.3915170723,"data_set_value_component_sodium_background_current_variable_g_Nab":0.105,"data_set_value_component_chloride_background_current_variable_i_Cl_b":-0.0801444831,"data_set_value_component_chloride_background_current_variable_g_Clb":0.01},{"data_set_value_component_environment_variable_time":1.0,"data_set_value_component_membrane_variable_V":-78.0126021833,"data_set_value_component_membrane_variable_C":10.0,"data_set_value_component_fast_sodium_current_variable_i_Na":-0.2284875106,"data_set_value_component_fast_sodium_current_variable_E_Na":40.0,"data_set_value_component_fast_sodium_current_variable_g_Na":150.0,"data_set_value_component_fast_sodium_current_m_gate_variable_m":0.0254203314,"data_set_value_component_fast_sodium_current_m_gate_variable_alpha_m":1.4610706304,"data_set_value_component_fast_sodium_current_m_gate_variable_beta_m":56.0130767227,"data_set_value_component_fast_sodium_current_h_gate_variable_h":0.7857767932,"data_set_value_component_fast_sodium_current_h_gate_variable_alpha_h":0.0308885315,"data_set_value_component_fast_sodium_current_h_gate_variable_beta_h":0.0094237773,"data_set_value_component_secondary_inward_current_variable_i_si":-0.3016343167,"data_set_value_component_secondary_inward_current_variable_g_si":0.8,"data_set_value_component_secondary_inward_current_variable_g_si_":0.04,"data_set_value_component_secondary_inward_current_variable_E_si":70.0,"data_set_value_component_secondary_inward_current_d_gate_variable_d":0.0029432379,"data_set_value_component_secondary_inward_current_d_gate_variable_alpha_d":0.001737419,"data_set_value_component_secondary_inward_current_d_gate_variable_beta_d":0.5847891456,"data_set_value_component_secondary_inward_current_f_gate_variable_f":0.8089538792,"data_set_value_component_secondary_inward_current_f_gate_variable_alpha_f":0.002028748,"data_set_value_component_secondary_inward_current_f_gate_variable_beta_f":0.0002143512,"data_set_value_component_secondary_inward_current_d1_gate_variable_d1":0.0033285303,"data_set_value_component_pacemaker_potassium_current_variable_i_K2":7.5806064339,"data_set_value_component_pacemaker_potassium_current_variable_I_K2":10.0464001303,"data_set_value_component_pacemaker_potassium_current_variable_E_K":-110.0,"data_set_value_component_pacemaker_potassium_current_s_gate_variable_s":0.7545594776,"data_set_value_component_pacemaker_potassium_current_s_gate_variable_alpha_s":0.000143931,"data_set_value_component_pacemaker_potassium_current_s_gate_variable_beta_s":0.0002856786,"data_set_value_component_pacemaker_potassium_current_s_gate_variable_E_s":-52.0,"data_set_value_component_plateau_potassium_current1_variable_i_x1":0.0886153775,"data_set_value_component_plateau_potassium_current1_variable_I_x1":4.3724966816,"data_set_value_component_plateau_potassium_current1_x1_gate_variable_x1":0.0202665397,"data_set_value_component_plateau_potassium_current1_x1_gate_variable_alpha_x1":0.0000410889,"data_set_value_component_plateau_potassium_current1_x1_gate_variable_beta_x1":0.0037743414,"data_set_value_component_plateau_potassium_current2_variable_i_x2":-0.0889658332,"data_set_value_component_plateau_potassium_current2_variable_I_x2":-5.0348518406,"data_set_value_component_plateau_potassium_current2_x2_gate_variable_x2":0.0176700002,"data_set_value_component_plateau_potassium_current2_x2_gate_variable_alpha_x2":0.000000001,"data_set_value_component_plateau_potassium_current2_x2_gate_variable_beta_x2":0.0008710019,"data_set_value_component_transient_chloride_current_variable_i_qr":-0.0000084575,"data_set_value_component_transient_chloride_current_variable_E_Cl":-70.0,"data_set_value_component_transient_chloride_current_variable_g_qr":2.5,"data_set_value_component_transient_chloride_current_q_gate_variable_q":0.0000031248,"data_set_value_component_transient_chloride_current_q_gate_variable_alpha_q":0.0002554984,"data_set_value_component_transient_chloride_current_q_gate_variable_beta_q":81.5968313378,"data_set_value_component_transient_chloride_current_r_gate_variable_r":0.135116079,"data_set_value_component_transient_chloride_current_r_gate_variable_alpha_r":0.0001662447,"data_set_value_component_transient_chloride_current_r_gate_variable_beta_r":0.0002143512,"data_set_value_component_time_independent_outward_current_variable_i_K1":5.2366718818,"data_set_value_component_time_independent_outward_current_variable_E_K1":-30.0,"data_set_value_component_sodium_background_current_variable_i_Na_b":-12.3913232292,"data_set_value_component_sodium_background_current_variable_g_Nab":0.105,"data_set_value_component_chloride_background_current_variable_i_Cl_b":-0.0801260218,"data_set_value_component_chloride_background_current_variable_g_Clb":0.01}]