[{"data_generator_pmTORC1":0.0,"data_generator_time":0.0},{"data_generator_pmTORC1":0.0017301551,"data_generator_time":3.6},{"data_generator_pmTORC1":0.005294358,"data_generator_time":7.2},{"data_generator_pmTORC1":0.0100634712,"data_generator_time":10.8},{"data_generator_pmTORC1":0.0172435649,"data_generator_time":14.4},{"data_generator_pmTORC1":0.0278245109,"data_generator_time":18.0},{"data_generator_pmTORC1":0.04246358,"data_generator_time":21.6},{"data_generator_pmTORC1":0.061634573,"data_generator_time":25.2},{"data_generator_pmTORC1":0.085754353,"data_generator_time":28.8},{"data_generator_pmTORC1":0.1152765827,"data_generator_time":32.4},{"data_generator_pmTORC1":0.1507648495,"data_generator_time":36.0},{"data_generator_pmTORC1":0.1929570692,"data_generator_time":39.6},{"data_generator_pmTORC1":0.2428317749,"data_generator_time":43.2},{"data_generator_pmTORC1":0.3016874432,"data_generator_time":46.8},{"data_generator_pmTORC1":0.3712482208,"data_generator_time":50.4},{"data_generator_pmTORC1":0.4538135358,"data_generator_time":54.0},{"data_generator_pmTORC1":0.5524770464,"data_generator_time":57.6},{"data_generator_pmTORC1":0.6714542361,"data_generator_time":61.2},{"data_generator_pmTORC1":0.816581068,"data_generator_time":64.8},{"data_generator_pmTORC1":0.9960853799,"data_generator_time":68.4},{"data_generator_pmTORC1":1.2217962298,"data_generator_time":72.0},{"data_generator_pmTORC1":1.5110325718,"data_generator_time":75.6},{"data_generator_pmTORC1":1.8895442943,"data_generator_time":79.2},{"data_generator_pmTORC1":2.3958643902,"data_generator_time":82.8},{"data_generator_pmTORC1":3.0871721843,"data_generator_time":86.4},{"data_generator_pmTORC1":4.045649826,"data_generator_time":90.0},{"data_generator_pmTORC1":5.3822386758,"data_generator_time":93.6},{"data_generator_pmTORC1":7.2329332836,"data_generator_time":97.2},{"data_generator_pmTORC1":9.7446272525,"data_generator_time":100.8},{"data_generator_pmTORC1":13.0538384501,"data_generator_time":104.4},{"data_generator_pmTORC1":17.2665701253,"data_generator_time":108.0},{"data_generator_pmTORC1":22.4452744184,"data_generator_time":111.6},{"data_generator_pmTORC1":28.6029874877,"data_generator_time":115.2},{"data_generator_pmTORC1":35.7012739821,"data_generator_time":118.8},{"data_generator_pmTORC1":43.6490970782,"data_generator_time":122.4},{"data_generator_pmTORC1":52.3015567978,"data_generator_time":126.0},{"data_generator_pmTORC1":61.4584804847,"data_generator_time":129.6},{"data_generator_pmTORC1":70.861475697,"data_generator_time":133.2},{"data_generator_pmTORC1":80.1829034939,"data_generator_time":136.8},{"data_generator_pmTORC1":88.9942676493,"data_generator_time":140.4},{"data_generator_pmTORC1":96.722100853,"data_generator_time":144.0},{"data_generator_pmTORC1":102.7510828837,"data_generator_time":147.6},{"data_generator_pmTORC1":106.9809587682,"data_generator_time":151.2},{"data_generator_pmTORC1":110.0853416112,"data_generator_time":154.8},{"data_generator_pmTORC1":112.7150776456,"data_generator_time":158.4},{"data_generator_pmTORC1":115.1433936474,"data_generator_time":162.0},{"data_generator_pmTORC1":117.4516579881,"data_generator_time":165.6},{"data_generator_pmTORC1":119.6624423278,"data_generator_time":169.2},{"data_generator_pmTORC1":121.7825228273,"data_generator_time":172.8},{"data_generator_pmTORC1":123.8142617507,"data_generator_time":176.4},{"data_generator_pmTORC1":125.7584982234,"data_generator_time":180.0},{"data_generator_pmTORC1":127.6152803293,"data_generator_time":183.6},{"data_generator_pmTORC1":129.3840440442,"data_generator_time":187.2},{"data_generator_pmTORC1":131.0636363005,"data_generator_time":190.8},{"data_generator_pmTORC1":132.652286964,"data_generator_time":194.4},{"data_generator_pmTORC1":134.1475560125,"data_generator_time":198.0},{"data_generator_pmTORC1":135.5462756113,"data_generator_time":201.6},{"data_generator_pmTORC1":136.8444660423,"data_generator_time":205.2},{"data_generator_pmTORC1":138.0372566299,"data_generator_time":208.8},{"data_generator_pmTORC1":139.1187898884,"data_generator_time":212.4},{"data_generator_pmTORC1":140.0821278274,"data_generator_time":216.0},{"data_generator_pmTORC1":140.9191484017,"data_generator_time":219.6},{"data_generator_pmTORC1":141.620455721,"data_generator_time":223.2},{"data_generator_pmTORC1":142.1753153758,"data_generator_time":226.8},{"data_generator_pmTORC1":142.5715449399,"data_generator_time":230.4},{"data_generator_pmTORC1":142.7955597978,"data_generator_time":234.0},{"data_generator_pmTORC1":142.8323569299,"data_generator_time":237.6},{"data_generator_pmTORC1":142.665620816,"data_generator_time":241.2},{"data_generator_pmTORC1":142.2778723813,"data_generator_time":244.8},{"data_generator_pmTORC1":141.6507096091,"data_generator_time":248.4},{"data_generator_pmTORC1":140.7651402651,"data_generator_time":252.0},{"data_generator_pmTORC1":139.6019176341,"data_generator_time":255.6},{"data_generator_pmTORC1":138.1419767405,"data_generator_time":259.2},{"data_generator_pmTORC1":136.3668962543,"data_generator_time":262.8},{"data_generator_pmTORC1":134.2593414098,"data_generator_time":266.4},{"data_generator_pmTORC1":131.8034805933,"data_generator_time":270.0},{"data_generator_pmTORC1":128.9853609171,"data_generator_time":273.6},{"data_generator_pmTORC1":125.7932321629,"data_generator_time":277.2},{"data_generator_pmTORC1":122.2178377887,"data_generator_time":280.8},{"data_generator_pmTORC1":118.252573596,"data_generator_time":284.4},{"data_generator_pmTORC1":113.89365166,"data_generator_time":288.0},{"data_generator_pmTORC1":109.1402168269,"data_generator_time":291.6},{"data_generator_pmTORC1":103.9944973336,"data_generator_time":295.2},{"data_generator_pmTORC1":98.4618666828,"data_generator_time":298.8},{"data_generator_pmTORC1":92.5510493822,"data_generator_time":302.4},{"data_generator_pmTORC1":86.2743775224,"data_generator_time":306.0},{"data_generator_pmTORC1":79.6482019955,"data_generator_time":309.6},{"data_generator_pmTORC1":72.6935266187,"data_generator_time":313.2},{"data_generator_pmTORC1":65.4369842075,"data_generator_time":316.8},{"data_generator_pmTORC1":57.9122975114,"data_generator_time":320.4},{"data_generator_pmTORC1":50.1624353638,"data_generator_time":324.0},{"data_generator_pmTORC1":42.2429272796,"data_generator_time":327.6},{"data_generator_pmTORC1":34.2273477245,"data_generator_time":331.2},{"data_generator_pmTORC1":26.2182169989,"data_generator_time":334.8},{"data_generator_pmTORC1":18.3738538737,"data_generator_time":338.4},{"data_generator_pmTORC1":10.992038296,"data_generator_time":342.0},{"data_generator_pmTORC1":4.8404883384,"data_generator_time":345.6},{"data_generator_pmTORC1":1.8803463141,"data_generator_time":349.2},{"data_generator_pmTORC1":1.6092991423,"data_generator_time":352.8},{"data_generator_pmTORC1":1.6935408674,"data_generator_time":356.4},{"data_generator_pmTORC1":1.8262481763,"data_generator_time":360.0},{"data_generator_pmTORC1":2.0004543884,"data_generator_time":363.6},{"data_generator_pmTORC1":2.2237990688,"data_generator_time":367.2},{"data_generator_pmTORC1":2.5076416391,"data_generator_time":370.8},{"data_generator_pmTORC1":2.867729051,"data_generator_time":374.4},{"data_generator_pmTORC1":3.3255894958,"data_generator_time":378.0},{"data_generator_pmTORC1":3.9101447338,"data_generator_time":381.6},{"data_generator_pmTORC1":4.6592686826,"data_generator_time":385.2},{"data_generator_pmTORC1":5.620771606,"data_generator_time":388.8},{"data_generator_pmTORC1":6.8520728471,"data_generator_time":392.4},{"data_generator_pmTORC1":8.4178823872,"data_generator_time":396.0},{"data_generator_pmTORC1":10.3857780043,"data_generator_time":399.6},{"data_generator_pmTORC1":12.820370406,"data_generator_time":403.2},{"data_generator_pmTORC1":15.7772858221,"data_generator_time":406.8},{"data_generator_pmTORC1":19.2982021206,"data_generator_time":410.4},{"data_generator_pmTORC1":23.4074709161,"data_generator_time":414.0},{"data_generator_pmTORC1":28.1101976572,"data_generator_time":417.6},{"data_generator_pmTORC1":33.3913668403,"data_generator_time":421.2},{"data_generator_pmTORC1":39.2155508737,"data_generator_time":424.8},{"data_generator_pmTORC1":45.5268505612,"data_generator_time":428.4},{"data_generator_pmTORC1":52.2488460532,"data_generator_time":432.0},{"data_generator_pmTORC1":59.2843075444,"data_generator_time":435.6},{"data_generator_pmTORC1":66.5142718716,"data_generator_time":439.2},{"data_generator_pmTORC1":73.7957452892,"data_generator_time":442.8},{"data_generator_pmTORC1":80.957622283,"data_generator_time":446.4},{"data_generator_pmTORC1":87.7957711147,"data_generator_time":450.0},{"data_generator_pmTORC1":94.0746236559,"data_generator_time":453.6},{"data_generator_pmTORC1":99.5567105873,"data_generator_time":457.2},{"data_generator_pmTORC1":104.0884218393,"data_generator_time":460.8},{"data_generator_pmTORC1":107.705506646,"data_generator_time":464.4},{"data_generator_pmTORC1":110.6196784055,"data_generator_time":468.0},{"data_generator_pmTORC1":113.0717672239,"data_generator_time":471.6},{"data_generator_pmTORC1":115.2269160614,"data_generator_time":475.2},{"data_generator_pmTORC1":117.1707749028,"data_generator_time":478.8},{"data_generator_pmTORC1":118.9405614255,"data_generator_time":482.4},{"data_generator_pmTORC1":120.5492002852,"data_generator_time":486.0},{"data_generator_pmTORC1":121.9979110663,"data_generator_time":489.6},{"data_generator_pmTORC1":123.2819006175,"data_generator_time":493.2},{"data_generator_pmTORC1":124.3927923506,"data_generator_time":496.8},{"data_generator_pmTORC1":125.3196561235,"data_generator_time":500.4},{"data_generator_pmTORC1":126.0494753873,"data_generator_time":504.0},{"data_generator_pmTORC1":126.5674123968,"data_generator_time":507.6},{"data_generator_pmTORC1":126.8570360756,"data_generator_time":511.2},{"data_generator_pmTORC1":126.9005858225,"data_generator_time":514.8},{"data_generator_pmTORC1":126.6793101463,"data_generator_time":518.4},{"data_generator_pmTORC1":126.1738655722,"data_generator_time":522.0},{"data_generator_pmTORC1":125.3647958083,"data_generator_time":525.6},{"data_generator_pmTORC1":124.2330411106,"data_generator_time":529.2},{"data_generator_pmTORC1":122.7604850544,"data_generator_time":532.8},{"data_generator_pmTORC1":120.9304494315,"data_generator_time":536.4},{"data_generator_pmTORC1":118.7281975049,"data_generator_time":540.0},{"data_generator_pmTORC1":116.1413186207,"data_generator_time":543.6},{"data_generator_pmTORC1":113.1601008186,"data_generator_time":547.2},{"data_generator_pmTORC1":109.7777522572,"data_generator_time":550.8},{"data_generator_pmTORC1":105.9906969834,"data_generator_time":554.4},{"data_generator_pmTORC1":101.7986365142,"data_generator_time":558.0},{"data_generator_pmTORC1":97.204748167,"data_generator_time":561.6},{"data_generator_pmTORC1":92.2158376967,"data_generator_time":565.2},{"data_generator_pmTORC1":86.8425414603,"data_generator_time":568.8},{"data_generator_pmTORC1":81.0996173919,"data_generator_time":572.4},{"data_generator_pmTORC1":75.0063654457,"data_generator_time":576.0},{"data_generator_pmTORC1":68.5872637167,"data_generator_time":579.6},{"data_generator_pmTORC1":61.8728273307,"data_generator_time":583.2},{"data_generator_pmTORC1":54.900860122,"data_generator_time":586.8},{"data_generator_pmTORC1":47.7182211875,"data_generator_time":590.4},{"data_generator_pmTORC1":40.3835193264,"data_generator_time":594.0},{"data_generator_pmTORC1":32.9717747184,"data_generator_time":597.6},{"data_generator_pmTORC1":25.583810003,"data_generator_time":601.2},{"data_generator_pmTORC1":18.3687128073,"data_generator_time":604.8},{"data_generator_pmTORC1":11.5878130325,"data_generator_time":608.4},{"data_generator_pmTORC1":5.8298919358,"data_generator_time":612.0},{"data_generator_pmTORC1":2.4905477397,"data_generator_time":615.6},{"data_generator_pmTORC1":1.8700802356,"data_generator_time":619.2},{"data_generator_pmTORC1":1.9284910111,"data_generator_time":622.8},{"data_generator_pmTORC1":2.0763956872,"data_generator_time":626.4},{"data_generator_pmTORC1":2.2744537559,"data_generator_time":630.0},{"data_generator_pmTORC1":2.5292172634,"data_generator_time":633.6},{"data_generator_pmTORC1":2.8538365334,"data_generator_time":637.2},{"data_generator_pmTORC1":3.2666125767,"data_generator_time":640.8},{"data_generator_pmTORC1":3.7922331363,"data_generator_time":644.4},{"data_generator_pmTORC1":4.4632392292,"data_generator_time":648.0},{"data_generator_pmTORC1":5.3211897914,"data_generator_time":651.6},{"data_generator_pmTORC1":6.4169246822,"data_generator_time":655.2},{"data_generator_pmTORC1":7.8092699391,"data_generator_time":658.8},{"data_generator_pmTORC1":9.561809492,"data_generator_time":662.4},{"data_generator_pmTORC1":11.7380223541,"data_generator_time":666.0},{"data_generator_pmTORC1":14.3956874268,"data_generator_time":669.6},{"data_generator_pmTORC1":17.5817036236,"data_generator_time":673.2},{"data_generator_pmTORC1":21.3281655716,"data_generator_time":676.8},{"data_generator_pmTORC1":25.6498343355,"data_generator_time":680.4},{"data_generator_pmTORC1":30.5427870187,"data_generator_time":684.0},{"data_generator_pmTORC1":35.9838237364,"data_generator_time":687.6},{"data_generator_pmTORC1":41.9302716096,"data_generator_time":691.2},{"data_generator_pmTORC1":48.3199402621,"data_generator_time":694.8},{"data_generator_pmTORC1":55.0710244254,"data_generator_time":698.4},{"data_generator_pmTORC1":62.0816820403,"data_generator_time":702.0},{"data_generator_pmTORC1":69.2288698072,"data_generator_time":705.6},{"data_generator_pmTORC1":76.3658094023,"data_generator_time":709.2},{"data_generator_pmTORC1":83.3180139391,"data_generator_time":712.8},{"data_generator_pmTORC1":89.880459629,"data_generator_time":716.4},{"data_generator_pmTORC1":95.8258494608,"data_generator_time":720.0},{"data_generator_pmTORC1":100.9469298179,"data_generator_time":723.6},{"data_generator_pmTORC1":105.1469189056,"data_generator_time":727.2},{"data_generator_pmTORC1":108.5132459659,"data_generator_time":730.8},{"data_generator_pmTORC1":111.2618820832,"data_generator_time":734.4},{"data_generator_pmTORC1":113.6027164294,"data_generator_time":738.0},{"data_generator_pmTORC1":115.6707215275,"data_generator_time":741.6},{"data_generator_pmTORC1":117.5342772168,"data_generator_time":745.2},{"data_generator_pmTORC1":119.2224879815,"data_generator_time":748.8},{"data_generator_pmTORC1":120.7444755419,"data_generator_time":752.4},{"data_generator_pmTORC1":122.0993621898,"data_generator_time":756.0},{"data_generator_pmTORC1":123.2808535895,"data_generator_time":759.6},{"data_generator_pmTORC1":124.2792636558,"data_generator_time":763.2},{"data_generator_pmTORC1":125.0824175824,"data_generator_time":766.8},{"data_generator_pmTORC1":125.676109724,"data_generator_time":770.4},{"data_generator_pmTORC1":126.0444074402,"data_generator_time":774.0},{"data_generator_pmTORC1":126.1699311737,"data_generator_time":777.6},{"data_generator_pmTORC1":126.0342046067,"data_generator_time":781.2},{"data_generator_pmTORC1":125.6180481982,"data_generator_time":784.8},{"data_generator_pmTORC1":124.9020388916,"data_generator_time":788.4},{"data_generator_pmTORC1":123.8670343129,"data_generator_time":792.0},{"data_generator_pmTORC1":122.4946937182,"data_generator_time":795.6},{"data_generator_pmTORC1":120.7680303521,"data_generator_time":799.2},{"data_generator_pmTORC1":118.6718663785,"data_generator_time":802.8},{"data_generator_pmTORC1":116.1932970512,"data_generator_time":806.4},{"data_generator_pmTORC1":113.3220437833,"data_generator_time":810.0},{"data_generator_pmTORC1":110.0506903398,"data_generator_time":813.6},{"data_generator_pmTORC1":106.3750143113,"data_generator_time":817.2},{"data_generator_pmTORC1":102.2940755195,"data_generator_time":820.8},{"data_generator_pmTORC1":97.8103728223,"data_generator_time":824.4},{"data_generator_pmTORC1":92.930020673,"data_generator_time":828.0},{"data_generator_pmTORC1":87.6629365788,"data_generator_time":831.6},{"data_generator_pmTORC1":82.0231120037,"data_generator_time":835.2},{"data_generator_pmTORC1":76.0290009116,"data_generator_time":838.8},{"data_generator_pmTORC1":69.7041030276,"data_generator_time":842.4},{"data_generator_pmTORC1":63.0777609397,"data_generator_time":846.0},{"data_generator_pmTORC1":56.1863119589,"data_generator_time":849.6},{"data_generator_pmTORC1":49.0747042769,"data_generator_time":853.2},{"data_generator_pmTORC1":41.7989191967,"data_generator_time":856.8},{"data_generator_pmTORC1":34.430050016,"data_generator_time":860.4},{"data_generator_pmTORC1":27.0622476673,"data_generator_time":864.0},{"data_generator_pmTORC1":19.8310249932,"data_generator_time":867.6},{"data_generator_pmTORC1":12.9632361117,"data_generator_time":871.2},{"data_generator_pmTORC1":6.9395513822,"data_generator_time":874.8},{"data_generator_pmTORC1":2.9532391904,"data_generator_time":878.4},{"data_generator_pmTORC1":1.9145616332,"data_generator_time":882.0},{"data_generator_pmTORC1":1.9199234017,"data_generator_time":885.6},{"data_generator_pmTORC1":2.0568806714,"data_generator_time":889.2},{"data_generator_pmTORC1":2.2457278254,"data_generator_time":892.8},{"data_generator_pmTORC1":2.4896770843,"data_generator_time":896.4},{"data_generator_pmTORC1":2.8009224598,"data_generator_time":900.0},{"data_generator_pmTORC1":3.1967610839,"data_generator_time":903.6},{"data_generator_pmTORC1":3.700616366,"data_generator_time":907.2},{"data_generator_pmTORC1":4.3434927889,"data_generator_time":910.8},{"data_generator_pmTORC1":5.1652233591,"data_generator_time":914.4},{"data_generator_pmTORC1":6.2149330777,"data_generator_time":918.0},{"data_generator_pmTORC1":7.5500593043,"data_generator_time":921.6},{"data_generator_pmTORC1":9.2334716687,"data_generator_time":925.2},{"data_generator_pmTORC1":11.3288792954,"data_generator_time":928.8},{"data_generator_pmTORC1":13.8953063968,"data_generator_time":932.4},{"data_generator_pmTORC1":16.9817772062,"data_generator_time":936.0},{"data_generator_pmTORC1":20.6231629211,"data_generator_time":939.6},{"data_generator_pmTORC1":24.8374199438,"data_generator_time":943.2},{"data_generator_pmTORC1":29.6240553006,"data_generator_time":946.8},{"data_generator_pmTORC1":34.9634248848,"data_generator_time":950.4},{"data_generator_pmTORC1":40.8164876146,"data_generator_time":954.0},{"data_generator_pmTORC1":47.1247458362,"data_generator_time":957.6},{"data_generator_pmTORC1":53.8101701665,"data_generator_time":961.2},{"data_generator_pmTORC1":60.7748785058,"data_generator_time":964.8},{"data_generator_pmTORC1":67.9001544241,"data_generator_time":968.4},{"data_generator_pmTORC1":75.0441930724,"data_generator_time":972.0},{"data_generator_pmTORC1":82.0384343336,"data_generator_time":975.6},{"data_generator_pmTORC1":88.6840896137,"data_generator_time":979.2},{"data_generator_pmTORC1":94.7570300208,"data_generator_time":982.8},{"data_generator_pmTORC1":100.0414682035,"data_generator_time":986.4},{"data_generator_pmTORC1":104.412328571,"data_generator_time":990.0},{"data_generator_pmTORC1":107.921252433,"data_generator_time":993.6},{"data_generator_pmTORC1":110.7689054622,"data_generator_time":997.2},{"data_generator_pmTORC1":113.1738435012,"data_generator_time":1000.8},{"data_generator_pmTORC1":115.2857915996,"data_generator_time":1004.4},{"data_generator_pmTORC1":117.1836213093,"data_generator_time":1008.0},{"data_generator_pmTORC1":118.9021318097,"data_generator_time":1011.6},{"data_generator_pmTORC1":120.4532819238,"data_generator_time":1015.2},{"data_generator_pmTORC1":121.8376369656,"data_generator_time":1018.8},{"data_generator_pmTORC1":123.0497125451,"data_generator_time":1022.4},{"data_generator_pmTORC1":124.080350511,"data_generator_time":1026.0},{"data_generator_pmTORC1":124.9177738591,"data_generator_time":1029.6},{"data_generator_pmTORC1":125.5481021218,"data_generator_time":1033.2},{"data_generator_pmTORC1":125.9556729914,"data_generator_time":1036.8},{"data_generator_pmTORC1":126.1233341116,"data_generator_time":1040.4},{"data_generator_pmTORC1":126.0327685111,"data_generator_time":1044.0},{"data_generator_pmTORC1":125.664879217,"data_generator_time":1047.6},{"data_generator_pmTORC1":125.0002579459,"data_generator_time":1051.2},{"data_generator_pmTORC1":124.0196793048,"data_generator_time":1054.8},{"data_generator_pmTORC1":122.7046450713,"data_generator_time":1058.4},{"data_generator_pmTORC1":121.0379048306,"data_generator_time":1062.0},{"data_generator_pmTORC1":119.0039755146,"data_generator_time":1065.6},{"data_generator_pmTORC1":116.5895473388,"data_generator_time":1069.2},{"data_generator_pmTORC1":113.783890857,"data_generator_time":1072.8},{"data_generator_pmTORC1":110.5791449032,"data_generator_time":1076.4},{"data_generator_pmTORC1":106.9705211866,"data_generator_time":1080.0},{"data_generator_pmTORC1":102.9565609352,"data_generator_time":1083.6},{"data_generator_pmTORC1":98.5391962956,"data_generator_time":1087.2},{"data_generator_pmTORC1":93.7239503503,"data_generator_time":1090.8},{"data_generator_pmTORC1":88.5201162942,"data_generator_time":1094.4},{"data_generator_pmTORC1":82.9410113593,"data_generator_time":1098.0},{"data_generator_pmTORC1":77.0043422003,"data_generator_time":1101.6},{"data_generator_pmTORC1":70.7327559772,"data_generator_time":1105.2},{"data_generator_pmTORC1":64.1545923678,"data_generator_time":1108.8},{"data_generator_pmTORC1":57.3049744447,"data_generator_time":1112.4},{"data_generator_pmTORC1":50.2273299034,"data_generator_time":1116.0},{"data_generator_pmTORC1":42.9756482596,"data_generator_time":1119.6},{"data_generator_pmTORC1":35.6181910289,"data_generator_time":1123.2},{"data_generator_pmTORC1":28.2445780845,"data_generator_time":1126.8},{"data_generator_pmTORC1":20.9814744504,"data_generator_time":1130.4},{"data_generator_pmTORC1":14.0346670886,"data_generator_time":1134.0},{"data_generator_pmTORC1":7.821987433,"data_generator_time":1137.6},{"data_generator_pmTORC1":3.3874715425,"data_generator_time":1141.2},{"data_generator_pmTORC1":1.9595099579,"data_generator_time":1144.8},{"data_generator_pmTORC1":1.90533588,"data_generator_time":1148.4},{"data_generator_pmTORC1":2.0319444935,"data_generator_time":1152.0},{"data_generator_pmTORC1":2.2127111222,"data_generator_time":1155.6},{"data_generator_pmTORC1":2.4471711628,"data_generator_time":1159.2},{"data_generator_pmTORC1":2.7466534858,"data_generator_time":1162.8},{"data_generator_pmTORC1":3.1275972898,"data_generator_time":1166.4},{"data_generator_pmTORC1":3.6123496165,"data_generator_time":1170.0},{"data_generator_pmTORC1":4.2306062225,"data_generator_time":1173.6},{"data_generator_pmTORC1":5.0207263173,"data_generator_time":1177.2},{"data_generator_pmTORC1":6.0303648869,"data_generator_time":1180.8},{"data_generator_pmTORC1":7.3157648721,"data_generator_time":1184.4},{"data_generator_pmTORC1":8.9391873139,"data_generator_time":1188.0},{"data_generator_pmTORC1":10.9645561715,"data_generator_time":1191.6},{"data_generator_pmTORC1":13.4520105298,"data_generator_time":1195.2},{"data_generator_pmTORC1":16.4524777933,"data_generator_time":1198.8},{"data_generator_pmTORC1":20.0033072219,"data_generator_time":1202.4},{"data_generator_pmTORC1":24.1252873648,"data_generator_time":1206.0},{"data_generator_pmTORC1":28.8209387643,"data_generator_time":1209.6},{"data_generator_pmTORC1":34.0737086942,"data_generator_time":1213.2},{"data_generator_pmTORC1":39.8476703364,"data_generator_time":1216.8},{"data_generator_pmTORC1":46.0874506754,"data_generator_time":1220.4},{"data_generator_pmTORC1":52.7181681289,"data_generator_time":1224.0},{"data_generator_pmTORC1":59.6451725705,"data_generator_time":1227.6},{"data_generator_pmTORC1":66.7532155457,"data_generator_time":1231.2},{"data_generator_pmTORC1":73.9044203067,"data_generator_time":1234.8},{"data_generator_pmTORC1":80.9348294595,"data_generator_time":1238.4},{"data_generator_pmTORC1":87.6505914916,"data_generator_time":1242.0},{"data_generator_pmTORC1":93.8305071183,"data_generator_time":1245.6},{"data_generator_pmTORC1":99.2532322352,"data_generator_time":1249.2},{"data_generator_pmTORC1":103.7721583708,"data_generator_time":1252.8},{"data_generator_pmTORC1":107.408318992,"data_generator_time":1256.4},{"data_generator_pmTORC1":110.3462571453,"data_generator_time":1260.0},{"data_generator_pmTORC1":112.8100072406,"data_generator_time":1263.6},{"data_generator_pmTORC1":114.9620751598,"data_generator_time":1267.2},{"data_generator_pmTORC1":116.8910103681,"data_generator_time":1270.8},{"data_generator_pmTORC1":118.6369754391,"data_generator_time":1274.4},{"data_generator_pmTORC1":120.2146098543,"data_generator_time":1278.0},{"data_generator_pmTORC1":121.6258358984,"data_generator_time":1281.6},{"data_generator_pmTORC1":122.8659280212,"data_generator_time":1285.2},{"data_generator_pmTORC1":123.9262234012,"data_generator_time":1288.8},{"data_generator_pmTORC1":124.7953211765,"data_generator_time":1292.4},{"data_generator_pmTORC1":125.4596514162,"data_generator_time":1296.0},{"data_generator_pmTORC1":125.9038166288,"data_generator_time":1299.6},{"data_generator_pmTORC1":126.1108815284,"data_generator_time":1303.2},{"data_generator_pmTORC1":126.062690945,"data_generator_time":1306.8},{"data_generator_pmTORC1":125.7402421627,"data_generator_time":1310.4},{"data_generator_pmTORC1":125.1241439476,"data_generator_time":1314.0},{"data_generator_pmTORC1":124.1951087097,"data_generator_time":1317.6},{"data_generator_pmTORC1":122.9344813639,"data_generator_time":1321.2},{"data_generator_pmTORC1":121.3247877502,"data_generator_time":1324.8},{"data_generator_pmTORC1":119.3502227238,"data_generator_time":1328.4},{"data_generator_pmTORC1":116.9971140611,"data_generator_time":1332.0},{"data_generator_pmTORC1":114.2542934617,"data_generator_time":1335.6},{"data_generator_pmTORC1":111.1134350141,"data_generator_time":1339.2},{"data_generator_pmTORC1":107.5692379738,"data_generator_time":1342.8},{"data_generator_pmTORC1":103.6197134093,"data_generator_time":1346.4},{"data_generator_pmTORC1":99.2662426295,"data_generator_time":1350.0},{"data_generator_pmTORC1":94.513767416,"data_generator_time":1353.6},{"data_generator_pmTORC1":89.3709675053,"data_generator_time":1357.2},{"data_generator_pmTORC1":83.8505006947,"data_generator_time":1360.8},{"data_generator_pmTORC1":77.9693449581,"data_generator_time":1364.4},{"data_generator_pmTORC1":71.7493200346,"data_generator_time":1368.0},{"data_generator_pmTORC1":65.2177983834,"data_generator_time":1371.6},{"data_generator_pmTORC1":58.4087377964,"data_generator_time":1375.2},{"data_generator_pmTORC1":51.364120854,"data_generator_time":1378.8},{"data_generator_pmTORC1":44.1360638733,"data_generator_time":1382.4},{"data_generator_pmTORC1":36.7902139656,"data_generator_time":1386.0},{"data_generator_pmTORC1":29.4120466793,"data_generator_time":1389.6},{"data_generator_pmTORC1":22.1206172481,"data_generator_time":1393.2},{"data_generator_pmTORC1":15.1040743123,"data_generator_time":1396.8},{"data_generator_pmTORC1":8.7291354261,"data_generator_time":1400.4},{"data_generator_pmTORC1":3.9004884345,"data_generator_time":1404.0},{"data_generator_pmTORC1":2.0315660384,"data_generator_time":1407.6},{"data_generator_pmTORC1":1.8932371943,"data_generator_time":1411.2},{"data_generator_pmTORC1":2.0078540785,"data_generator_time":1414.8},{"data_generator_pmTORC1":2.1806837929,"data_generator_time":1418.4},{"data_generator_pmTORC1":2.4060034369,"data_generator_time":1422.0},{"data_generator_pmTORC1":2.6942025493,"data_generator_time":1425.6},{"data_generator_pmTORC1":3.0608933001,"data_generator_time":1429.2},{"data_generator_pmTORC1":3.5273939389,"data_generator_time":1432.8},{"data_generator_pmTORC1":4.1221360931,"data_generator_time":1436.4},{"data_generator_pmTORC1":4.8820361728,"data_generator_time":1440.0},{"data_generator_pmTORC1":5.8532784362,"data_generator_time":1443.6},{"data_generator_pmTORC1":7.090863104,"data_generator_time":1447.2},{"data_generator_pmTORC1":8.6563437497,"data_generator_time":1450.8},{"data_generator_pmTORC1":10.6137303358,"data_generator_time":1454.4},{"data_generator_pmTORC1":13.0241355095,"data_generator_time":1458.0},{"data_generator_pmTORC1":15.9402773738,"data_generator_time":1461.6},{"data_generator_pmTORC1":19.4018946395,"data_generator_time":1465.2},{"data_generator_pmTORC1":23.4325475351,"data_generator_time":1468.8},{"data_generator_pmTORC1":28.0377295581,"data_generator_time":1472.4},{"data_generator_pmTORC1":33.203942388,"data_generator_time":1476.0},{"data_generator_pmTORC1":38.8983458966,"data_generator_time":1479.6},{"data_generator_pmTORC1":45.0686527481,"data_generator_time":1483.2},{"data_generator_pmTORC1":51.6430923022,"data_generator_time":1486.8},{"data_generator_pmTORC1":58.5301871084,"data_generator_time":1490.4},{"data_generator_pmTORC1":65.6180499079,"data_generator_time":1494.0},{"data_generator_pmTORC1":72.7726036034,"data_generator_time":1497.6},{"data_generator_pmTORC1":79.834307447,"data_generator_time":1501.2},{"data_generator_pmTORC1":86.6141958034,"data_generator_time":1504.8},{"data_generator_pmTORC1":92.8945461898,"data_generator_time":1508.4},{"data_generator_pmTORC1":98.4504127677,"data_generator_time":1512.0},{"data_generator_pmTORC1":103.1165156379,"data_generator_time":1515.6},{"data_generator_pmTORC1":106.8835875465,"data_generator_time":1519.2},{"data_generator_pmTORC1":109.9167468596,"data_generator_time":1522.8},{"data_generator_pmTORC1":112.4428272057,"data_generator_time":1526.4},{"data_generator_pmTORC1":114.6368177178,"data_generator_time":1530.0},{"data_generator_pmTORC1":116.5975733657,"data_generator_time":1533.6},{"data_generator_pmTORC1":118.3711449865,"data_generator_time":1537.2},{"data_generator_pmTORC1":119.9751384691,"data_generator_time":1540.8},{"data_generator_pmTORC1":121.4129641636,"data_generator_time":1544.4},{"data_generator_pmTORC1":122.6807132475,"data_generator_time":1548.0},{"data_generator_pmTORC1":123.770243367,"data_generator_time":1551.6},{"data_generator_pmTORC1":124.6705391207,"data_generator_time":1555.2},{"data_generator_pmTORC1":125.3683499823,"data_generator_time":1558.8},{"data_generator_pmTORC1":125.8485508882,"data_generator_time":1562.4},{"data_generator_pmTORC1":126.0944306421,"data_generator_time":1566.0},{"data_generator_pmTORC1":126.0880000597,"data_generator_time":1569.6},{"data_generator_pmTORC1":125.8103657812,"data_generator_time":1573.2},{"data_generator_pmTORC1":125.2421643419,"data_generator_time":1576.8},{"data_generator_pmTORC1":124.3640550162,"data_generator_time":1580.4},{"data_generator_pmTORC1":123.1572558666,"data_generator_time":1584.0},{"data_generator_pmTORC1":121.6040583896,"data_generator_time":1587.6},{"data_generator_pmTORC1":119.6883730465,"data_generator_time":1591.2},{"data_generator_pmTORC1":117.3961414724,"data_generator_time":1594.8},{"data_generator_pmTORC1":114.7158017187,"data_generator_time":1598.4},{"data_generator_pmTORC1":111.6385223046,"data_generator_time":1602.0},{"data_generator_pmTORC1":108.1585485566,"data_generator_time":1605.6},{"data_generator_pmTORC1":104.2733434178,"data_generator_time":1609.2},{"data_generator_pmTORC1":99.9837364867,"data_generator_time":1612.8},{"data_generator_pmTORC1":95.2940967807,"data_generator_time":1616.4},{"data_generator_pmTORC1":90.2124940202,"data_generator_time":1620.0},{"data_generator_pmTORC1":84.7509444503,"data_generator_time":1623.6},{"data_generator_pmTORC1":78.9257025562,"data_generator_time":1627.2},{"data_generator_pmTORC1":72.7577779824,"data_generator_time":1630.8},{"data_generator_pmTORC1":66.2736057226,"data_generator_time":1634.4},{"data_generator_pmTORC1":59.5060141854,"data_generator_time":1638.0},{"data_generator_pmTORC1":52.4955943722,"data_generator_time":1641.6},{"data_generator_pmTORC1":45.2926723301,"data_generator_time":1645.2},{"data_generator_pmTORC1":37.9604328955,"data_generator_time":1648.8},{"data_generator_pmTORC1":30.5805709307,"data_generator_time":1652.4},{"data_generator_pmTORC1":23.2653041546,"data_generator_time":1656.0},{"data_generator_pmTORC1":16.1875706234,"data_generator_time":1659.6},{"data_generator_pmTORC1":9.6715497205,"data_generator_time":1663.2},{"data_generator_pmTORC1":4.496377102,"data_generator_time":1666.8},{"data_generator_pmTORC1":2.1435214994,"data_generator_time":1670.4},{"data_generator_pmTORC1":1.8852308975,"data_generator_time":1674.0},{"data_generator_pmTORC1":1.9850403987,"data_generator_time":1677.6},{"data_generator_pmTORC1":2.1499393899,"data_generator_time":1681.2},{"data_generator_pmTORC1":2.3663917008,"data_generator_time":1684.8},{"data_generator_pmTORC1":2.6437015854,"data_generator_time":1688.4},{"data_generator_pmTORC1":2.9966788123,"data_generator_time":1692.0},{"data_generator_pmTORC1":3.4456464024,"data_generator_time":1695.6},{"data_generator_pmTORC1":4.0178095874,"data_generator_time":1699.2},{"data_generator_pmTORC1":4.7486637918,"data_generator_time":1702.8},{"data_generator_pmTORC1":5.6829128335,"data_generator_time":1706.4},{"data_generator_pmTORC1":6.8742578068,"data_generator_time":1710.0},{"data_generator_pmTORC1":8.3834443499,"data_generator_time":1713.6},{"data_generator_pmTORC1":10.2744271594,"data_generator_time":1717.2},{"data_generator_pmTORC1":12.6091568,"data_generator_time":1720.8},{"data_generator_pmTORC1":15.4420233156,"data_generator_time":1724.4},{"data_generator_pmTORC1":18.8150738331,"data_generator_time":1728.0},{"data_generator_pmTORC1":22.7545925305,"data_generator_time":1731.6},{"data_generator_pmTORC1":27.2690201279,"data_generator_time":1735.2},{"data_generator_pmTORC1":32.3479072605,"data_generator_time":1738.8},{"data_generator_pmTORC1":37.9614921538,"data_generator_time":1742.4},{"data_generator_pmTORC1":44.0605769543,"data_generator_time":1746.0},{"data_generator_pmTORC1":50.576485377,"data_generator_time":1749.6},{"data_generator_pmTORC1":57.4208986817,"data_generator_time":1753.2},{"data_generator_pmTORC1":64.485255351,"data_generator_time":1756.8},{"data_generator_pmTORC1":71.6391686102,"data_generator_time":1760.4},{"data_generator_pmTORC1":78.7274186894,"data_generator_time":1764.0},{"data_generator_pmTORC1":85.5659020944,"data_generator_time":1767.6},{"data_generator_pmTORC1":91.9408589316,"data_generator_time":1771.2},{"data_generator_pmTORC1":97.6254029652,"data_generator_time":1774.8},{"data_generator_pmTORC1":102.4382751648,"data_generator_time":1778.4},{"data_generator_pmTORC1":106.340627224,"data_generator_time":1782.0},{"data_generator_pmTORC1":109.4749361786,"data_generator_time":1785.6},{"data_generator_pmTORC1":112.0677329453,"data_generator_time":1789.2},{"data_generator_pmTORC1":114.3060432993,"data_generator_time":1792.8},{"data_generator_pmTORC1":116.2997081755,"data_generator_time":1796.4},{"data_generator_pmTORC1":118.1012895171,"data_generator_time":1800.0},{"data_generator_pmTORC1":119.7317043724,"data_generator_time":1803.6},{"data_generator_pmTORC1":121.1960168537,"data_generator_time":1807.2},{"data_generator_pmTORC1":122.491207336,"data_generator_time":1810.8},{"data_generator_pmTORC1":123.6096851727,"data_generator_time":1814.4},{"data_generator_pmTORC1":124.5408384739,"data_generator_time":1818.0},{"data_generator_pmTORC1":125.2717428709,"data_generator_time":1821.6},{"data_generator_pmTORC1":125.7875464283,"data_generator_time":1825.2},{"data_generator_pmTORC1":126.0717737208,"data_generator_time":1828.8},{"data_generator_pmTORC1":126.106617199,"data_generator_time":1832.4},{"data_generator_pmTORC1":125.873297465,"data_generator_time":1836.0},{"data_generator_pmTORC1":125.352495788,"data_generator_time":1839.6},{"data_generator_pmTORC1":124.5248328003,"data_generator_time":1843.2},{"data_generator_pmTORC1":123.3713978548,"data_generator_time":1846.8},{"data_generator_pmTORC1":121.8742819247,"data_generator_time":1850.4},{"data_generator_pmTORC1":120.0170978995,"data_generator_time":1854.0},{"data_generator_pmTORC1":117.7854600266,"data_generator_time":1857.6},{"data_generator_pmTORC1":115.1673546989,"data_generator_time":1861.2},{"data_generator_pmTORC1":112.1535347638,"data_generator_time":1864.8},{"data_generator_pmTORC1":108.7377117923,"data_generator_time":1868.4},{"data_generator_pmTORC1":104.9168324705,"data_generator_time":1872.0},{"data_generator_pmTORC1":100.691191146,"data_generator_time":1875.6},{"data_generator_pmTORC1":96.0645815345,"data_generator_time":1879.2},{"data_generator_pmTORC1":91.0444744251,"data_generator_time":1882.8},{"data_generator_pmTORC1":85.6422362106,"data_generator_time":1886.4},{"data_generator_pmTORC1":79.8734245386,"data_generator_time":1890.0},{"data_generator_pmTORC1":73.7582577815,"data_generator_time":1893.6},{"data_generator_pmTORC1":67.322250365,"data_generator_time":1897.2},{"data_generator_pmTORC1":60.5971379868,"data_generator_time":1900.8},{"data_generator_pmTORC1":53.6221672147,"data_generator_time":1904.4},{"data_generator_pmTORC1":46.4459509735,"data_generator_time":1908.0},{"data_generator_pmTORC1":39.1293488948,"data_generator_time":1911.6},{"data_generator_pmTORC1":31.7505574885,"data_generator_time":1915.2},{"data_generator_pmTORC1":24.4156496637,"data_generator_time":1918.8},{"data_generator_pmTORC1":17.284374324,"data_generator_time":1922.4},{"data_generator_pmTORC1":10.6452706271,"data_generator_time":1926.0},{"data_generator_pmTORC1":5.1684433944,"data_generator_time":1929.6},{"data_generator_pmTORC1":2.3088218496,"data_generator_time":1933.2},{"data_generator_pmTORC1":1.883037337,"data_generator_time":1936.8},{"data_generator_pmTORC1":1.9636140002,"data_generator_time":1940.4},{"data_generator_pmTORC1":2.1204687377,"data_generator_time":1944.0},{"data_generator_pmTORC1":2.3283010718,"data_generator_time":1947.6},{"data_generator_pmTORC1":2.5950937441,"data_generator_time":1951.2},{"data_generator_pmTORC1":2.934866848,"data_generator_time":1954.8},{"data_generator_pmTORC1":3.3669826917,"data_generator_time":1958.4},{"data_generator_pmTORC1":3.9174587333,"data_generator_time":1962.0},{"data_generator_pmTORC1":4.620393216,"data_generator_time":1965.6},{"data_generator_pmTORC1":5.519005789,"data_generator_time":1969.2},{"data_generator_pmTORC1":6.6656507058,"data_generator_time":1972.8},{"data_generator_pmTORC1":8.1201648536,"data_generator_time":1976.4},{"data_generator_pmTORC1":9.9463172768,"data_generator_time":1980.0},{"data_generator_pmTORC1":12.206753758,"data_generator_time":1983.6},{"data_generator_pmTORC1":14.9574115778,"data_generator_time":1987.2},{"data_generator_pmTORC1":18.2425629869,"data_generator_time":1990.8},{"data_generator_pmTORC1":22.091164047,"data_generator_time":1994.4},{"data_generator_pmTORC1":26.5145782678,"data_generator_time":1998.0},{"data_generator_pmTORC1":31.5053930789,"data_generator_time":2001.6},{"data_generator_pmTORC1":37.0369233878,"data_generator_time":2005.2},{"data_generator_pmTORC1":43.0630563826,"data_generator_time":2008.8},{"data_generator_pmTORC1":49.5182149548,"data_generator_time":2012.4},{"data_generator_pmTORC1":56.3172189081,"data_generator_time":2016.0},{"data_generator_pmTORC1":63.3547846749,"data_generator_time":2019.6},{"data_generator_pmTORC1":70.5041650273,"data_generator_time":2023.2},{"data_generator_pmTORC1":77.6143295139,"data_generator_time":2026.8},{"data_generator_pmTORC1":84.5059987986,"data_generator_time":2030.4},{"data_generator_pmTORC1":90.96971185,"data_generator_time":2034.0},{"data_generator_pmTORC1":96.7781500908,"data_generator_time":2037.6},{"data_generator_pmTORC1":101.7367006165,"data_generator_time":2041.2},{"data_generator_pmTORC1":105.7781671404,"data_generator_time":2044.8},{"data_generator_pmTORC1":109.0195915181,"data_generator_time":2048.4},{"data_generator_pmTORC1":111.6838871552,"data_generator_time":2052.0},{"data_generator_pmTORC1":113.9692306035,"data_generator_time":2055.6},{"data_generator_pmTORC1":115.997075657,"data_generator_time":2059.2},{"data_generator_pmTORC1":117.827162168,"data_generator_time":2062.8},{"data_generator_pmTORC1":119.4841104801,"data_generator_time":2066.4},{"data_generator_pmTORC1":120.9748270125,"data_generator_time":2070.0},{"data_generator_pmTORC1":122.2972644385,"data_generator_time":2073.6},{"data_generator_pmTORC1":123.4444215011,"data_generator_time":2077.2},{"data_generator_pmTORC1":124.4061038711,"data_generator_time":2080.8},{"data_generator_pmTORC1":125.1697236242,"data_generator_time":2084.4},{"data_generator_pmTORC1":125.7207182451,"data_generator_time":2088.0},{"data_generator_pmTORC1":126.0428482552,"data_generator_time":2091.6},{"data_generator_pmTORC1":126.1184940434,"data_generator_time":2095.2},{"data_generator_pmTORC1":125.9290003047,"data_generator_time":2098.8},{"data_generator_pmTORC1":125.4551084532,"data_generator_time":2102.4},{"data_generator_pmTORC1":124.6774142519,"data_generator_time":2106.0},{"data_generator_pmTORC1":123.576893072,"data_generator_time":2109.6},{"data_generator_pmTORC1":122.1354445014,"data_generator_time":2113.2},{"data_generator_pmTORC1":120.3364089222,"data_generator_time":2116.8},{"data_generator_pmTORC1":118.1650442942,"data_generator_time":2120.4},{"data_generator_pmTORC1":115.6089525231,"data_generator_time":2124.0},{"data_generator_pmTORC1":112.6584153445,"data_generator_time":2127.6},{"data_generator_pmTORC1":109.3066682974,"data_generator_time":2131.2},{"data_generator_pmTORC1":105.5501224882,"data_generator_time":2134.8},{"data_generator_pmTORC1":101.3885409012,"data_generator_time":2138.4},{"data_generator_pmTORC1":96.8251478194,"data_generator_time":2142.0},{"data_generator_pmTORC1":91.866819396,"data_generator_time":2145.6},{"data_generator_pmTORC1":86.5242840394,"data_generator_time":2149.2},{"data_generator_pmTORC1":80.8124121707,"data_generator_time":2152.8},{"data_generator_pmTORC1":74.7506403836,"data_generator_time":2156.4},{"data_generator_pmTORC1":68.3635934433,"data_generator_time":2160.0},{"data_generator_pmTORC1":61.6819435606,"data_generator_time":2163.6},{"data_generator_pmTORC1":54.7436399959,"data_generator_time":2167.2},{"data_generator_pmTORC1":47.5956520223,"data_generator_time":2170.8},{"data_generator_pmTORC1":40.2966367146,"data_generator_time":2174.4},{"data_generator_pmTORC1":32.9215392525,"data_generator_time":2178.0},{"data_generator_pmTORC1":25.57088339,"data_generator_time":2181.6},{"data_generator_pmTORC1":18.3929027274,"data_generator_time":2185.2},{"data_generator_pmTORC1":11.6461729778,"data_generator_time":2188.8},{"data_generator_pmTORC1":5.9081869938,"data_generator_time":2192.4},{"data_generator_pmTORC1":2.5412492579,"data_generator_time":2196.0},{"data_generator_pmTORC1":1.8892306351,"data_generator_time":2199.6},{"data_generator_pmTORC1":1.9437255765,"data_generator_time":2203.2},{"data_generator_pmTORC1":2.0922501452,"data_generator_time":2206.8},{"data_generator_pmTORC1":2.2916849605,"data_generator_time":2210.4},{"data_generator_pmTORC1":2.5483121069,"data_generator_time":2214.0},{"data_generator_pmTORC1":2.87536557,"data_generator_time":2217.6},{"data_generator_pmTORC1":3.2912816452,"data_generator_time":2221.2},{"data_generator_pmTORC1":3.8209270993,"data_generator_time":2224.8},{"data_generator_pmTORC1":4.4970297178,"data_generator_time":2228.4},{"data_generator_pmTORC1":5.3613270365,"data_generator_time":2232.0},{"data_generator_pmTORC1":6.4647850463,"data_generator_time":2235.6},{"data_generator_pmTORC1":7.8662431507,"data_generator_time":2239.2},{"data_generator_pmTORC1":9.6291534844,"data_generator_time":2242.8},{"data_generator_pmTORC1":11.8167149248,"data_generator_time":2246.4},{"data_generator_pmTORC1":14.4862870112,"data_generator_time":2250.0},{"data_generator_pmTORC1":17.6842734765,"data_generator_time":2253.6},{"data_generator_pmTORC1":21.4422458939,"data_generator_time":2257.2},{"data_generator_pmTORC1":25.7744613022,"data_generator_time":2260.8},{"data_generator_pmTORC1":30.6765321938,"data_generator_time":2264.4},{"data_generator_pmTORC1":36.1248476724,"data_generator_time":2268.0},{"data_generator_pmTORC1":42.0763806586,"data_generator_time":2271.6},{"data_generator_pmTORC1":48.4686461714,"data_generator_time":2275.2},{"data_generator_pmTORC1":55.2195936942,"data_generator_time":2278.8},{"data_generator_pmTORC1":62.2271894972,"data_generator_time":2282.4},{"data_generator_pmTORC1":69.368241123,"data_generator_time":2286.0},{"data_generator_pmTORC1":76.4958152103,"data_generator_time":2289.6},{"data_generator_pmTORC1":83.4353795598,"data_generator_time":2293.2},{"data_generator_pmTORC1":89.9820418589,"data_generator_time":2296.8},{"data_generator_pmTORC1":95.9092508727,"data_generator_time":2300.4},{"data_generator_pmTORC1":101.0116236985,"data_generator_time":2304.0},{"data_generator_pmTORC1":105.1953406062,"data_generator_time":2307.6},{"data_generator_pmTORC1":108.5498245161,"data_generator_time":2311.2},{"data_generator_pmTORC1":111.290686675,"data_generator_time":2314.8},{"data_generator_pmTORC1":113.6260688967,"data_generator_time":2318.4},{"data_generator_pmTORC1":115.6895374419,"data_generator_time":2322.0},{"data_generator_pmTORC1":117.5487136744,"data_generator_time":2325.6},{"data_generator_pmTORC1":119.2323527479,"data_generator_time":2329.2},{"data_generator_pmTORC1":120.7494138314,"data_generator_time":2332.8},{"data_generator_pmTORC1":122.0989185083,"data_generator_time":2336.4},{"data_generator_pmTORC1":123.2744964597,"data_generator_time":2340.0},{"data_generator_pmTORC1":124.2663912012,"data_generator_time":2343.6},{"data_generator_pmTORC1":125.0623607996,"data_generator_time":2347.2},{"data_generator_pmTORC1":125.6481349493,"data_generator_time":2350.8},{"data_generator_pmTORC1":126.0077214799,"data_generator_time":2354.4},{"data_generator_pmTORC1":126.1236979564,"data_generator_time":2358.0},{"data_generator_pmTORC1":125.9775488844,"data_generator_time":2361.6},{"data_generator_pmTORC1":125.550079269,"data_generator_time":2365.2},{"data_generator_pmTORC1":124.8218726758,"data_generator_time":2368.8},{"data_generator_pmTORC1":123.7738127953,"data_generator_time":2372.4},{"data_generator_pmTORC1":122.3876110494,"data_generator_time":2376.0},{"data_generator_pmTORC1":120.6463536428,"data_generator_time":2379.6},{"data_generator_pmTORC1":118.5349570655,"data_generator_time":2383.2},{"data_generator_pmTORC1":116.0406295054,"data_generator_time":2386.8},{"data_generator_pmTORC1":113.1532056239,"data_generator_time":2390.4},{"data_generator_pmTORC1":109.8654375597,"data_generator_time":2394.0},{"data_generator_pmTORC1":106.1732203892,"data_generator_time":2397.6},{"data_generator_pmTORC1":102.0757794554,"data_generator_time":2401.2},{"data_generator_pmTORC1":97.5757756208,"data_generator_time":2404.8},{"data_generator_pmTORC1":92.6794944454,"data_generator_time":2408.4},{"data_generator_pmTORC1":87.3970361417,"data_generator_time":2412.0},{"data_generator_pmTORC1":81.7425898893,"data_generator_time":2415.6},{"data_generator_pmTORC1":75.7348325343,"data_generator_time":2419.2},{"data_generator_pmTORC1":69.3975154371,"data_generator_time":2422.8},{"data_generator_pmTORC1":62.7602798965,"data_generator_time":2426.4},{"data_generator_pmTORC1":55.8598205635,"data_generator_time":2430.0},{"data_generator_pmTORC1":48.7415297826,"data_generator_time":2433.6},{"data_generator_pmTORC1":41.4619689563,"data_generator_time":2437.2},{"data_generator_pmTORC1":34.0930591821,"data_generator_time":2440.8},{"data_generator_pmTORC1":26.7302790455,"data_generator_time":2444.4},{"data_generator_pmTORC1":19.5117473158,"data_generator_time":2448.0},{"data_generator_pmTORC1":12.6706885349,"data_generator_time":2451.6},{"data_generator_pmTORC1":6.706973939,"data_generator_time":2455.2},{"data_generator_pmTORC1":2.8525916747,"data_generator_time":2458.8},{"data_generator_pmTORC1":1.907668461,"data_generator_time":2462.4},{"data_generator_pmTORC1":1.9256192198,"data_generator_time":2466.0},{"data_generator_pmTORC1":2.0652688012,"data_generator_time":2469.6},{"data_generator_pmTORC1":2.2564980863,"data_generator_time":2473.2},{"data_generator_pmTORC1":2.5032937205,"data_generator_time":2476.8},{"data_generator_pmTORC1":2.8180869882,"data_generator_time":2480.4},{"data_generator_pmTORC1":3.2184273958,"data_generator_time":2484.0},{"data_generator_pmTORC1":3.7280639751,"data_generator_time":2487.6},{"data_generator_pmTORC1":4.3783850451,"data_generator_time":2491.2},{"data_generator_pmTORC1":5.2096509134,"data_generator_time":2494.8},{"data_generator_pmTORC1":6.2714115523,"data_generator_time":2498.4},{"data_generator_pmTORC1":7.6214224408,"data_generator_time":2502.0},{"data_generator_pmTORC1":9.3226948912,"data_generator_time":2505.6},{"data_generator_pmTORC1":11.4388363343,"data_generator_time":2509.2},{"data_generator_pmTORC1":14.0284991988,"data_generator_time":2512.8},{"data_generator_pmTORC1":17.1401214813,"data_generator_time":2516.4},{"data_generator_pmTORC1":20.8078278723,"data_generator_time":2520.0},{"data_generator_pmTORC1":25.0487360626,"data_generator_time":2523.6},{"data_generator_pmTORC1":29.8614705099,"data_generator_time":2527.2},{"data_generator_pmTORC1":35.2254897023,"data_generator_time":2530.8},{"data_generator_pmTORC1":41.1008509027,"data_generator_time":2534.4},{"data_generator_pmTORC1":47.4281590317,"data_generator_time":2538.0},{"data_generator_pmTORC1":54.1284839567,"data_generator_time":2541.6},{"data_generator_pmTORC1":61.1030142542,"data_generator_time":2545.2},{"data_generator_pmTORC1":68.2320479389,"data_generator_time":2548.8},{"data_generator_pmTORC1":75.3726457651,"data_generator_time":2552.4},{"data_generator_pmTORC1":82.3549366106,"data_generator_time":2556.0},{"data_generator_pmTORC1":88.9787631246,"data_generator_time":2559.6},{"data_generator_pmTORC1":95.0193644265,"data_generator_time":2563.2},{"data_generator_pmTORC1":100.2630091841,"data_generator_time":2566.8},{"data_generator_pmTORC1":104.5913637676,"data_generator_time":2570.4},{"data_generator_pmTORC1":108.0646611895,"data_generator_time":2574.0},{"data_generator_pmTORC1":110.8874567419,"data_generator_time":2577.6},{"data_generator_pmTORC1":113.2762036502,"data_generator_time":2581.2},{"data_generator_pmTORC1":115.3769368367,"data_generator_time":2584.8},{"data_generator_pmTORC1":117.2658878489,"data_generator_time":2588.4},{"data_generator_pmTORC1":118.9764242412,"data_generator_time":2592.0},{"data_generator_pmTORC1":120.5197968081,"data_generator_time":2595.6},{"data_generator_pmTORC1":121.896204262,"data_generator_time":2599.2},{"data_generator_pmTORC1":123.0999555915,"data_generator_time":2602.8},{"data_generator_pmTORC1":124.1217534573,"data_generator_time":2606.4},{"data_generator_pmTORC1":124.9497128471,"data_generator_time":2610.0},{"data_generator_pmTORC1":125.5698631703,"data_generator_time":2613.6},{"data_generator_pmTORC1":125.9664666651,"data_generator_time":2617.2},{"data_generator_pmTORC1":126.1223068284,"data_generator_time":2620.8},{"data_generator_pmTORC1":126.0190176012,"data_generator_time":2624.4},{"data_generator_pmTORC1":125.6374794614,"data_generator_time":2628.0},{"data_generator_pmTORC1":124.9582772444,"data_generator_time":2631.6},{"data_generator_pmTORC1":123.962214345,"data_generator_time":2635.2},{"data_generator_pmTORC1":122.6308340695,"data_generator_time":2638.8},{"data_generator_pmTORC1":120.9469718087,"data_generator_time":2642.4},{"data_generator_pmTORC1":118.8952180187,"data_generator_time":2646.0},{"data_generator_pmTORC1":116.4623905852,"data_generator_time":2649.6},{"data_generator_pmTORC1":113.6379004718,"data_generator_time":2653.2},{"data_generator_pmTORC1":110.4139920726,"data_generator_time":2656.8},{"data_generator_pmTORC1":106.7860874324,"data_generator_time":2660.4},{"data_generator_pmTORC1":102.7528532402,"data_generator_time":2664.0},{"data_generator_pmTORC1":98.3163956544,"data_generator_time":2667.6},{"data_generator_pmTORC1":93.4824151527,"data_generator_time":2671.2},{"data_generator_pmTORC1":88.2603904241,"data_generator_time":2674.8},{"data_generator_pmTORC1":82.6638406847,"data_generator_time":2678.4},{"data_generator_pmTORC1":76.7106931745,"data_generator_time":2682.0},{"data_generator_pmTORC1":70.4238500648,"data_generator_time":2685.6},{"data_generator_pmTORC1":63.831948837,"data_generator_time":2689.2},{"data_generator_pmTORC1":56.9704707113,"data_generator_time":2692.8},{"data_generator_pmTORC1":49.8832919016,"data_generator_time":2696.4},{"data_generator_pmTORC1":42.624981852,"data_generator_time":2700.0},{"data_generator_pmTORC1":35.2646242663,"data_generator_time":2703.6},{"data_generator_pmTORC1":27.8931098665,"data_generator_time":2707.2},{"data_generator_pmTORC1":20.6396399035,"data_generator_time":2710.8},{"data_generator_pmTORC1":13.7158747017,"data_generator_time":2714.4},{"data_generator_pmTORC1":7.5568963015,"data_generator_time":2718.0},{"data_generator_pmTORC1":3.2503273956,"data_generator_time":2721.6},{"data_generator_pmTORC1":1.9439994304,"data_generator_time":2725.2},{"data_generator_pmTORC1":1.9096855446,"data_generator_time":2728.8},{"data_generator_pmTORC1":2.0395218812,"data_generator_time":2732.4},{"data_generator_pmTORC1":2.2226988113,"data_generator_time":2736.0},{"data_generator_pmTORC1":2.4599768676,"data_generator_time":2739.6},{"data_generator_pmTORC1":2.7629501711,"data_generator_time":2743.2},{"data_generator_pmTORC1":3.1483091685,"data_generator_time":2746.8},{"data_generator_pmTORC1":3.6387238256,"data_generator_time":2750.4},{"data_generator_pmTORC1":4.2642755386,"data_generator_time":2754.0},{"data_generator_pmTORC1":5.0637631563,"data_generator_time":2757.6},{"data_generator_pmTORC1":6.0852831844,"data_generator_time":2761.2},{"data_generator_pmTORC1":7.3854413299,"data_generator_time":2764.8},{"data_generator_pmTORC1":9.0266875572,"data_generator_time":2768.4},{"data_generator_pmTORC1":11.0728958989,"data_generator_time":2772.0},{"data_generator_pmTORC1":13.5838765342,"data_generator_time":2775.6},{"data_generator_pmTORC1":16.6099977515,"data_generator_time":2779.2},{"data_generator_pmTORC1":20.1878703428,"data_generator_time":2782.8},{"data_generator_pmTORC1":24.3374370102,"data_generator_time":2786.4},{"data_generator_pmTORC1":29.0603165775,"data_generator_time":2790.0},{"data_generator_pmTORC1":34.3390321232,"data_generator_time":2793.6},{"data_generator_pmTORC1":40.1367247871,"data_generator_time":2797.2},{"data_generator_pmTORC1":46.3970891351,"data_generator_time":2800.8},{"data_generator_pmTORC1":53.0443057335,"data_generator_time":2804.4},{"data_generator_pmTORC1":59.982760923,"data_generator_time":2808.0},{"data_generator_pmTORC1":67.0961858426,"data_generator_time":2811.6},{"data_generator_pmTORC1":74.2455393511,"data_generator_time":2815.2},{"data_generator_pmTORC1":81.2655124778,"data_generator_time":2818.8},{"data_generator_pmTORC1":87.9607821745,"data_generator_time":2822.4},{"data_generator_pmTORC1":94.1092191279,"data_generator_time":2826.0},{"data_generator_pmTORC1":99.4909396458,"data_generator_time":2829.6},{"data_generator_pmTORC1":103.9655240107,"data_generator_time":2833.2},{"data_generator_pmTORC1":107.5631123025,"data_generator_time":2836.8},{"data_generator_pmTORC1":110.473466186,"data_generator_time":2840.4},{"data_generator_pmTORC1":112.9192322929,"data_generator_time":2844.0},{"data_generator_pmTORC1":115.0590860317,"data_generator_time":2847.6},{"data_generator_pmTORC1":116.9786099256,"data_generator_time":2851.2},{"data_generator_pmTORC1":118.7163049349,"data_generator_time":2854.8},{"data_generator_pmTORC1":120.2859844003,"data_generator_time":2858.4},{"data_generator_pmTORC1":121.6891473334,"data_generator_time":2862.0},{"data_generator_pmTORC1":122.9208361582,"data_generator_time":2865.6},{"data_generator_pmTORC1":123.9722370727,"data_generator_time":2869.2},{"data_generator_pmTORC1":124.8318340019,"data_generator_time":2872.8},{"data_generator_pmTORC1":125.4859637117,"data_generator_time":2876.4},{"data_generator_pmTORC1":125.9191501718,"data_generator_time":2880.0},{"data_generator_pmTORC1":126.1143912914,"data_generator_time":2883.6},{"data_generator_pmTORC1":126.0534775939,"data_generator_time":2887.2},{"data_generator_pmTORC1":125.7173813071,"data_generator_time":2890.8},{"data_generator_pmTORC1":125.0867002507,"data_generator_time":2894.4},{"data_generator_pmTORC1":124.1421681778,"data_generator_time":2898.0},{"data_generator_pmTORC1":122.8651746571,"data_generator_time":2901.6},{"data_generator_pmTORC1":121.2383177165,"data_generator_time":2905.2},{"data_generator_pmTORC1":119.2458759694,"data_generator_time":2908.8},{"data_generator_pmTORC1":116.8742879921,"data_generator_time":2912.4},{"data_generator_pmTORC1":114.1125326581,"data_generator_time":2916.0},{"data_generator_pmTORC1":110.9523838395,"data_generator_time":2919.6},{"data_generator_pmTORC1":107.3887529799,"data_generator_time":2923.2},{"data_generator_pmTORC1":103.4197786406,"data_generator_time":2926.8},{"data_generator_pmTORC1":99.0470108952,"data_generator_time":2930.4},{"data_generator_pmTORC1":94.2755690945,"data_generator_time":2934.0},{"data_generator_pmTORC1":89.114317345,"data_generator_time":2937.6},{"data_generator_pmTORC1":83.5761125397,"data_generator_time":2941.2},{"data_generator_pmTORC1":77.6781502716,"data_generator_time":2944.8},{"data_generator_pmTORC1":71.4424994581,"data_generator_time":2948.4},{"data_generator_pmTORC1":64.8968228257,"data_generator_time":2952.0},{"data_generator_pmTORC1":58.075426265,"data_generator_time":2955.6},{"data_generator_pmTORC1":51.0207251585,"data_generator_time":2959.2},{"data_generator_pmTORC1":43.7853912692,"data_generator_time":2962.8},{"data_generator_pmTORC1":36.4358464788,"data_generator_time":2966.4},{"data_generator_pmTORC1":29.0587714609,"data_generator_time":2970.0},{"data_generator_pmTORC1":21.7754466254,"data_generator_time":2973.6},{"data_generator_pmTORC1":14.7790790388,"data_generator_time":2977.2},{"data_generator_pmTORC1":8.4508471091,"data_generator_time":2980.8},{"data_generator_pmTORC1":3.7363534313,"data_generator_time":2984.4},{"data_generator_pmTORC1":2.0061468429,"data_generator_time":2988.0},{"data_generator_pmTORC1":1.8965373639,"data_generator_time":2991.6},{"data_generator_pmTORC1":2.0150218075,"data_generator_time":2995.2},{"data_generator_pmTORC1":2.1902481837,"data_generator_time":2998.8},{"data_generator_pmTORC1":2.4183041022,"data_generator_time":3002.4},{"data_generator_pmTORC1":2.7098753369,"data_generator_time":3006.0},{"data_generator_pmTORC1":3.0808211262,"data_generator_time":3009.6},{"data_generator_pmTORC1":3.5527681218,"data_generator_time":3013.2},{"data_generator_pmTORC1":4.1545260133,"data_generator_time":3016.8},{"data_generator_pmTORC1":4.9234457066,"data_generator_time":3020.4},{"data_generator_pmTORC1":5.9061578721,"data_generator_time":3024.0},{"data_generator_pmTORC1":7.1580447826,"data_generator_time":3027.6},{"data_generator_pmTORC1":8.7408848024,"data_generator_time":3031.2},{"data_generator_pmTORC1":10.7186734696,"data_generator_time":3034.8},{"data_generator_pmTORC1":13.1522496247,"data_generator_time":3038.4},{"data_generator_pmTORC1":16.0937974794,"data_generator_time":3042.0},{"data_generator_pmTORC1":19.5823430021,"data_generator_time":3045.6},{"data_generator_pmTORC1":23.6406106473,"data_generator_time":3049.2},{"data_generator_pmTORC1":28.2731965377,"data_generator_time":3052.8},{"data_generator_pmTORC1":33.4656812709,"data_generator_time":3056.4},{"data_generator_pmTORC1":39.1842891348,"data_generator_time":3060.0},{"data_generator_pmTORC1":45.3758012021,"data_generator_time":3063.6},{"data_generator_pmTORC1":51.9675033014,"data_generator_time":3067.2},{"data_generator_pmTORC1":58.8669614282,"data_generator_time":3070.8},{"data_generator_pmTORC1":65.9612845974,"data_generator_time":3074.4},{"data_generator_pmTORC1":73.1152431651,"data_generator_time":3078.0},{"data_generator_pmTORC1":80.1679801064,"data_generator_time":3081.6},{"data_generator_pmTORC1":86.9290510885,"data_generator_time":3085.2},{"data_generator_pmTORC1":93.179631239,"data_generator_time":3088.8},{"data_generator_pmTORC1":98.6956591106,"data_generator_time":3092.4},{"data_generator_pmTORC1":103.3172429524,"data_generator_time":3096.0},{"data_generator_pmTORC1":107.0442145364,"data_generator_time":3099.6},{"data_generator_pmTORC1":110.0479435475,"data_generator_time":3103.2},{"data_generator_pmTORC1":112.5547187434,"data_generator_time":3106.8},{"data_generator_pmTORC1":114.7357843199,"data_generator_time":3110.4},{"data_generator_pmTORC1":116.6868038135,"data_generator_time":3114.0},{"data_generator_pmTORC1":118.451981772,"data_generator_time":3117.6},{"data_generator_pmTORC1":120.0479942025,"data_generator_time":3121.2},{"data_generator_pmTORC1":121.4777830699,"data_generator_time":3124.8},{"data_generator_pmTORC1":122.7371854972,"data_generator_time":3128.4},{"data_generator_pmTORC1":123.8178986806,"data_generator_time":3132.0},{"data_generator_pmTORC1":124.7087886846,"data_generator_time":3135.6},{"data_generator_pmTORC1":125.396507844,"data_generator_time":3139.2},{"data_generator_pmTORC1":125.8658486325,"data_generator_time":3142.8},{"data_generator_pmTORC1":126.1000309497,"data_generator_time":3146.4},{"data_generator_pmTORC1":126.0810132104,"data_generator_time":3150.0},{"data_generator_pmTORC1":125.7898691193,"data_generator_time":3153.6},{"data_generator_pmTORC1":125.2072234276,"data_generator_time":3157.2},{"data_generator_pmTORC1":124.3137522049,"data_generator_time":3160.8},{"data_generator_pmTORC1":123.0907076575,"data_generator_time":3164.4},{"data_generator_pmTORC1":121.5204574917,"data_generator_time":3168.0},{"data_generator_pmTORC1":119.5869883047,"data_generator_time":3171.6},{"data_generator_pmTORC1":117.2763610992,"data_generator_time":3175.2},{"data_generator_pmTORC1":114.577132227,"data_generator_time":3178.8},{"data_generator_pmTORC1":111.4806164253,"data_generator_time":3182.4},{"data_generator_pmTORC1":107.98121275,"data_generator_time":3186.0},{"data_generator_pmTORC1":104.0765378118,"data_generator_time":3189.6},{"data_generator_pmTORC1":99.7675889921,"data_generator_time":3193.2},{"data_generator_pmTORC1":95.0589090721,"data_generator_time":3196.8},{"data_generator_pmTORC1":89.9587534664,"data_generator_time":3200.4},{"data_generator_pmTORC1":84.4793265752,"data_generator_time":3204.0},{"data_generator_pmTORC1":78.637104371,"data_generator_time":3207.6},{"data_generator_pmTORC1":72.453340429,"data_generator_time":3211.2},{"data_generator_pmTORC1":65.954749417,"data_generator_time":3214.8},{"data_generator_pmTORC1":59.17449849,"data_generator_time":3218.4},{"data_generator_pmTORC1":52.153594515,"data_generator_time":3222.0},{"data_generator_pmTORC1":44.9428968555,"data_generator_time":3225.6},{"data_generator_pmTORC1":37.6063211045,"data_generator_time":3229.2},{"data_generator_pmTORC1":30.2266744294,"data_generator_time":3232.8},{"data_generator_pmTORC1":22.9181669974,"data_generator_time":3236.4},{"data_generator_pmTORC1":15.8581150209,"data_generator_time":3240.0},{"data_generator_pmTORC1":9.3827687102,"data_generator_time":3243.6},{"data_generator_pmTORC1":4.3075939426,"data_generator_time":3247.2},{"data_generator_pmTORC1":2.1046429669,"data_generator_time":3250.8},{"data_generator_pmTORC1":1.8871336091,"data_generator_time":3254.4},{"data_generator_pmTORC1":1.9918054556,"data_generator_time":3258.0},{"data_generator_pmTORC1":2.159111033,"data_generator_time":3261.6},{"data_generator_pmTORC1":2.3782202687,"data_generator_time":3265.2},{"data_generator_pmTORC1":2.6587865534,"data_generator_time":3268.8},{"data_generator_pmTORC1":3.0158606416,"data_generator_time":3272.4},{"data_generator_pmTORC1":3.4700618432,"data_generator_time":3276.0},{"data_generator_pmTORC1":4.0489641729,"data_generator_time":3279.6},{"data_generator_pmTORC1":4.788490377,"data_generator_time":3283.2},{"data_generator_pmTORC1":5.7337931492,"data_generator_time":3286.8},{"data_generator_pmTORC1":6.9389728521,"data_generator_time":3290.4},{"data_generator_pmTORC1":8.4650284396,"data_generator_time":3294.0},{"data_generator_pmTORC1":10.3759478473,"data_generator_time":3297.6},{"data_generator_pmTORC1":12.7334418416,"data_generator_time":3301.2},{"data_generator_pmTORC1":15.5914062098,"data_generator_time":3304.8},{"data_generator_pmTORC1":18.9911992041,"data_generator_time":3308.4},{"data_generator_pmTORC1":22.9582854259,"data_generator_time":3312.0},{"data_generator_pmTORC1":27.5002161839,"data_generator_time":3315.6},{"data_generator_pmTORC1":32.6056203968,"data_generator_time":3319.2},{"data_generator_pmTORC1":38.2438035392,"data_generator_time":3322.8},{"data_generator_pmTORC1":44.3646301944,"data_generator_time":3326.4},{"data_generator_pmTORC1":50.8984957212,"data_generator_time":3330.0},{"data_generator_pmTORC1":57.7561198448,"data_generator_time":3333.6},{"data_generator_pmTORC1":64.8279378534,"data_generator_time":3337.2},{"data_generator_pmTORC1":71.9824625436,"data_generator_time":3340.8},{"data_generator_pmTORC1":79.0631696147,"data_generator_time":3344.4},{"data_generator_pmTORC1":85.8844916311,"data_generator_time":3348.0},{"data_generator_pmTORC1":92.2314193684,"data_generator_time":3351.6},{"data_generator_pmTORC1":97.8775018635,"data_generator_time":3355.2},{"data_generator_pmTORC1":102.6460325191,"data_generator_time":3358.8},{"data_generator_pmTORC1":106.5070019854,"data_generator_time":3362.4},{"data_generator_pmTORC1":109.610050499,"data_generator_time":3366.0},{"data_generator_pmTORC1":112.1821680787,"data_generator_time":3369.6},{"data_generator_pmTORC1":114.4067921206,"data_generator_time":3373.2},{"data_generator_pmTORC1":116.39037002,"data_generator_time":3376.8},{"data_generator_pmTORC1":118.1834242131,"data_generator_time":3380.4},{"data_generator_pmTORC1":119.8058310813,"data_generator_time":3384.0},{"data_generator_pmTORC1":121.262135358,"data_generator_time":3387.6},{"data_generator_pmTORC1":122.5490399221,"data_generator_time":3391.2},{"data_generator_pmTORC1":123.6587838786,"data_generator_time":3394.8},{"data_generator_pmTORC1":124.5806302285,"data_generator_time":3398.4},{"data_generator_pmTORC1":125.3015553317,"data_generator_time":3402.0},{"data_generator_pmTORC1":125.8066272288,"data_generator_time":3405.6},{"data_generator_pmTORC1":126.0792963095,"data_generator_time":3409.2},{"data_generator_pmTORC1":126.1016965192,"data_generator_time":3412.8},{"data_generator_pmTORC1":125.8550156781,"data_generator_time":3416.4},{"data_generator_pmTORC1":125.3199173194,"data_generator_time":3420.0},{"data_generator_pmTORC1":124.4770331782,"data_generator_time":3423.6},{"data_generator_pmTORC1":123.3074944634,"data_generator_time":3427.2},{"data_generator_pmTORC1":121.7934450895,"data_generator_time":3430.8},{"data_generator_pmTORC1":119.9185968747,"data_generator_time":3434.4},{"data_generator_pmTORC1":117.6686390716,"data_generator_time":3438.0},{"data_generator_pmTORC1":115.031721791,"data_generator_time":3441.6},{"data_generator_pmTORC1":111.9986957259,"data_generator_time":3445.2},{"data_generator_pmTORC1":108.5634585069,"data_generator_time":3448.8},{"data_generator_pmTORC1":104.7231075802,"data_generator_time":3452.4},{"data_generator_pmTORC1":100.47809129,"data_generator_time":3456.0},{"data_generator_pmTORC1":95.8323801547,"data_generator_time":3459.6},{"data_generator_pmTORC1":90.79362427,"data_generator_time":3463.2},{"data_generator_pmTORC1":85.3733908048,"data_generator_time":3466.8},{"data_generator_pmTORC1":79.5874427128,"data_generator_time":3470.4},{"data_generator_pmTORC1":73.4562352816,"data_generator_time":3474.0},{"data_generator_pmTORC1":67.0055620023,"data_generator_time":3477.6},{"data_generator_pmTORC1":60.2674844371,"data_generator_time":3481.2},{"data_generator_pmTORC1":53.281652123,"data_generator_time":3484.8},{"data_generator_pmTORC1":46.0971882337,"data_generator_time":3488.4},{"data_generator_pmTORC1":38.7756428997,"data_generator_time":3492.0},{"data_generator_pmTORC1":31.3962428153,"data_generator_time":3495.6},{"data_generator_pmTORC1":24.0668561979,"data_generator_time":3499.2},{"data_generator_pmTORC1":16.9510355067,"data_generator_time":3502.8},{"data_generator_pmTORC1":10.3474534902,"data_generator_time":3506.4},{"data_generator_pmTORC1":4.9574544442,"data_generator_time":3510.0},{"data_generator_pmTORC1":2.2523139939,"data_generator_time":3513.6},{"data_generator_pmTORC1":1.8829552511,"data_generator_time":3517.2},{"data_generator_pmTORC1":1.9699462849,"data_generator_time":3520.8},{"data_generator_pmTORC1":2.1292571573,"data_generator_time":3524.4},{"data_generator_pmTORC1":2.3396742348,"data_generator_time":3528.0},{"data_generator_pmTORC1":2.6096127142,"data_generator_time":3531.6},{"data_generator_pmTORC1":2.9533312124,"data_generator_time":3535.2},{"data_generator_pmTORC1":3.3904779975,"data_generator_time":3538.8},{"data_generator_pmTORC1":3.9474272944,"data_generator_time":3542.4},{"data_generator_pmTORC1":4.6586972402,"data_generator_time":3546.0},{"data_generator_pmTORC1":5.5679568703,"data_generator_time":3549.6},{"data_generator_pmTORC1":6.7279728704,"data_generator_time":3553.2},{"data_generator_pmTORC1":8.1988668614,"data_generator_time":3556.8},{"data_generator_pmTORC1":10.0444780294,"data_generator_time":3560.4},{"data_generator_pmTORC1":12.3272572471,"data_generator_time":3564.0},{"data_generator_pmTORC1":15.1026855696,"data_generator_time":3567.6},{"data_generator_pmTORC1":18.4143718362,"data_generator_time":3571.2},{"data_generator_pmTORC1":22.2904688635,"data_generator_time":3574.8},{"data_generator_pmTORC1":26.7414581393,"data_generator_time":3578.4},{"data_generator_pmTORC1":31.7590091287,"data_generator_time":3582.0},{"data_generator_pmTORC1":37.3155054124,"data_generator_time":3585.6},{"data_generator_pmTORC1":43.3638997989,"data_generator_time":3589.2},{"data_generator_pmTORC1":49.8376786757,"data_generator_time":3592.8},{"data_generator_pmTORC1":56.6507123822,"data_generator_time":3596.4},{"data_generator_pmTORC1":63.6967265257,"data_generator_time":3600.0}]