[{"data_set_value_component_environment_variable_time":0.0,"data_set_value_component_x1_variable_x1":0.0000001,"data_set_value_component_x2_variable_x2":0.0,"data_set_value_component_x3_variable_x3":0.0,"data_set_value_component_x4_variable_x4":0.0,"data_set_value_component_x5_variable_x5":0.0,"data_set_value_component_x6_variable_x6":0.0,"data_set_value_component_x7_variable_x7":0.0,"data_set_value_component_x8_variable_x8":0.0,"data_set_value_component_x9_variable_x9":0.0,"data_set_value_component_x10_variable_x10":0.0,"data_set_value_component_x11_variable_x11":0.0,"data_set_value_component_x12_variable_x12":0.0,"data_set_value_component_x13_variable_x13":0.31,"data_set_value_component_x14_variable_x14":99.4,"data_set_value_component_x15_variable_x15":0.29,"data_set_value_component_x16_variable_x16":100.0,"data_set_value_component_x17_variable_x17":0.0,"data_set_value_component_x18_variable_x18":100.0,"data_set_value_component_x19_variable_x19":0.0,"data_set_value_component_x20_variable_x20":96.0,"data_set_value_component_x21_variable_x21":4.0,"data_set_value_component_reaction_constants_variable_PTP":1.0,"data_set_value_component_reaction_constants_variable_SHIP":1.0,"data_set_value_component_reaction_constants_variable_PTEN":1.0,"data_set_value_component_reaction_constants_variable_IRp":0.0,"data_set_value_component_reaction_constants_variable_k1":60000000.0,"data_set_value_component_reaction_constants_variable_k_minus1":0.2,"data_set_value_component_reaction_constants_variable_k2":60000000.0,"data_set_value_component_reaction_constants_variable_k_minus2":20.0,"data_set_value_component_reaction_constants_variable_k3":2500.0,"data_set_value_component_reaction_constants_variable_k_minus3":0.2,"data_set_value_component_reaction_constants_variable_k4":0.0003333333,"data_set_value_component_reaction_constants_variable_k_minus4":0.003,"data_set_value_component_reaction_constants_variable_k4b":0.0021,"data_set_value_component_reaction_constants_variable_k_minus4b":0.00021,"data_set_value_component_reaction_constants_variable_k5":1.002e-16,"data_set_value_component_reaction_constants_variable_k_minus5":1.67e-18,"data_set_value_component_reaction_constants_variable_k6":0.461,"data_set_value_component_reaction_constants_variable_k7":4.16,"data_set_value_component_reaction_constants_variable_k_minus7":1.3959731544,"data_set_value_component_reaction_constants_variable_k8":706464146944.5424804688,"data_set_value_component_reaction_constants_variable_k_minus8":10.0,"data_set_value_component_reaction_constants_variable_k9":0.1314486922,"data_set_value_component_reaction_constants_variable_k_minus9":42.1483870968,"data_set_value_component_reaction_constants_variable_k10":2.9610344828,"data_set_value_component_reaction_constants_variable_k_minus10":2.77,"data_set_value_component_reaction_constants_variable_k11":0.0,"data_set_value_component_reaction_constants_variable_k_minus11":6.9314718056,"data_set_value_component_reaction_constants_variable_k12":0.0,"data_set_value_component_reaction_constants_variable_k_minus12":6.9314718056,"data_set_value_component_reaction_constants_variable_k13":0.0069583333,"data_set_value_component_reaction_constants_variable_k_minus13":0.167,"data_set_value_component_reaction_constants_variable_k13b":0.0,"data_set_value_component_reaction_constants_variable_k14":0.0000120312,"data_set_value_component_reaction_constants_variable_k_minus14":0.001155,"data_set_value_component_reaction_constants_variable_k9_basal":0.1314486922,"data_set_value_component_reaction_constants_variable_k9_stimulated":1.39,"data_set_value_component_reaction_constants_variable_effect":0.0,"data_set_value_component_reaction_constants_variable_APequil":9.09,"data_set_value_component_reaction_constants_variable_PI3K":0.0},{"data_set_value_component_environment_variable_time":0.1,"data_set_value_component_x1_variable_x1":0.0000001,"data_set_value_component_x2_variable_x2":0.0,"data_set_value_component_x3_variable_x3":0.0,"data_set_value_component_x4_variable_x4":0.0,"data_set_value_component_x5_variable_x5":0.0,"data_set_value_component_x6_variable_x6":0.0,"data_set_value_component_x7_variable_x7":5.484592939e-18,"data_set_value_component_x8_variable_x8":4.005899787e-17,"data_set_value_component_x9_variable_x9":0.0,"data_set_value_component_x10_variable_x10":0.0,"data_set_value_component_x11_variable_x11":0.0,"data_set_value_component_x12_variable_x12":4.29370474e-16,"data_set_value_component_x13_variable_x13":0.5110674498,"data_set_value_component_x14_variable_x14":99.1747470093,"data_set_value_component_x15_variable_x15":0.3141855409,"data_set_value_component_x16_variable_x16":99.8065129095,"data_set_value_component_x17_variable_x17":0.1934870905,"data_set_value_component_x18_variable_x18":99.8065129095,"data_set_value_component_x19_variable_x19":0.1934870905,"data_set_value_component_x20_variable_x20":95.9820464898,"data_set_value_component_x21_variable_x21":4.0068675415,"data_set_value_component_reaction_constants_variable_PTP":1.0,"data_set_value_component_reaction_constants_variable_SHIP":1.0,"data_set_value_component_reaction_constants_variable_PTEN":1.0,"data_set_value_component_reaction_constants_variable_IRp":0.0,"data_set_value_component_reaction_constants_variable_k1":60000000.0,"data_set_value_component_reaction_constants_variable_k_minus1":0.2,"data_set_value_component_reaction_constants_variable_k2":60000000.0,"data_set_value_component_reaction_constants_variable_k_minus2":20.0,"data_set_value_component_reaction_constants_variable_k3":2500.0,"data_set_value_component_reaction_constants_variable_k_minus3":0.2,"data_set_value_component_reaction_constants_variable_k4":0.0003333333,"data_set_value_component_reaction_constants_variable_k_minus4":0.003,"data_set_value_component_reaction_constants_variable_k4b":0.0021,"data_set_value_component_reaction_constants_variable_k_minus4b":0.00021,"data_set_value_component_reaction_constants_variable_k5":1.67e-17,"data_set_value_component_reaction_constants_variable_k_minus5":1.67e-18,"data_set_value_component_reaction_constants_variable_k6":0.461,"data_set_value_component_reaction_constants_variable_k7":4.16,"data_set_value_component_reaction_constants_variable_k_minus7":1.3959731544,"data_set_value_component_reaction_constants_variable_k8":706464146944.5424804688,"data_set_value_component_reaction_constants_variable_k_minus8":10.0,"data_set_value_component_reaction_constants_variable_k9":0.2395256465,"data_set_value_component_reaction_constants_variable_k_minus9":42.1483870968,"data_set_value_component_reaction_constants_variable_k10":2.9610344828,"data_set_value_component_reaction_constants_variable_k_minus10":2.77,"data_set_value_component_reaction_constants_variable_k11":0.049953167,"data_set_value_component_reaction_constants_variable_k_minus11":6.9314718056,"data_set_value_component_reaction_constants_variable_k12":0.049953167,"data_set_value_component_reaction_constants_variable_k_minus12":6.9314718056,"data_set_value_component_reaction_constants_variable_k13":0.0069583333,"data_set_value_component_reaction_constants_variable_k_minus13":0.167,"data_set_value_component_reaction_constants_variable_k13b":0.0022216958,"data_set_value_component_reaction_constants_variable_k14":0.0000120312,"data_set_value_component_reaction_constants_variable_k_minus14":0.001155,"data_set_value_component_reaction_constants_variable_k9_basal":0.1314486922,"data_set_value_component_reaction_constants_variable_k9_stimulated":1.39,"data_set_value_component_reaction_constants_variable_effect":0.0212857085,"data_set_value_component_reaction_constants_variable_APequil":9.09,"data_set_value_component_reaction_constants_variable_PI3K":0.0},{"data_set_value_component_environment_variable_time":0.2,"data_set_value_component_x1_variable_x1":0.0000001,"data_set_value_component_x2_variable_x2":0.0,"data_set_value_component_x3_variable_x3":6.719337694e-16,"data_set_value_component_x4_variable_x4":0.0,"data_set_value_component_x5_variable_x5":0.0,"data_set_value_component_x6_variable_x6":0.0,"data_set_value_component_x7_variable_x7":2.5137232e-17,"data_set_value_component_x8_variable_x8":1.25623539e-16,"data_set_value_component_x9_variable_x9":0.0,"data_set_value_component_x10_variable_x10":0.0,"data_set_value_component_x11_variable_x11":0.0,"data_set_value_component_x12_variable_x12":6.096217843e-16,"data_set_value_component_x13_variable_x13":0.6328967116,"data_set_value_component_x14_variable_x14":98.9939308187,"data_set_value_component_x15_variable_x15":0.3731724698,"data_set_value_component_x16_variable_x16":99.4111655204,"data_set_value_component_x17_variable_x17":0.5888344796,"data_set_value_component_x18_variable_x18":99.4111655204,"data_set_value_component_x19_variable_x19":0.5888344796,"data_set_value_component_x20_variable_x20":95.928470432,"data_set_value_component_x21_variable_x21":4.0493615544,"data_set_value_component_reaction_constants_variable_PTP":1.0,"data_set_value_component_reaction_constants_variable_SHIP":1.0,"data_set_value_component_reaction_constants_variable_PTEN":1.0,"data_set_value_component_reaction_constants_variable_IRp":0.0,"data_set_value_component_reaction_constants_variable_k1":60000000.0,"data_set_value_component_reaction_constants_variable_k_minus1":0.2,"data_set_value_component_reaction_constants_variable_k2":60000000.0,"data_set_value_component_reaction_constants_variable_k_minus2":20.0,"data_set_value_component_reaction_constants_variable_k3":2500.0,"data_set_value_component_reaction_constants_variable_k_minus3":0.2,"data_set_value_component_reaction_constants_variable_k4":0.0003333333,"data_set_value_component_reaction_constants_variable_k_minus4":0.003,"data_set_value_component_reaction_constants_variable_k4b":0.0021,"data_set_value_component_reaction_constants_variable_k_minus4b":0.00021,"data_set_value_component_reaction_constants_variable_k5":1.67e-17,"data_set_value_component_reaction_constants_variable_k_minus5":1.67e-18,"data_set_value_component_reaction_constants_variable_k6":0.461,"data_set_value_component_reaction_constants_variable_k7":4.16,"data_set_value_component_reaction_constants_variable_k_minus7":1.3959731544,"data_set_value_component_reaction_constants_variable_k8":706464146944.5424804688,"data_set_value_component_reaction_constants_variable_k_minus8":10.0,"data_set_value_component_reaction_constants_variable_k9":0.2848967509,"data_set_value_component_reaction_constants_variable_k_minus9":42.1483870968,"data_set_value_component_reaction_constants_variable_k10":2.9610344828,"data_set_value_component_reaction_constants_variable_k_minus10":2.77,"data_set_value_component_reaction_constants_variable_k11":0.0802204105,"data_set_value_component_reaction_constants_variable_k_minus11":6.9314718056,"data_set_value_component_reaction_constants_variable_k12":0.0802204105,"data_set_value_component_reaction_constants_variable_k_minus12":6.9314718056,"data_set_value_component_reaction_constants_variable_k13":0.0069583333,"data_set_value_component_reaction_constants_variable_k_minus13":0.167,"data_set_value_component_reaction_constants_variable_k13b":0.006761232,"data_set_value_component_reaction_constants_variable_k14":0.0000120312,"data_set_value_component_reaction_constants_variable_k_minus14":0.001155,"data_set_value_component_reaction_constants_variable_k9_basal":0.1314486922,"data_set_value_component_reaction_constants_variable_k9_stimulated":1.39,"data_set_value_component_reaction_constants_variable_effect":0.0647782706,"data_set_value_component_reaction_constants_variable_APequil":9.09,"data_set_value_component_reaction_constants_variable_PI3K":0.0},{"data_set_value_component_environment_variable_time":0.3,"data_set_value_component_x1_variable_x1":0.0000001,"data_set_value_component_x2_variable_x2":0.0,"data_set_value_component_x3_variable_x3":3.884639209e-16,"data_set_value_component_x4_variable_x4":0.0,"data_set_value_component_x5_variable_x5":0.0,"data_set_value_component_x6_variable_x6":0.0,"data_set_value_component_x7_variable_x7":5.367498955e-17,"data_set_value_component_x8_variable_x8":2.309331085e-16,"data_set_value_component_x9_variable_x9":0.0,"data_set_value_component_x10_variable_x10":0.0,"data_set_value_component_x11_variable_x11":0.0,"data_set_value_component_x12_variable_x12":7.260536685e-16,"data_set_value_component_x13_variable_x13":0.7063580051,"data_set_value_component_x14_variable_x14":98.8546528387,"data_set_value_component_x15_variable_x15":0.4389891562,"data_set_value_component_x16_variable_x16":99.0552649841,"data_set_value_component_x17_variable_x17":0.9447350159,"data_set_value_component_x18_variable_x18":99.0552649841,"data_set_value_component_x19_variable_x19":0.9447350159,"data_set_value_component_x20_variable_x20":95.8338869523,"data_set_value_component_x21_variable_x21":4.1328715988,"data_set_value_component_reaction_constants_variable_PTP":1.0,"data_set_value_component_reaction_constants_variable_SHIP":1.0,"data_set_value_component_reaction_constants_variable_PTEN":1.0,"data_set_value_component_reaction_constants_variable_IRp":0.0,"data_set_value_component_reaction_constants_variable_k1":60000000.0,"data_set_value_component_reaction_constants_variable_k_minus1":0.2,"data_set_value_component_reaction_constants_variable_k2":60000000.0,"data_set_value_component_reaction_constants_variable_k_minus2":20.0,"data_set_value_component_reaction_constants_variable_k3":2500.0,"data_set_value_component_reaction_constants_variable_k_minus3":0.2,"data_set_value_component_reaction_constants_variable_k4":0.0003333333,"data_set_value_component_reaction_constants_variable_k_minus4":0.003,"data_set_value_component_reaction_constants_variable_k4b":0.0021,"data_set_value_component_reaction_constants_variable_k_minus4b":0.00021,"data_set_value_component_reaction_constants_variable_k5":1.67e-17,"data_set_value_component_reaction_constants_variable_k_minus5":1.67e-18,"data_set_value_component_reaction_constants_variable_k6":0.461,"data_set_value_component_reaction_constants_variable_k7":4.16,"data_set_value_component_reaction_constants_variable_k_minus7":1.3959731544,"data_set_value_component_reaction_constants_variable_k8":706464146944.5424804688,"data_set_value_component_reaction_constants_variable_k_minus8":10.0,"data_set_value_component_reaction_constants_variable_k9":0.314203851,"data_set_value_component_reaction_constants_variable_k_minus9":42.1483870968,"data_set_value_component_reaction_constants_variable_k10":2.9610344828,"data_set_value_component_reaction_constants_variable_k_minus10":2.77,"data_set_value_component_reaction_constants_variable_k11":0.0984711232,"data_set_value_component_reaction_constants_variable_k_minus11":6.9314718056,"data_set_value_component_reaction_constants_variable_k12":0.0984711232,"data_set_value_component_reaction_constants_variable_k_minus12":6.9314718056,"data_set_value_component_reaction_constants_variable_k13":0.0069583333,"data_set_value_component_reaction_constants_variable_k_minus13":0.167,"data_set_value_component_reaction_constants_variable_k13b":0.0108478237,"data_set_value_component_reaction_constants_variable_k14":0.0000120312,"data_set_value_component_reaction_constants_variable_k_minus14":0.001155,"data_set_value_component_reaction_constants_variable_k9_basal":0.1314486922,"data_set_value_component_reaction_constants_variable_k9_stimulated":1.39,"data_set_value_component_reaction_constants_variable_effect":0.1039312449,"data_set_value_component_reaction_constants_variable_APequil":9.09,"data_set_value_component_reaction_constants_variable_PI3K":0.0},{"data_set_value_component_environment_variable_time":0.4,"data_set_value_component_x1_variable_x1":0.0000001,"data_set_value_component_x2_variable_x2":0.0,"data_set_value_component_x3_variable_x3":2.350516541e-16,"data_set_value_component_x4_variable_x4":0.0,"data_set_value_component_x5_variable_x5":0.0,"data_set_value_component_x6_variable_x6":0.0,"data_set_value_component_x7_variable_x7":8.635672567e-17,"data_set_value_component_x8_variable_x8":3.44111033e-16,"data_set_value_component_x9_variable_x9":0.0,"data_set_value_component_x10_variable_x10":0.0,"data_set_value_component_x11_variable_x11":0.0,"data_set_value_component_x12_variable_x12":8.166638834e-16,"data_set_value_component_x13_variable_x13":0.7627797353,"data_set_value_component_x14_variable_x14":98.7340325168,"data_set_value_component_x15_variable_x15":0.5031877479,"data_set_value_component_x16_variable_x16":98.7676112433,"data_set_value_component_x17_variable_x17":1.2323887567,"data_set_value_component_x18_variable_x18":98.7676112433,"data_set_value_component_x19_variable_x19":1.2323887567,"data_set_value_component_x20_variable_x20":95.7058502376,"data_set_value_component_x21_variable_x21":4.2498478139,"data_set_value_component_reaction_constants_variable_PTP":1.0,"data_set_value_component_reaction_constants_variable_SHIP":1.0,"data_set_value_component_reaction_constants_variable_PTEN":1.0,"data_set_value_component_reaction_constants_variable_IRp":0.0,"data_set_value_component_reaction_constants_variable_k1":60000000.0,"data_set_value_component_reaction_constants_variable_k_minus1":0.2,"data_set_value_component_reaction_constants_variable_k2":60000000.0,"data_set_value_component_reaction_constants_variable_k_minus2":20.0,"data_set_value_component_reaction_constants_variable_k3":2500.0,"data_set_value_component_reaction_constants_variable_k_minus3":0.2,"data_set_value_component_reaction_constants_variable_k4":0.0003333333,"data_set_value_component_reaction_constants_variable_k_minus4":0.003,"data_set_value_component_reaction_constants_variable_k4b":0.0021,"data_set_value_component_reaction_constants_variable_k_minus4b":0.00021,"data_set_value_component_reaction_constants_variable_k5":1.67e-17,"data_set_value_component_reaction_constants_variable_k_minus5":1.67e-18,"data_set_value_component_reaction_constants_variable_k6":0.461,"data_set_value_component_reaction_constants_variable_k7":4.16,"data_set_value_component_reaction_constants_variable_k_minus7":1.3959731544,"data_set_value_component_reaction_constants_variable_k8":706464146944.5424804688,"data_set_value_component_reaction_constants_variable_k_minus8":10.0,"data_set_value_component_reaction_constants_variable_k9":0.3370113719,"data_set_value_component_reaction_constants_variable_k_minus9":42.1483870968,"data_set_value_component_reaction_constants_variable_k10":2.9610344828,"data_set_value_component_reaction_constants_variable_k_minus10":2.77,"data_set_value_component_reaction_constants_variable_k11":0.1124885294,"data_set_value_component_reaction_constants_variable_k_minus11":6.9314718056,"data_set_value_component_reaction_constants_variable_k12":0.1124885294,"data_set_value_component_reaction_constants_variable_k_minus12":6.9314718056,"data_set_value_component_reaction_constants_variable_k13":0.0069583333,"data_set_value_component_reaction_constants_variable_k_minus13":0.167,"data_set_value_component_reaction_constants_variable_k13b":0.0141507785,"data_set_value_component_reaction_constants_variable_k14":0.0000120312,"data_set_value_component_reaction_constants_variable_k_minus14":0.001155,"data_set_value_component_reaction_constants_variable_k9_basal":0.1314486922,"data_set_value_component_reaction_constants_variable_k9_stimulated":1.39,"data_set_value_component_reaction_constants_variable_effect":0.1355763209,"data_set_value_component_reaction_constants_variable_APequil":9.09,"data_set_value_component_reaction_constants_variable_PI3K":0.0},{"data_set_value_component_environment_variable_time":0.5,"data_set_value_component_x1_variable_x1":0.0000001,"data_set_value_component_x2_variable_x2":0.0,"data_set_value_component_x3_variable_x3":1.520223627e-16,"data_set_value_component_x4_variable_x4":0.0,"data_set_value_component_x5_variable_x5":0.0,"data_set_value_component_x6_variable_x6":0.0,"data_set_value_component_x7_variable_x7":1.205116718e-16,"data_set_value_component_x8_variable_x8":4.58993013e-16,"data_set_value_component_x9_variable_x9":0.0,"data_set_value_component_x10_variable_x10":0.0,"data_set_value_component_x11_variable_x11":0.0,"data_set_value_component_x12_variable_x12":8.863877907e-16,"data_set_value_component_x13_variable_x13":0.8070614883,"data_set_value_component_x14_variable_x14":98.6300303189,"data_set_value_component_x15_variable_x15":0.5629081928,"data_set_value_component_x16_variable_x16":98.5381373402,"data_set_value_component_x17_variable_x17":1.4618626598,"data_set_value_component_x18_variable_x18":98.5381373402,"data_set_value_component_x19_variable_x19":1.4618626598,"data_set_value_component_x20_variable_x20":95.551989584,"data_set_value_component_x21_variable_x21":4.3926643144,"data_set_value_component_reaction_constants_variable_PTP":1.0,"data_set_value_component_reaction_constants_variable_SHIP":1.0,"data_set_value_component_reaction_constants_variable_PTEN":1.0,"data_set_value_component_reaction_constants_variable_IRp":0.0,"data_set_value_component_reaction_constants_variable_k1":60000000.0,"data_set_value_component_reaction_constants_variable_k_minus1":0.2,"data_set_value_component_reaction_constants_variable_k2":60000000.0,"data_set_value_component_reaction_constants_variable_k_minus2":20.0,"data_set_value_component_reaction_constants_variable_k3":2500.0,"data_set_value_component_reaction_constants_variable_k_minus3":0.2,"data_set_value_component_reaction_constants_variable_k4":0.0003333333,"data_set_value_component_reaction_constants_variable_k_minus4":0.003,"data_set_value_component_reaction_constants_variable_k4b":0.0021,"data_set_value_component_reaction_constants_variable_k_minus4b":0.00021,"data_set_value_component_reaction_constants_variable_k5":1.67e-17,"data_set_value_component_reaction_constants_variable_k_minus5":1.67e-18,"data_set_value_component_reaction_constants_variable_k6":0.461,"data_set_value_component_reaction_constants_variable_k7":4.16,"data_set_value_component_reaction_constants_variable_k_minus7":1.3959731544,"data_set_value_component_reaction_constants_variable_k8":706464146944.5424804688,"data_set_value_component_reaction_constants_variable_k_minus8":10.0,"data_set_value_component_reaction_constants_variable_k9":0.3545615948,"data_set_value_component_reaction_constants_variable_k_minus9":42.1483870968,"data_set_value_component_reaction_constants_variable_k10":2.9610344828,"data_set_value_component_reaction_constants_variable_k_minus10":2.77,"data_set_value_component_reaction_constants_variable_k11":0.1234898814,"data_set_value_component_reaction_constants_variable_k_minus11":6.9314718056,"data_set_value_component_reaction_constants_variable_k12":0.1234898814,"data_set_value_component_reaction_constants_variable_k_minus12":6.9314718056,"data_set_value_component_reaction_constants_variable_k13":0.0069583333,"data_set_value_component_reaction_constants_variable_k_minus13":0.167,"data_set_value_component_reaction_constants_variable_k13b":0.0167856892,"data_set_value_component_reaction_constants_variable_k14":0.0000120312,"data_set_value_component_reaction_constants_variable_k_minus14":0.001155,"data_set_value_component_reaction_constants_variable_k9_basal":0.1314486922,"data_set_value_component_reaction_constants_variable_k9_stimulated":1.39,"data_set_value_component_reaction_constants_variable_effect":0.1608209747,"data_set_value_component_reaction_constants_variable_APequil":9.09,"data_set_value_component_reaction_constants_variable_PI3K":0.0},{"data_set_value_component_environment_variable_time":0.6,"data_set_value_component_x1_variable_x1":0.0000001,"data_set_value_component_x2_variable_x2":0.0,"data_set_value_component_x3_variable_x3":1.070842799e-16,"data_set_value_component_x4_variable_x4":0.0,"data_set_value_component_x5_variable_x5":0.0,"data_set_value_component_x6_variable_x6":0.0,"data_set_value_component_x7_variable_x7":1.547191916e-16,"data_set_value_component_x8_variable_x8":5.723682164e-16,"data_set_value_component_x9_variable_x9":0.0,"data_set_value_component_x10_variable_x10":0.0,"data_set_value_component_x11_variable_x11":0.0,"data_set_value_component_x12_variable_x12":9.371229897e-16,"data_set_value_component_x13_variable_x13":0.8402446503,"data_set_value_component_x14_variable_x14":98.5432360452,"data_set_value_component_x15_variable_x15":0.6165193044,"data_set_value_component_x16_variable_x16":98.3580956876,"data_set_value_component_x17_variable_x17":1.6419043124,"data_set_value_component_x18_variable_x18":98.3580956876,"data_set_value_component_x19_variable_x19":1.6419043124,"data_set_value_component_x20_variable_x20":95.3786927178,"data_set_value_component_x21_variable_x21":4.5549359775,"data_set_value_component_reaction_constants_variable_PTP":1.0,"data_set_value_component_reaction_constants_variable_SHIP":1.0,"data_set_value_component_reaction_constants_variable_PTEN":1.0,"data_set_value_component_reaction_constants_variable_IRp":0.0,"data_set_value_component_reaction_constants_variable_k1":60000000.0,"data_set_value_component_reaction_constants_variable_k_minus1":0.2,"data_set_value_component_reaction_constants_variable_k2":60000000.0,"data_set_value_component_reaction_constants_variable_k_minus2":20.0,"data_set_value_component_reaction_constants_variable_k3":2500.0,"data_set_value_component_reaction_constants_variable_k_minus3":0.2,"data_set_value_component_reaction_constants_variable_k4":0.0003333333,"data_set_value_component_reaction_constants_variable_k_minus4":0.003,"data_set_value_component_reaction_constants_variable_k4b":0.0021,"data_set_value_component_reaction_constants_variable_k_minus4b":0.00021,"data_set_value_component_reaction_constants_variable_k5":1.67e-17,"data_set_value_component_reaction_constants_variable_k_minus5":1.67e-18,"data_set_value_component_reaction_constants_variable_k6":0.461,"data_set_value_component_reaction_constants_variable_k7":4.16,"data_set_value_component_reaction_constants_variable_k_minus7":1.3959731544,"data_set_value_component_reaction_constants_variable_k8":706464146944.5424804688,"data_set_value_component_reaction_constants_variable_k_minus8":10.0,"data_set_value_component_reaction_constants_variable_k9":0.367332165,"data_set_value_component_reaction_constants_variable_k_minus9":42.1483870968,"data_set_value_component_reaction_constants_variable_k10":2.9610344828,"data_set_value_component_reaction_constants_variable_k_minus10":2.77,"data_set_value_component_reaction_constants_variable_k11":0.1317339012,"data_set_value_component_reaction_constants_variable_k_minus11":6.9314718056,"data_set_value_component_reaction_constants_variable_k12":0.1317339012,"data_set_value_component_reaction_constants_variable_k_minus12":6.9314718056,"data_set_value_component_reaction_constants_variable_k13":0.0069583333,"data_set_value_component_reaction_constants_variable_k_minus13":0.167,"data_set_value_component_reaction_constants_variable_k13b":0.0188529992,"data_set_value_component_reaction_constants_variable_k14":0.0000120312,"data_set_value_component_reaction_constants_variable_k_minus14":0.001155,"data_set_value_component_reaction_constants_variable_k9_basal":0.1314486922,"data_set_value_component_reaction_constants_variable_k9_stimulated":1.39,"data_set_value_component_reaction_constants_variable_effect":0.1806275371,"data_set_value_component_reaction_constants_variable_APequil":9.09,"data_set_value_component_reaction_constants_variable_PI3K":0.0},{"data_set_value_component_environment_variable_time":0.7,"data_set_value_component_x1_variable_x1":0.0000001,"data_set_value_component_x2_variable_x2":0.0,"data_set_value_component_x3_variable_x3":8.275921078e-17,"data_set_value_component_x4_variable_x4":0.0,"data_set_value_component_x5_variable_x5":0.0,"data_set_value_component_x6_variable_x6":0.0,"data_set_value_component_x7_variable_x7":1.882431716e-16,"data_set_value_component_x8_variable_x8":6.826089432e-16,"data_set_value_component_x9_variable_x9":0.0,"data_set_value_component_x10_variable_x10":0.0,"data_set_value_component_x11_variable_x11":0.0,"data_set_value_component_x12_variable_x12":9.721999823e-16,"data_set_value_component_x13_variable_x13":0.8639721155,"data_set_value_component_x14_variable_x14":98.4729110533,"data_set_value_component_x15_variable_x15":0.6631168311,"data_set_value_component_x16_variable_x16":98.2206419373,"data_set_value_component_x17_variable_x17":1.7793580627,"data_set_value_component_x18_variable_x18":98.2206419373,"data_set_value_component_x19_variable_x19":1.7793580627,"data_set_value_component_x20_variable_x20":95.1913914877,"data_set_value_component_x21_variable_x21":4.7312328771,"data_set_value_component_reaction_constants_variable_PTP":1.0,"data_set_value_component_reaction_constants_variable_SHIP":1.0,"data_set_value_component_reaction_constants_variable_PTEN":1.0,"data_set_value_component_reaction_constants_variable_IRp":0.0,"data_set_value_component_reaction_constants_variable_k1":60000000.0,"data_set_value_component_reaction_constants_variable_k_minus1":0.2,"data_set_value_component_reaction_constants_variable_k2":60000000.0,"data_set_value_component_reaction_constants_variable_k_minus2":20.0,"data_set_value_component_reaction_constants_variable_k3":2500.0,"data_set_value_component_reaction_constants_variable_k_minus3":0.2,"data_set_value_component_reaction_constants_variable_k4":0.0003333333,"data_set_value_component_reaction_constants_variable_k_minus4":0.003,"data_set_value_component_reaction_constants_variable_k4b":0.0021,"data_set_value_component_reaction_constants_variable_k_minus4b":0.00021,"data_set_value_component_reaction_constants_variable_k5":1.67e-17,"data_set_value_component_reaction_constants_variable_k_minus5":1.67e-18,"data_set_value_component_reaction_constants_variable_k6":0.461,"data_set_value_component_reaction_constants_variable_k7":4.16,"data_set_value_component_reaction_constants_variable_k_minus7":1.3959731544,"data_set_value_component_reaction_constants_variable_k8":706464146944.5424804688,"data_set_value_component_reaction_constants_variable_k_minus8":10.0,"data_set_value_component_reaction_constants_variable_k9":0.376161404,"data_set_value_component_reaction_constants_variable_k_minus9":42.1483870968,"data_set_value_component_reaction_constants_variable_k10":2.9610344828,"data_set_value_component_reaction_constants_variable_k_minus10":2.77,"data_set_value_component_reaction_constants_variable_k11":0.1376287491,"data_set_value_component_reaction_constants_variable_k_minus11":6.9314718056,"data_set_value_component_reaction_constants_variable_k12":0.1376287491,"data_set_value_component_reaction_constants_variable_k_minus12":6.9314718056,"data_set_value_component_reaction_constants_variable_k13":0.0069583333,"data_set_value_component_reaction_constants_variable_k_minus13":0.167,"data_set_value_component_reaction_constants_variable_k13b":0.0204312979,"data_set_value_component_reaction_constants_variable_k14":0.0000120312,"data_set_value_component_reaction_constants_variable_k_minus14":0.001155,"data_set_value_component_reaction_constants_variable_k9_basal":0.1314486922,"data_set_value_component_reaction_constants_variable_k9_stimulated":1.39,"data_set_value_component_reaction_constants_variable_effect":0.1957489618,"data_set_value_component_reaction_constants_variable_APequil":9.09,"data_set_value_component_reaction_constants_variable_PI3K":0.0},{"data_set_value_component_environment_variable_time":0.8,"data_set_value_component_x1_variable_x1":0.0000001,"data_set_value_component_x2_variable_x2":0.0,"data_set_value_component_x3_variable_x3":6.959018436e-17,"data_set_value_component_x4_variable_x4":0.0,"data_set_value_component_x5_variable_x5":0.0,"data_set_value_component_x6_variable_x6":0.0,"data_set_value_component_x7_variable_x7":2.207173628e-16,"data_set_value_component_x8_variable_x8":7.889390954e-16,"data_set_value_component_x9_variable_x9":0.0,"data_set_value_component_x10_variable_x10":0.0,"data_set_value_component_x11_variable_x11":0.0,"data_set_value_component_x12_variable_x12":9.955219246e-16,"data_set_value_component_x13_variable_x13":0.8803609805,"data_set_value_component_x14_variable_x14":98.4171442813,"data_set_value_component_x15_variable_x15":0.7024947382,"data_set_value_component_x16_variable_x16":98.1188201322,"data_set_value_component_x17_variable_x17":1.8811798678,"data_set_value_component_x18_variable_x18":98.1188201322,"data_set_value_component_x19_variable_x19":1.8811798678,"data_set_value_component_x20_variable_x20":94.9946551999,"data_set_value_component_x21_variable_x21":4.9169870523,"data_set_value_component_reaction_constants_variable_PTP":1.0,"data_set_value_component_reaction_constants_variable_SHIP":1.0,"data_set_value_component_reaction_constants_variable_PTEN":1.0,"data_set_value_component_reaction_constants_variable_IRp":0.0,"data_set_value_component_reaction_constants_variable_k1":60000000.0,"data_set_value_component_reaction_constants_variable_k_minus1":0.2,"data_set_value_component_reaction_constants_variable_k2":60000000.0,"data_set_value_component_reaction_constants_variable_k_minus2":20.0,"data_set_value_component_reaction_constants_variable_k3":2500.0,"data_set_value_component_reaction_constants_variable_k_minus3":0.2,"data_set_value_component_reaction_constants_variable_k4":0.0003333333,"data_set_value_component_reaction_constants_variable_k_minus4":0.003,"data_set_value_component_reaction_constants_variable_k4b":0.0021,"data_set_value_component_reaction_constants_variable_k_minus4b":0.00021,"data_set_value_component_reaction_constants_variable_k5":1.67e-17,"data_set_value_component_reaction_constants_variable_k_minus5":1.67e-18,"data_set_value_component_reaction_constants_variable_k6":0.461,"data_set_value_component_reaction_constants_variable_k7":4.16,"data_set_value_component_reaction_constants_variable_k_minus7":1.3959731544,"data_set_value_component_reaction_constants_variable_k8":706464146944.5424804688,"data_set_value_component_reaction_constants_variable_k_minus8":10.0,"data_set_value_component_reaction_constants_variable_k9":0.3820317762,"data_set_value_component_reaction_constants_variable_k_minus9":42.1483870968,"data_set_value_component_reaction_constants_variable_k10":2.9610344828,"data_set_value_component_reaction_constants_variable_k_minus10":2.77,"data_set_value_component_reaction_constants_variable_k11":0.1417003962,"data_set_value_component_reaction_constants_variable_k_minus11":6.9314718056,"data_set_value_component_reaction_constants_variable_k12":0.1417003962,"data_set_value_component_reaction_constants_variable_k_minus12":6.9314718056,"data_set_value_component_reaction_constants_variable_k13":0.0069583333,"data_set_value_component_reaction_constants_variable_k_minus13":0.167,"data_set_value_component_reaction_constants_variable_k13b":0.0216004564,"data_set_value_component_reaction_constants_variable_k14":0.0000120312,"data_set_value_component_reaction_constants_variable_k_minus14":0.001155,"data_set_value_component_reaction_constants_variable_k9_basal":0.1314486922,"data_set_value_component_reaction_constants_variable_k9_stimulated":1.39,"data_set_value_component_reaction_constants_variable_effect":0.2069504805,"data_set_value_component_reaction_constants_variable_APequil":9.09,"data_set_value_component_reaction_constants_variable_PI3K":0.0},{"data_set_value_component_environment_variable_time":0.9,"data_set_value_component_x1_variable_x1":0.0000001,"data_set_value_component_x2_variable_x2":0.0,"data_set_value_component_x3_variable_x3":6.245993897e-17,"data_set_value_component_x4_variable_x4":0.0,"data_set_value_component_x5_variable_x5":0.0,"data_set_value_component_x6_variable_x6":0.0,"data_set_value_component_x7_variable_x7":2.519742326e-16,"data_set_value_component_x8_variable_x8":8.910385496e-16,"data_set_value_component_x9_variable_x9":0.0,"data_set_value_component_x10_variable_x10":0.0,"data_set_value_component_x11_variable_x11":0.0,"data_set_value_component_x12_variable_x12":0.0,"data_set_value_component_x13_variable_x13":0.8914271668,"data_set_value_component_x14_variable_x14":98.3735692925,"data_set_value_component_x15_variable_x15":0.7350035406,"data_set_value_component_x16_variable_x16":98.0454459062,"data_set_value_component_x17_variable_x17":1.9545540938,"data_set_value_component_x18_variable_x18":98.0454459062,"data_set_value_component_x19_variable_x19":1.9545540938,"data_set_value_component_x20_variable_x20":94.7921758326,"data_set_value_component_x21_variable_x21":5.108507393,"data_set_value_component_reaction_constants_variable_PTP":1.0,"data_set_value_component_reaction_constants_variable_SHIP":1.0,"data_set_value_component_reaction_constants_variable_PTEN":1.0,"data_set_value_component_reaction_constants_variable_IRp":0.0,"data_set_value_component_reaction_constants_variable_k1":60000000.0,"data_set_value_component_reaction_constants_variable_k_minus1":0.2,"data_set_value_component_reaction_constants_variable_k2":60000000.0,"data_set_value_component_reaction_constants_variable_k_minus2":20.0,"data_set_value_component_reaction_constants_variable_k3":2500.0,"data_set_value_component_reaction_constants_variable_k_minus3":0.2,"data_set_value_component_reaction_constants_variable_k4":0.0003333333,"data_set_value_component_reaction_constants_variable_k_minus4":0.003,"data_set_value_component_reaction_constants_variable_k4b":0.0021,"data_set_value_component_reaction_constants_variable_k_minus4b":0.00021,"data_set_value_component_reaction_constants_variable_k5":1.67e-17,"data_set_value_component_reaction_constants_variable_k_minus5":1.67e-18,"data_set_value_component_reaction_constants_variable_k6":0.461,"data_set_value_component_reaction_constants_variable_k7":4.16,"data_set_value_component_reaction_constants_variable_k_minus7":1.3959731544,"data_set_value_component_reaction_constants_variable_k8":706464146944.5424804688,"data_set_value_component_reaction_constants_variable_k_minus8":10.0,"data_set_value_component_reaction_constants_variable_k9":0.3858245999,"data_set_value_component_reaction_constants_variable_k_minus9":42.1483870968,"data_set_value_component_reaction_constants_variable_k10":2.9610344828,"data_set_value_component_reaction_constants_variable_k_minus10":2.77,"data_set_value_component_reaction_constants_variable_k11":0.1444496779,"data_set_value_component_reaction_constants_variable_k_minus11":6.9314718056,"data_set_value_component_reaction_constants_variable_k12":0.1444496779,"data_set_value_component_reaction_constants_variable_k_minus12":6.9314718056,"data_set_value_component_reaction_constants_variable_k13":0.0069583333,"data_set_value_component_reaction_constants_variable_k_minus13":0.167,"data_set_value_component_reaction_constants_variable_k13b":0.0224429685,"data_set_value_component_reaction_constants_variable_k14":0.0000120312,"data_set_value_component_reaction_constants_variable_k_minus14":0.001155,"data_set_value_component_reaction_constants_variable_k9_basal":0.1314486922,"data_set_value_component_reaction_constants_variable_k9_stimulated":1.39,"data_set_value_component_reaction_constants_variable_effect":0.2150224526,"data_set_value_component_reaction_constants_variable_APequil":9.09,"data_set_value_component_reaction_constants_variable_PI3K":0.0},{"data_set_value_component_environment_variable_time":1.0,"data_set_value_component_x1_variable_x1":0.0000001,"data_set_value_component_x2_variable_x2":0.0,"data_set_value_component_x3_variable_x3":5.85970359e-17,"data_set_value_component_x4_variable_x4":0.0,"data_set_value_component_x5_variable_x5":0.0,"data_set_value_component_x6_variable_x6":0.0,"data_set_value_component_x7_variable_x7":2.81952284e-16,"data_set_value_component_x8_variable_x8":9.888291496e-16,"data_set_value_component_x9_variable_x9":0.0,"data_set_value_component_x10_variable_x10":0.0,"data_set_value_component_x11_variable_x11":0.0,"data_set_value_component_x12_variable_x12":0.0,"data_set_value_component_x13_variable_x13":0.8987996337,"data_set_value_component_x14_variable_x14":98.3398590789,"data_set_value_component_x15_variable_x15":0.7613412874,"data_set_value_component_x16_variable_x16":97.9937671297,"data_set_value_component_x17_variable_x17":2.0062328703,"data_set_value_component_x18_variable_x18":97.9937671297,"data_set_value_component_x19_variable_x19":2.0062328703,"data_set_value_component_x20_variable_x20":94.5867970391,"data_set_value_component_x21_variable_x21":5.3029507373,"data_set_value_component_reaction_constants_variable_PTP":1.0,"data_set_value_component_reaction_constants_variable_SHIP":1.0,"data_set_value_component_reaction_constants_variable_PTEN":1.0,"data_set_value_component_reaction_constants_variable_IRp":0.0,"data_set_value_component_reaction_constants_variable_k1":60000000.0,"data_set_value_component_reaction_constants_variable_k_minus1":0.2,"data_set_value_component_reaction_constants_variable_k2":60000000.0,"data_set_value_component_reaction_constants_variable_k_minus2":20.0,"data_set_value_component_reaction_constants_variable_k3":2500.0,"data_set_value_component_reaction_constants_variable_k_minus3":0.2,"data_set_value_component_reaction_constants_variable_k4":0.0003333333,"data_set_value_component_reaction_constants_variable_k_minus4":0.003,"data_set_value_component_reaction_constants_variable_k4b":0.0021,"data_set_value_component_reaction_constants_variable_k_minus4b":0.00021,"data_set_value_component_reaction_constants_variable_k5":1.67e-17,"data_set_value_component_reaction_constants_variable_k_minus5":1.67e-18,"data_set_value_component_reaction_constants_variable_k6":0.461,"data_set_value_component_reaction_constants_variable_k7":4.16,"data_set_value_component_reaction_constants_variable_k_minus7":1.3959731544,"data_set_value_component_reaction_constants_variable_k8":706464146944.5424804688,"data_set_value_component_reaction_constants_variable_k_minus8":10.0,"data_set_value_component_reaction_constants_variable_k9":0.3882236279,"data_set_value_component_reaction_constants_variable_k_minus9":42.1483870968,"data_set_value_component_reaction_constants_variable_k10":2.9610344828,"data_set_value_component_reaction_constants_variable_k_minus10":2.77,"data_set_value_component_reaction_constants_variable_k11":0.1462812925,"data_set_value_component_reaction_constants_variable_k_minus11":6.9314718056,"data_set_value_component_reaction_constants_variable_k12":0.1462812925,"data_set_value_component_reaction_constants_variable_k_minus12":6.9314718056,"data_set_value_component_reaction_constants_variable_k13":0.0069583333,"data_set_value_component_reaction_constants_variable_k_minus13":0.167,"data_set_value_component_reaction_constants_variable_k13b":0.0230363648,"data_set_value_component_reaction_constants_variable_k14":0.0000120312,"data_set_value_component_reaction_constants_variable_k_minus14":0.001155,"data_set_value_component_reaction_constants_variable_k9_basal":0.1314486922,"data_set_value_component_reaction_constants_variable_k9_stimulated":1.39,"data_set_value_component_reaction_constants_variable_effect":0.2207076865,"data_set_value_component_reaction_constants_variable_APequil":9.09,"data_set_value_component_reaction_constants_variable_PI3K":0.0}]