[{"R_CPPPGO":0.0,"R_CS":0.0,"R_CTPS1":0.1048918418,"R_CYOO_HP":12.0229159285,"R_CYSS":0.0603197372,"R_CYSabc":0.0,"R_CYTDt2":0.0,"R_CYTK1":0.1101177279,"R_ADMDC":0.0048496889,"R_DAAD":0.0,"R_ADNUC":0.0,"R_DADK":0.0,"R_EX_pime_e":-0.0000041569,"R_DADNt2":0.0,"R_ADNt2":0.0,"R_ADPT":0.065169426,"R_DAGK_HP":0.0,"R_ADSK":0.0,"R_ADSL1r":0.1821279865,"R_EX_phe__L_e":0.0,"R_ADSL2r":0.3750139685,"R_DALAt2r":10.0,"R_ADSS":0.1821279865,"R_DAPDC":0.2258569381,"R_EX_pheme_e":-0.0000041569,"R_DAPE":0.2449785684,"R_EX_pi_e":-0.6419761765,"R_DASYN_HP":0.1042239704,"R_4HGLSD":0.0,"R_ADtr":0.0,"R_DB4PS":0.0000138563,"R_AGMHE":0.0116392533,"R_DBTS":0.0000041569,"R_AGMT":0.0290981331,"R_AHCYSNS":0.0603197372,"R_A5PISO":0.0058196266,"R_AAtr":0.0,"R_ACACT1r":0.0,"R_AHSERL2":0.0,"R_AICART":0.3750139685,"R_AIRC2":0.3750139685,"R_AIRC3":-0.3750139685,"R_AKGt2r":0.0,"R_AKO":0.0,"R_ALAALAr":0.0191216303,"R_DCTPD":0.0,"R_ALAD_L":19.6045425146,"R_ALAR":-9.9617567393,"R_ACACt2":0.0,"R_ALAt2r":10.0,"R_DCTPD2":0.0,"R_ALAt4":0.0,"R_ALCD2y":0.0,"R_AMAA":0.0,"R_ACALDt":0.0,"R_ACCOAC":1.6395440104,"R_ACKr":-11.0597290523,"R_DCYTt2":0.0,"R_ACOATA":0.0,"R_AMAOTr":0.0000041569,"R_ACONT":0.0,"R_DDPA":0.2847501739,"R_DDPGA":0.0,"R_ACP1_FMN":0.0,"R_DGK1":0.0,"R_DHDPRy":0.2449785684,"R_ACPS":0.0,"R_DHDPS":0.2449785684,"R_ACS":0.0,"R_AMID2":0.0,"R_DHFR":0.0346406347,"R_AMID4":0.0,"R_ACt2r":-11.0655486789,"R_ADCL":0.0346406347,"R_AMID5":0.0,"R_DHFS":0.0346406347,"R_AMMQT6":0.0000041569,"R_ANPRT":0.0374118854,"R_ANS":0.0,"R_ANS2":0.0374118854,"R_ADD":0.0,"R_ADEt2":0.0,"R_ADK1":4.9025804847,"R_DHNAOT2":0.0000041569,"R_EX_fe2_e":0.0,"R_DHNPA":0.0346406347,"R_EX_fe3_e":0.0,"R_AOXSr":0.0000041569,"R_APRAUR":0.0000069281,"R_DHORD3":0.2183052797,"R_ARGDC":0.0290981331,"R_ARGN":1.9273144949,"R_EX_for_e":0.0159201429,"R_EX_fum_e":0.0,"R_EX_gal_e":0.0,"R_EX_glc__D_e":0.0,"R_ARGSL":0.0,"R_ARGSS":0.0,"R_DHORTS":-0.2183052797,"R_ARGt2r":2.1510929949,"R_EX_gln__L_e":0.0,"R_EX_glu__L_e":0.0,"R_DHPPDA":0.0000069281,"R_EX_gly_e":0.0,"R_EX_gsn_e":0.0,"R_ASAD":-0.3516266904,"R_ASNN":0.0,"R_EX_gua_e":0.0,"R_DHPS":0.0346406347,"R_EX_h2_e":0.0,"R_ASNS2":0.1586541068,"R_DHPTDCs":0.0603197372,"R_ASNabc":0.0,"R_DHQTi":0.2847501739,"R_ASNt2r":0.0,"R_ASP1DC":0.0000408759,"R_ASPCT":0.2183052797,"R_ASPK":0.3516266904,"R_EX_h2co3_e":0.0,"R_EX_h2o_e":0.0,"R_EX_h_e":-3.9809268958,"R_EX_his__L_e":-0.0623531424,"R_EX_hxan_e":0.0,"R_EX_ile__L_e":-0.1912163034,"R_ASPO2":0.0018913787,"R_ASPT":0.0,"R_EX_lac__L_e":0.0,"R_ASPTA":-1.4463143933,"R_DHQS":0.2847501739,"R_ASPt2r":0.0,"R_ATPS4r":41.1198912718,"R_EX_leu__L_e":-0.2965238328,"R_EX_lys__L_e":0.0,"R_EX_mal__L_e":0.0,"R_BACCL":0.0,"R_DKMPPD":0.0048496889,"R_BC10_new":24.0458318571,"R_EX_met__L_e":-0.2053829374,"R_EX_na1_e":0.0,"R_DMATT":0.0000041569,"R_EX_nh4_e":19.8385600808,"R_EX_ni2_e":0.0,"R_BPNT":0.0,"R_BTS2":0.0000041569,"R_BIOMASS_HP_published":0.6928126935,"R_EX_nmn_e":0.0,"R_EX_no2_e":0.0,"R_C140SN":0.110043597,"R_EX_no3_e":0.0,"R_C160SN":0.0116392533,"R_DMPPS":0.0000041569,"R_C180SN":0.0058196266,"R_C181SN":0.1042239704,"R_C190cSN":0.1042239704,"R_EX_no_e":0.0,"R_EX_o2_e":-12.0,"R_EX_orn_e":1.1366704138,"R_EX_orot_e":0.0,"R_EX_pro__L_e":0.0,"R_EX_pyr_e":0.0,"R_CAT":0.0323489622,"R_DM_hmfurn_c":0.0603197372,"R_CBPS":0.2183052797,"R_CCP":0.0,"R_CDAPPA_HP":0.0,"R_EX_ser__D_e":0.0,"R_EX_ser__L_e":0.0,"R_EX_so4_e":0.0,"R_CDPMEK":0.000033255,"R_DNMPPA":0.0346406347,"R_CHCOAL":0.0000041569,"R_EX_succ_e":2.1959539177,"R_CHORM":0.2126934969,"R_EX_thm_e":-0.0000041569,"R_CHORS":0.2847501739,"R_DNTPPA":0.0346406347,"R_CLPNS_HP":0.0193343238,"R_EX_thr__L_e":0.0,"R_EX_thymd_e":0.0,"R_EX_trp__L_e":0.0,"R_DPCOAK":0.0000408759,"R_EX_tyr__L_e":0.0,"R_EX_ura_e":0.0,"R_DPR":0.0000408759,"R_EX_urea_e":0.0,"R_EX_uri_e":0.0,"R_CO2t":-12.6060614347,"R_DSERt2":0.0,"R_EX_val__L_e":-0.2785515787,"R_EX_xan_e":0.0,"R_FADOX":0.0,"R_EX_etoh_e":0.0,"R_DTMPK":0.0171124735,"R_GARFT":0.3514230035,"R_FBA":-0.7110151923,"R_DURIK1":0.0,"R_FBA2":0.0,"R_GART":0.023590965,"R_DURIPP":0.0,"R_GCALDD":0.0346406347,"R_FBP":0.7110151923,"R_DURIt2":0.0,"R_FCLPA":0.0,"R_FCLT":0.0,"R_GF6PTA":0.0615217672,"R_DUTPDP":0.0,"R_DXPRIi":0.000033255,"R_GFUCS":0.0174588799,"R_GHMT2r":0.7782309561,"R_GK1":0.192885982,"R_FE2abc":0.0,"R_DXPS":0.000033255,"R_FEDCabc":0.0,"R_GLCt2":0.0,"R_EDA":0.0,"R_GLNS":1.4007938281,"R_FMNRx2":-13.0042644522,"R_EDD":0.0,"R_FMNAT":0.0000069281,"R_GLNabc":0.0,"R_EHGLAT":0.0,"R_FOLD3":0.0,"R_ENO":-3.0102616847,"R_FORAMD":0.0,"R_PIt2r":0.6419761765,"R_FORt":-0.0159201429,"R_GLUDC":0.0,"R_ETOHt2r":0.0,"R_GLUDy":-1.9405309425,"R_GLUN":0.0,"R_GLUPRT":0.3750139685,"R_GLUR":-0.0191216303,"R_FRD5":1.9509753493,"R_FRDO":0.2449806469,"R_FTHFD":0.0,"R_FTHFLi":0.0,"R_FUM":-1.3938333944,"R_GLUTRR":0.0,"R_GLUTRS":0.0,"R_FUMt3":0.0,"R_EX_aa_e":0.0,"R_G1PACT":0.0557021406,"R_G1SAT":0.0,"R_GLUt2r":0.0,"R_EX_ac_e":11.0655486789,"R_G3PD1ir":16.8638235097,"R_EX_acac_e":0.0,"R_G3PD2":16.7289349567,"R_GLYCTO1":0.0346406347,"R_EX_acald_e":0.0,"R_GLYK":0.0193343238,"R_G5SADs":0.1454906656,"R_GLYt2r":0.0,"R_G6PDH1":0.0,"R_EX_ad_e":0.0,"R_G6PDH2r":0.0,"R_GMAND":0.0174588799,"R_GMHEPAT":0.0232785065,"R_GMHEPK":0.0232785065,"R_GALKr":0.0,"R_EX_ade_e":0.0,"R_GALT":0.0,"R_GALUi":0.0369961978,"R_GMHEPPA":0.0232785065,"R_GMPR":0.0,"R_GMPS2":0.192885982,"R_GND":0.0,"R_GNNUC":0.0,"R_GALt2":0.0,"R_GAPD":-1.93804744,"R_EX_adn_e":0.0,"R_LPSSYN_HP":0.0058196266,"R_GRTT":0.0000041569,"R_GSNt2":0.0,"R_GTMLT":0.0,"R_EX_akg_e":0.0,"R_GTPCI":0.0346406347,"R_GTPCII":0.0000069281,"R_GUAPRT":0.0,"R_LYSt2r":0.0,"R_L_LACt2r":0.0,"R_LacR":0.0,"R_GUAt":0.0,"R_EX_ala__D_e":-10.0,"R_H2CO3D":0.0,"R_EX_ala__L_e":-10.0,"R_H2CO3D2":0.0,"R_MALS":0.0346406347,"R_H2CO3TP":0.0,"R_EX_arg__L_e":-2.1510929949,"R_H2Ot":0.0,"R_MALt2r":0.0,"R_MAN1PT2":0.0174588799,"R_EX_asn__L_e":0.0,"R_MAN6PI":-0.0174588799,"R_HBZOPT":0.0,"R_MCOATA":1.6395440104,"R_MDH4":1.4463143933,"R_HCO3E":2.2328632585,"R_EX_asp__L_e":0.0,"R_EX_cit_e":0.0,"R_HEMEti":0.0000041569,"R_MDRPD":0.0048496889,"R_EX_co2_e":12.6060614347,"R_ME1":-2.805507153,"R_HETZK":0.0,"R_EX_cys__L_e":0.0,"R_HEX1":0.0,"R_HISabc":0.0623531424,"R_HMBS":0.0,"R_MECDPDH":0.000033255,"R_MECDPS":0.000033255,"R_MEPCT":0.000033255,"R_METAT":0.109081973,"R_HPPK":0.0,"R_EX_cytd_e":0.0,"R_HPROa":0.0,"R_METB1":-0.0603197372,"R_EX_dad_2_e":0.0,"R_METabc":0.2053829374,"R_MOAT_HP":0.0058196266,"R_HPROx":0.0,"R_HSDy":-0.106648122,"R_EX_dcyt_e":0.0,"R_HSERTA":-0.0603197372,"R_EX_duri_e":0.0,"R_HSK":0.1669678591,"R_HXPRT":0.0,"R_HYDA1":0.0,"R_MOHMT":0.0000408759,"R_MTAN":0.0048496889,"R_MTHFC":0.7264369719,"R_PGCD":1.0722142447,"R_MTHFD":0.7264369719,"R_MTHFR2":0.0346406347,"R_HYXNt":0.0,"R_ICDHyr":0.0,"R_ICHORS":0.0000041569,"R_MTRI":0.0048496889,"R_MTRK":0.0048496889,"R_PGI":-0.0369961978,"R_NADK":0.0003671907,"R_NADPHQR":0.0,"R_IGPS":0.0374118854,"R_ILETA":0.0,"R_ILEabc":0.1912163034,"R_IMPC":-0.3750139685,"R_NADS1":0.0018913787,"R_PGK":1.93804744,"R_NARK":0.0,"R_PMANM":-0.0174588799,"R_IMPD":0.192885982,"R_PGL":0.0,"R_IPDPS":0.0000290981,"R_NAt3_1":0.0,"R_PGM":3.0102616847,"R_NDH_1":24.3321875334,"R_KARA1":0.0,"R_KARA2":0.0,"R_NDPK1":0.3574165261,"R_PGMT":-0.0369961978,"R_NDPK2":0.2976323331,"R_KAS14":0.0,"R_KAS15":0.2317264472,"R_KAS_HP":0.0058196266,"R_NDPK3":0.0925202855,"R_KAS_HP2":0.0116392533,"R_NDPK4":0.0171124735,"R_PGPP_HP":0.0499989065,"R_NDPK5":0.0175974424,"R_NDPK6":0.0,"R_KDOCT2":0.0058196266,"R_KDOPP":0.0058196266,"R_KDOPS":0.0058196266,"R_LDH_D1":0.0,"R_NDPK7":0.0175974424,"R_NDPK8":0.0171124735,"R_PGSA_HP":0.0499989065,"R_NH4t":-19.8385600808,"R_NIabc":0.0,"R_LEUTA":0.0,"R_LEUabc":0.2965238328,"R_LPADSS_HP":0.0058196266,"R_NMNAT":0.0,"R_NMNTP":0.0,"R_NNATr":0.0018913787,"R_NNDPR":0.0018913787,"R_NO":0.0,"R_PHCD":0.0,"R_NO3t2":0.0,"R_NO3t3":0.0,"R_SHKK":0.2847501739,"R_SHSL1":0.0603197372,"R_NOt":0.0,"R_PHCHGS":0.0,"R_NPHS":0.0000041569,"R_NTRARz":0.0,"R_PHETA1":-0.1219350341,"R_PHEt2r":0.0,"R_PIMEtr":0.0000041569,"R_O2t":12.0,"R_OCBT":0.0,"R_SHSL2r":-0.0603197372,"R_PMDPHT":0.0000069281,"R_OCOAT1":0.0,"R_PMPK":0.0,"R_OCTDPS":0.0000041569,"R_OMBZLM":0.0,"R_PNTK":0.0000408759,"R_OMPDC":0.2183052797,"R_PPA":1.9347805972,"R_OOR3r":0.2449806469,"R_PPBNGS":0.0,"R_OPHBDC":0.0,"R_ORNTA":0.7906440811,"R_SHSL4r":0.0,"R_PPCDC":0.0000408759,"R_SPMS":0.0048496889,"R_ORNt2r":-1.1366704138,"R_OROATP":0.0,"R_ORPT":-0.2183052797,"R_OXGDC2":0.0000041569,"R_SPODM":0.0300572898,"R_SPRMS":0.0,"R_SUCBZL":0.0000041569,"R_P5CD":0.0,"R_PPM":0.0,"R_P5CR":0.1454906656,"R_PABB":0.0346406347,"R_PANTS":0.0000408759,"R_SUCBZS":0.0000041569,"R_SUCCt2r":-2.1959539177,"R_SUCFUMt":0.0,"R_SULR":0.0,"R_PAPPT3":0.0191216303,"R_PAPSR":0.0,"R_PPM2":0.0,"R_PASYN_HP":0.1042239704,"R_PDH2":13.0213769257,"R_PEPT_HP":0.0,"R_SULabc":0.0,"R_TALA":-0.1551440868,"R_THDPS":0.2449785684,"R_PGAMT":-0.0615217672,"R_PPNCL2":0.0000408759,"R_PPND":0.0907584628,"R_THMDt2":0.0,"R_THMabc":0.0000041569,"R_PPNDH":0.1219350341,"R_THRD_L":0.0,"R_PPPGO":0.0,"R_THRS":0.1669678591,"R_THRt2r":0.0,"R_THZSN":0.0,"R_PPS":3.6047032895,"R_TKT1":-0.1318655803,"R_PPTGS":0.0191216303,"R_TKT2":-0.4398942607,"R_PRAGSr":0.3750139685,"R_TMDK1":0.0,"R_TMDSf":0.0171124735,"R_TMPPP":0.0,"R_TPI":-0.8477951239,"R_PRAIS":0.3750139685,"R_TRDR":0.0694198319,"R_PRAIi":0.0374118854,"R_TRPS1":0.0,"R_TRPS2":0.0374118854,"R_PRASCSi":0.3750139685,"R_TRPS3":0.0374118854,"R_TRPt2r":0.0,"R_TYRTA":-0.0907584628,"R_PRFGS":0.3750139685,"R_TYRt2r":0.0,"R_U23GAAT_HP":0.0058196266,"R_U2GAAT":0.0058196266,"R_PROD2":0.0,"R_U2GAAT2":0.0058196266,"R_UAAGDS":0.0191216303,"R_PROabc":0.0,"R_UAGAAT_HP":0.0058196266,"R_UAGCVT":0.0191216303,"R_UAGDP":0.0557021406,"R_UAGDP2":0.0058196266,"R_UAGPT3":0.0191216303,"R_PROt2r":0.0,"R_UAMAGS":0.0191216303,"R_UAMAS":0.0191216303,"R_UAPGR":0.0191216303,"R_PROt4":0.0,"R_UDCPDP":0.0191216303,"R_UDCPDPS":0.0,"R_PRPPS":0.6977919383,"R_UDPG4E":0.0174588799,"R_UGMDDS":0.0191216303,"R_PSCVT":0.2847501739,"R_UHGADA_HP":0.0058196266,"R_UMPK":0.2432465367,"R_UNK2":0.0048496889,"R_UPP3S":0.0,"R_PSD_HP":0.0518875139,"R_UPPDC1":0.0,"R_UPPDC2":0.0,"R_PSERT":1.0722142447,"R_UPPRT":0.0,"R_URAt2":0.0,"R_PSP_D":0.0,"R_PSP_L":1.0722142447,"R_UREA":1.956412628,"R_PSSA_HP":0.0542250639,"R_UREAt":0.0,"R_PTAr":11.0597290523,"R_PTPATi":0.0000408759,"R_URIDK2r":-0.0171124735,"R_PUNP1":0.0,"R_URIt2":0.0,"R_PUNP2":0.0,"R_USHD_HP":0.0058196266,"R_VALTA":0.0000408759,"R_PUNP3":0.0,"R_VALabc":0.2785515787,"R_XANt2":0.0,"R_PUNP4":0.0,"R_XPPT":0.0,"R_PUNP5":0.0,"R_PUNP6":0.0,"R_SK_ahcys_c":0.0439083901,"R_PUNP7":0.0,"R_DM_amob_c":0.0000041569,"R_PUTA3":0.6451534155,"R_PYRDC":0.0,"R_PYRt2":0.0,"R_QULNS":0.0018913787,"R_RBFK":0.0000069281,"R_RBFSa":0.0000138563,"R_RBFSb":0.0000069281,"R_RFAC_HP":0.0058196266,"R_RFA_HP":0.0058196266,"R_RHCCE":0.0603197372,"R_RNDR1":0.0171124735,"R_RNDR2":0.0175974424,"R_RNDR3":0.0175974424,"R_RNDR4":0.0171124735,"R_RPE":-0.5717598409,"R_RPI":-0.565926358,"R_S7PI":0.0232785065,"R_SADT2":0.0,"R_SDPDS":0.2449785684,"R_SDPTA":-0.2449785684,"R_SERAT":0.0603197372,"R_SERD_L":0.0,"R_SERt2r":0.0,"R_SHCHCS2":0.0000041569,"R_SHK3Dr":0.2847501739}]