[{"data_set_value_component_environment_variable_time":0.0,"data_set_value_component_total_calcium_variable_Ca_Pr":84.35,"data_set_value_component_total_calcium_variable_Ca_tot":90.0,"data_set_value_component_total_protein_variable_Pr":35.65,"data_set_value_component_total_protein_variable_Pr_tot":120.0,"data_set_value_component_cytosolic_calcium_variable_Ca_cyt":0.05,"data_set_value_component_cytosolic_calcium_variable_k_plus":0.1,"data_set_value_component_cytosolic_calcium_variable_k_minus":0.01,"data_set_value_component_ER_calcium_variable_Ca_ER":1.0,"data_set_value_component_ER_calcium_variable_rho_ER":0.01,"data_set_value_component_ER_calcium_variable_beta_ER":0.0025,"data_set_value_component_mitochondrial_calcium_variable_Ca_m":0.4,"data_set_value_component_mitochondrial_calcium_variable_rho_m":0.01,"data_set_value_component_mitochondrial_calcium_variable_beta_m":0.0025,"data_set_value_component_ATP_dependent_Ca_uptake_into_the_ER_variable_J_pump":1.0,"data_set_value_component_ATP_dependent_Ca_uptake_into_the_ER_variable_k_pump":20.0,"data_set_value_component_Ca_efflux_from_the_ER_variable_J_ch":0.3894610539,"data_set_value_component_Ca_efflux_from_the_ER_variable_k_ch":4100.0,"data_set_value_component_Ca_efflux_from_the_ER_variable_K1":5.0,"data_set_value_component_Ca_leak_flux_from_the_ER_variable_J_leak":0.0475,"data_set_value_component_Ca_leak_flux_from_the_ER_variable_k_leak":0.05,"data_set_value_component_mitochondrial_Ca_uptake_variable_J_in":0.0000000698,"data_set_value_component_mitochondrial_Ca_uptake_variable_k_in":300.0,"data_set_value_component_mitochondrial_Ca_uptake_variable_K2":0.8,"data_set_value_component_mitochondrial_Ca_release_variable_J_out":0.0074995,"data_set_value_component_mitochondrial_Ca_release_variable_k_out":125.0,"data_set_value_component_mitochondrial_Ca_release_variable_k_m":0.00625,"data_set_value_component_mitochondrial_Ca_release_variable_K3":5.0},{"data_set_value_component_environment_variable_time":0.1,"data_set_value_component_total_calcium_variable_Ca_Pr":84.2851003003,"data_set_value_component_total_calcium_variable_Ca_tot":90.0,"data_set_value_component_total_protein_variable_Pr":35.7148996997,"data_set_value_component_total_protein_variable_Pr_tot":120.0,"data_set_value_component_cytosolic_calcium_variable_Ca_cyt":0.0580265096,"data_set_value_component_cytosolic_calcium_variable_k_plus":0.1,"data_set_value_component_cytosolic_calcium_variable_k_minus":0.01,"data_set_value_component_ER_calcium_variable_Ca_ER":1.0144290402,"data_set_value_component_ER_calcium_variable_rho_ER":0.01,"data_set_value_component_ER_calcium_variable_beta_ER":0.0025,"data_set_value_component_mitochondrial_calcium_variable_Ca_m":0.3997892573,"data_set_value_component_mitochondrial_calcium_variable_rho_m":0.01,"data_set_value_component_mitochondrial_calcium_variable_beta_m":0.0025,"data_set_value_component_ATP_dependent_Ca_uptake_into_the_ER_variable_J_pump":1.1605301915,"data_set_value_component_ATP_dependent_Ca_uptake_into_the_ER_variable_k_pump":20.0,"data_set_value_component_Ca_efflux_from_the_ER_variable_J_ch":0.5280547719,"data_set_value_component_Ca_efflux_from_the_ER_variable_k_ch":4100.0,"data_set_value_component_Ca_efflux_from_the_ER_variable_K1":5.0,"data_set_value_component_Ca_leak_flux_from_the_ER_variable_J_leak":0.0478201265,"data_set_value_component_Ca_leak_flux_from_the_ER_variable_k_leak":0.05,"data_set_value_component_mitochondrial_Ca_uptake_variable_J_in":0.0000002298,"data_set_value_component_mitochondrial_Ca_uptake_variable_k_in":300.0,"data_set_value_component_mitochondrial_Ca_uptake_variable_K2":0.8,"data_set_value_component_mitochondrial_Ca_release_variable_J_out":0.0092283802,"data_set_value_component_mitochondrial_Ca_release_variable_k_out":125.0,"data_set_value_component_mitochondrial_Ca_release_variable_k_m":0.00625,"data_set_value_component_mitochondrial_Ca_release_variable_K3":5.0},{"data_set_value_component_environment_variable_time":0.2,"data_set_value_component_total_calcium_variable_Ca_Pr":84.2225406748,"data_set_value_component_total_calcium_variable_Ca_tot":90.0,"data_set_value_component_total_protein_variable_Pr":35.7774593252,"data_set_value_component_total_protein_variable_Pr_tot":120.0,"data_set_value_component_cytosolic_calcium_variable_Ca_cyt":0.0630836055,"data_set_value_component_cytosolic_calcium_variable_k_plus":0.1,"data_set_value_component_cytosolic_calcium_variable_k_minus":0.01,"data_set_value_component_ER_calcium_variable_Ca_ER":1.0290511889,"data_set_value_component_ER_calcium_variable_rho_ER":0.01,"data_set_value_component_ER_calcium_variable_beta_ER":0.0025,"data_set_value_component_mitochondrial_calcium_variable_Ca_m":0.399542741,"data_set_value_component_mitochondrial_calcium_variable_rho_m":0.01,"data_set_value_component_mitochondrial_calcium_variable_beta_m":0.0025,"data_set_value_component_ATP_dependent_Ca_uptake_into_the_ER_variable_J_pump":1.2616721093,"data_set_value_component_ATP_dependent_Ca_uptake_into_the_ER_variable_k_pump":20.0,"data_set_value_component_Ca_efflux_from_the_ER_variable_J_ch":0.6303333535,"data_set_value_component_Ca_efflux_from_the_ER_variable_k_ch":4100.0,"data_set_value_component_Ca_efflux_from_the_ER_variable_K1":5.0,"data_set_value_component_Ca_leak_flux_from_the_ER_variable_J_leak":0.0482983792,"data_set_value_component_Ca_leak_flux_from_the_ER_variable_k_leak":0.05,"data_set_value_component_mitochondrial_Ca_uptake_variable_J_in":0.0000004485,"data_set_value_component_mitochondrial_Ca_uptake_variable_k_in":300.0,"data_set_value_component_mitochondrial_Ca_uptake_variable_K2":0.8,"data_set_value_component_mitochondrial_Ca_release_variable_J_out":0.010445861,"data_set_value_component_mitochondrial_Ca_release_variable_k_out":125.0,"data_set_value_component_mitochondrial_Ca_release_variable_k_m":0.00625,"data_set_value_component_mitochondrial_Ca_release_variable_K3":5.0},{"data_set_value_component_environment_variable_time":0.3,"data_set_value_component_total_calcium_variable_Ca_Pr":84.1616882403,"data_set_value_component_total_calcium_variable_Ca_tot":90.0,"data_set_value_component_total_protein_variable_Pr":35.8383117597,"data_set_value_component_total_protein_variable_Pr_tot":120.0,"data_set_value_component_cytosolic_calcium_variable_Ca_cyt":0.0672105726,"data_set_value_component_cytosolic_calcium_variable_k_plus":0.1,"data_set_value_component_cytosolic_calcium_variable_k_minus":0.01,"data_set_value_component_ER_calcium_variable_Ca_ER":1.0435070826,"data_set_value_component_ER_calcium_variable_rho_ER":0.01,"data_set_value_component_ER_calcium_variable_beta_ER":0.0025,"data_set_value_component_mitochondrial_calcium_variable_Ca_m":0.3992682141,"data_set_value_component_mitochondrial_calcium_variable_rho_m":0.01,"data_set_value_component_mitochondrial_calcium_variable_beta_m":0.0025,"data_set_value_component_ATP_dependent_Ca_uptake_into_the_ER_variable_J_pump":1.344211452,"data_set_value_component_ATP_dependent_Ca_uptake_into_the_ER_variable_k_pump":20.0,"data_set_value_component_Ca_efflux_from_the_ER_variable_J_ch":0.7231398751,"data_set_value_component_Ca_efflux_from_the_ER_variable_k_ch":4100.0,"data_set_value_component_Ca_efflux_from_the_ER_variable_K1":5.0,"data_set_value_component_Ca_leak_flux_from_the_ER_variable_J_leak":0.0488148255,"data_set_value_component_Ca_leak_flux_from_the_ER_variable_k_leak":0.05,"data_set_value_component_mitochondrial_Ca_uptake_variable_J_in":0.0000007446,"data_set_value_component_mitochondrial_Ca_uptake_variable_k_in":300.0,"data_set_value_component_mitochondrial_Ca_uptake_variable_K2":0.8,"data_set_value_component_mitochondrial_Ca_release_variable_J_out":0.011511791,"data_set_value_component_mitochondrial_Ca_release_variable_k_out":125.0,"data_set_value_component_mitochondrial_Ca_release_variable_k_m":0.00625,"data_set_value_component_mitochondrial_Ca_release_variable_K3":5.0},{"data_set_value_component_environment_variable_time":0.4,"data_set_value_component_total_calcium_variable_Ca_Pr":84.102390302,"data_set_value_component_total_calcium_variable_Ca_tot":90.0,"data_set_value_component_total_protein_variable_Pr":35.897609698,"data_set_value_component_total_protein_variable_Pr_tot":120.0,"data_set_value_component_cytosolic_calcium_variable_Ca_cyt":0.0713153208,"data_set_value_component_cytosolic_calcium_variable_k_plus":0.1,"data_set_value_component_cytosolic_calcium_variable_k_minus":0.01,"data_set_value_component_ER_calcium_variable_Ca_ER":1.0576068989,"data_set_value_component_ER_calcium_variable_rho_ER":0.01,"data_set_value_component_ER_calcium_variable_beta_ER":0.0025,"data_set_value_component_mitochondrial_calcium_variable_Ca_m":0.3989666954,"data_set_value_component_mitochondrial_calcium_variable_rho_m":0.01,"data_set_value_component_mitochondrial_calcium_variable_beta_m":0.0025,"data_set_value_component_ATP_dependent_Ca_uptake_into_the_ER_variable_J_pump":1.4263064156,"data_set_value_component_ATP_dependent_Ca_uptake_into_the_ER_variable_k_pump":20.0,"data_set_value_component_Ca_efflux_from_the_ER_variable_J_ch":0.8224822063,"data_set_value_component_Ca_efflux_from_the_ER_variable_k_ch":4100.0,"data_set_value_component_Ca_efflux_from_the_ER_variable_K1":5.0,"data_set_value_component_Ca_leak_flux_from_the_ER_variable_J_leak":0.0493145789,"data_set_value_component_Ca_leak_flux_from_the_ER_variable_k_leak":0.05,"data_set_value_component_mitochondrial_Ca_uptake_variable_J_in":0.0000011964,"data_set_value_component_mitochondrial_Ca_uptake_variable_k_in":300.0,"data_set_value_component_mitochondrial_Ca_uptake_variable_K2":0.8,"data_set_value_component_mitochondrial_Ca_release_variable_J_out":0.012636952,"data_set_value_component_mitochondrial_Ca_release_variable_k_out":125.0,"data_set_value_component_mitochondrial_Ca_release_variable_k_m":0.00625,"data_set_value_component_mitochondrial_Ca_release_variable_K3":5.0},{"data_set_value_component_environment_variable_time":0.5,"data_set_value_component_total_calcium_variable_Ca_Pr":84.0447623948,"data_set_value_component_total_calcium_variable_Ca_tot":90.0,"data_set_value_component_total_protein_variable_Pr":35.9552376052,"data_set_value_component_total_protein_variable_Pr_tot":120.0,"data_set_value_component_cytosolic_calcium_variable_Ca_cyt":0.0760728979,"data_set_value_component_cytosolic_calcium_variable_k_plus":0.1,"data_set_value_component_cytosolic_calcium_variable_k_minus":0.01,"data_set_value_component_ER_calcium_variable_Ca_ER":1.0711568911,"data_set_value_component_ER_calcium_variable_rho_ER":0.01,"data_set_value_component_ER_calcium_variable_beta_ER":0.0025,"data_set_value_component_mitochondrial_calcium_variable_Ca_m":0.3986342857,"data_set_value_component_mitochondrial_calcium_variable_rho_m":0.01,"data_set_value_component_mitochondrial_calcium_variable_beta_m":0.0025,"data_set_value_component_ATP_dependent_Ca_uptake_into_the_ER_variable_J_pump":1.5214579586,"data_set_value_component_ATP_dependent_Ca_uptake_into_the_ER_variable_k_pump":20.0,"data_set_value_component_Ca_efflux_from_the_ER_variable_J_ch":0.944197811,"data_set_value_component_Ca_efflux_from_the_ER_variable_k_ch":4100.0,"data_set_value_component_Ca_efflux_from_the_ER_variable_K1":5.0,"data_set_value_component_Ca_leak_flux_from_the_ER_variable_J_leak":0.0497541997,"data_set_value_component_Ca_leak_flux_from_the_ER_variable_k_leak":0.05,"data_set_value_component_mitochondrial_Ca_uptake_variable_J_in":0.0000020056,"data_set_value_component_mitochondrial_Ca_uptake_variable_k_in":300.0,"data_set_value_component_mitochondrial_Ca_uptake_variable_K2":0.8,"data_set_value_component_mitochondrial_Ca_release_variable_J_out":0.0140234489,"data_set_value_component_mitochondrial_Ca_release_variable_k_out":125.0,"data_set_value_component_mitochondrial_Ca_release_variable_k_m":0.00625,"data_set_value_component_mitochondrial_Ca_release_variable_K3":5.0},{"data_set_value_component_environment_variable_time":0.6,"data_set_value_component_total_calcium_variable_Ca_Pr":83.9891911686,"data_set_value_component_total_calcium_variable_Ca_tot":90.0,"data_set_value_component_total_protein_variable_Pr":36.0108088314,"data_set_value_component_total_protein_variable_Pr_tot":120.0,"data_set_value_component_cytosolic_calcium_variable_Ca_cyt":0.0824016311,"data_set_value_component_cytosolic_calcium_variable_k_plus":0.1,"data_set_value_component_cytosolic_calcium_variable_k_minus":0.01,"data_set_value_component_ER_calcium_variable_Ca_ER":1.0838410346,"data_set_value_component_ER_calcium_variable_rho_ER":0.01,"data_set_value_component_ER_calcium_variable_beta_ER":0.0025,"data_set_value_component_mitochondrial_calcium_variable_Ca_m":0.3982607655,"data_set_value_component_mitochondrial_calcium_variable_rho_m":0.01,"data_set_value_component_mitochondrial_calcium_variable_beta_m":0.0025,"data_set_value_component_ATP_dependent_Ca_uptake_into_the_ER_variable_J_pump":1.6480326224,"data_set_value_component_ATP_dependent_Ca_uptake_into_the_ER_variable_k_pump":20.0,"data_set_value_component_Ca_efflux_from_the_ER_variable_J_ch":1.1148647954,"data_set_value_component_Ca_efflux_from_the_ER_variable_k_ch":4100.0,"data_set_value_component_Ca_efflux_from_the_ER_variable_K1":5.0,"data_set_value_component_Ca_leak_flux_from_the_ER_variable_J_leak":0.0500719702,"data_set_value_component_Ca_leak_flux_from_the_ER_variable_k_leak":0.05,"data_set_value_component_mitochondrial_Ca_uptake_variable_J_in":0.0000038009,"data_set_value_component_mitochondrial_Ca_uptake_variable_k_in":300.0,"data_set_value_component_mitochondrial_Ca_uptake_variable_K2":0.8,"data_set_value_component_mitochondrial_Ca_release_variable_J_out":0.0160064688,"data_set_value_component_mitochondrial_Ca_release_variable_k_out":125.0,"data_set_value_component_mitochondrial_Ca_release_variable_k_m":0.00625,"data_set_value_component_mitochondrial_Ca_release_variable_K3":5.0},{"data_set_value_component_environment_variable_time":0.7,"data_set_value_component_total_calcium_variable_Ca_Pr":83.9365466206,"data_set_value_component_total_calcium_variable_Ca_tot":90.0,"data_set_value_component_total_protein_variable_Pr":36.0634533794,"data_set_value_component_total_protein_variable_Pr_tot":120.0,"data_set_value_component_cytosolic_calcium_variable_Ca_cyt":0.0922906533,"data_set_value_component_cytosolic_calcium_variable_k_plus":0.1,"data_set_value_component_cytosolic_calcium_variable_k_minus":0.01,"data_set_value_component_ER_calcium_variable_Ca_ER":1.0949680047,"data_set_value_component_ER_calcium_variable_rho_ER":0.01,"data_set_value_component_ER_calcium_variable_beta_ER":0.0025,"data_set_value_component_mitochondrial_calcium_variable_Ca_m":0.3978226768,"data_set_value_component_mitochondrial_calcium_variable_rho_m":0.01,"data_set_value_component_mitochondrial_calcium_variable_beta_m":0.0025,"data_set_value_component_ATP_dependent_Ca_uptake_into_the_ER_variable_J_pump":1.8458130669,"data_set_value_component_ATP_dependent_Ca_uptake_into_the_ER_variable_k_pump":20.0,"data_set_value_component_Ca_efflux_from_the_ER_variable_J_ch":1.4001435176,"data_set_value_component_Ca_efflux_from_the_ER_variable_k_ch":4100.0,"data_set_value_component_Ca_efflux_from_the_ER_variable_K1":5.0,"data_set_value_component_Ca_leak_flux_from_the_ER_variable_J_leak":0.0501338676,"data_set_value_component_Ca_leak_flux_from_the_ER_variable_k_leak":0.05,"data_set_value_component_mitochondrial_Ca_uptake_variable_J_in":0.0000094116,"data_set_value_component_mitochondrial_Ca_uptake_variable_k_in":300.0,"data_set_value_component_mitochondrial_Ca_uptake_variable_K2":0.8,"data_set_value_component_mitochondrial_Ca_release_variable_J_out":0.0194230233,"data_set_value_component_mitochondrial_Ca_release_variable_k_out":125.0,"data_set_value_component_mitochondrial_Ca_release_variable_k_m":0.00625,"data_set_value_component_mitochondrial_Ca_release_variable_K3":5.0},{"data_set_value_component_environment_variable_time":0.8,"data_set_value_component_total_calcium_variable_Ca_Pr":83.8890291403,"data_set_value_component_total_calcium_variable_Ca_tot":90.0,"data_set_value_component_total_protein_variable_Pr":36.1109708597,"data_set_value_component_total_protein_variable_Pr_tot":120.0,"data_set_value_component_cytosolic_calcium_variable_Ca_cyt":0.1122879031,"data_set_value_component_cytosolic_calcium_variable_k_plus":0.1,"data_set_value_component_cytosolic_calcium_variable_k_minus":0.01,"data_set_value_component_ER_calcium_variable_Ca_ER":1.1024164462,"data_set_value_component_ER_calcium_variable_rho_ER":0.01,"data_set_value_component_ER_calcium_variable_beta_ER":0.0025,"data_set_value_component_mitochondrial_calcium_variable_Ca_m":0.397254293,"data_set_value_component_mitochondrial_calcium_variable_rho_m":0.01,"data_set_value_component_mitochondrial_calcium_variable_beta_m":0.0025,"data_set_value_component_ATP_dependent_Ca_uptake_into_the_ER_variable_J_pump":2.2457580623,"data_set_value_component_ATP_dependent_Ca_uptake_into_the_ER_variable_k_pump":20.0,"data_set_value_component_Ca_efflux_from_the_ER_variable_J_ch":2.0463616765,"data_set_value_component_Ca_efflux_from_the_ER_variable_k_ch":4100.0,"data_set_value_component_Ca_efflux_from_the_ER_variable_K1":5.0,"data_set_value_component_Ca_leak_flux_from_the_ER_variable_J_leak":0.0495064272,"data_set_value_component_Ca_leak_flux_from_the_ER_variable_k_leak":0.05,"data_set_value_component_mitochondrial_Ca_uptake_variable_J_in":0.0000451924,"data_set_value_component_mitochondrial_Ca_uptake_variable_k_in":300.0,"data_set_value_component_mitochondrial_Ca_uptake_variable_K2":0.8,"data_set_value_component_mitochondrial_Ca_release_variable_J_out":0.027514264,"data_set_value_component_mitochondrial_Ca_release_variable_k_out":125.0,"data_set_value_component_mitochondrial_Ca_release_variable_k_m":0.00625,"data_set_value_component_mitochondrial_Ca_release_variable_K3":5.0},{"data_set_value_component_environment_variable_time":0.9,"data_set_value_component_total_calcium_variable_Ca_Pr":83.8552445035,"data_set_value_component_total_calcium_variable_Ca_tot":90.0,"data_set_value_component_total_protein_variable_Pr":36.1447554965,"data_set_value_component_total_protein_variable_Pr_tot":120.0,"data_set_value_component_cytosolic_calcium_variable_Ca_cyt":0.1849656613,"data_set_value_component_cytosolic_calcium_variable_k_plus":0.1,"data_set_value_component_cytosolic_calcium_variable_k_minus":0.01,"data_set_value_component_ER_calcium_variable_Ca_ER":1.093716423,"data_set_value_component_ER_calcium_variable_rho_ER":0.01,"data_set_value_component_ER_calcium_variable_beta_ER":0.0025,"data_set_value_component_mitochondrial_calcium_variable_Ca_m":0.3962310358,"data_set_value_component_mitochondrial_calcium_variable_rho_m":0.01,"data_set_value_component_mitochondrial_calcium_variable_beta_m":0.0025,"data_set_value_component_ATP_dependent_Ca_uptake_into_the_ER_variable_J_pump":3.6993132258,"data_set_value_component_ATP_dependent_Ca_uptake_into_the_ER_variable_k_pump":20.0,"data_set_value_component_Ca_efflux_from_the_ER_variable_J_ch":5.0918656103,"data_set_value_component_Ca_efflux_from_the_ER_variable_k_ch":4100.0,"data_set_value_component_Ca_efflux_from_the_ER_variable_K1":5.0,"data_set_value_component_Ca_leak_flux_from_the_ER_variable_J_leak":0.0454375381,"data_set_value_component_Ca_leak_flux_from_the_ER_variable_k_leak":0.05,"data_set_value_component_mitochondrial_Ca_uptake_variable_J_in":0.0024497778,"data_set_value_component_mitochondrial_Ca_uptake_variable_k_in":300.0,"data_set_value_component_mitochondrial_Ca_uptake_variable_K2":0.8,"data_set_value_component_mitochondrial_Ca_release_variable_J_out":0.0701636817,"data_set_value_component_mitochondrial_Ca_release_variable_k_out":125.0,"data_set_value_component_mitochondrial_Ca_release_variable_k_m":0.00625,"data_set_value_component_mitochondrial_Ca_release_variable_K3":5.0},{"data_set_value_component_environment_variable_time":1.0,"data_set_value_component_total_calcium_variable_Ca_Pr":83.9048120326,"data_set_value_component_total_calcium_variable_Ca_tot":90.0,"data_set_value_component_total_protein_variable_Pr":36.0951879674,"data_set_value_component_total_protein_variable_Pr_tot":120.0,"data_set_value_component_cytosolic_calcium_variable_Ca_cyt":0.5087144676,"data_set_value_component_cytosolic_calcium_variable_k_plus":0.1,"data_set_value_component_cytosolic_calcium_variable_k_minus":0.01,"data_set_value_component_ER_calcium_variable_Ca_ER":0.9316794001,"data_set_value_component_ER_calcium_variable_rho_ER":0.01,"data_set_value_component_ER_calcium_variable_beta_ER":0.0025,"data_set_value_component_mitochondrial_calcium_variable_Ca_m":0.4649389749,"data_set_value_component_mitochondrial_calcium_variable_rho_m":0.01,"data_set_value_component_mitochondrial_calcium_variable_beta_m":0.0025,"data_set_value_component_ATP_dependent_Ca_uptake_into_the_ER_variable_J_pump":10.1742893511,"data_set_value_component_ATP_dependent_Ca_uptake_into_the_ER_variable_k_pump":20.0,"data_set_value_component_Ca_efflux_from_the_ER_variable_J_ch":17.7673986734,"data_set_value_component_Ca_efflux_from_the_ER_variable_k_ch":4100.0,"data_set_value_component_Ca_efflux_from_the_ER_variable_K1":5.0,"data_set_value_component_Ca_leak_flux_from_the_ER_variable_J_leak":0.0211482466,"data_set_value_component_Ca_leak_flux_from_the_ER_variable_k_leak":0.05,"data_set_value_component_mitochondrial_Ca_uptake_variable_J_in":7.8115262259,"data_set_value_component_mitochondrial_Ca_uptake_variable_k_in":300.0,"data_set_value_component_mitochondrial_Ca_uptake_variable_K2":0.8,"data_set_value_component_mitochondrial_Ca_release_variable_J_out":0.5983507897,"data_set_value_component_mitochondrial_Ca_release_variable_k_out":125.0,"data_set_value_component_mitochondrial_Ca_release_variable_k_m":0.00625,"data_set_value_component_mitochondrial_Ca_release_variable_K3":5.0}]