[{"data_set_value_component_environment_variable_time":0.0,"data_set_value_component_C_variable_C":0.0,"data_set_value_component_D_variable_D":0.0,"data_set_value_component_R_variable_R":2000.0,"data_set_value_component_R_variable_R_initial":2000.0,"data_set_value_component_Ri_variable_Ri":200.0,"data_set_value_component_signal_variable_signal":0.0,"data_set_value_component_model_parameters_variable_kf1":0.1,"data_set_value_component_model_parameters_variable_kr1":0.1,"data_set_value_component_model_parameters_variable_kx2":4.83,"data_set_value_component_model_parameters_variable_k_x2":0.016,"data_set_value_component_model_parameters_variable_k_x1":0.001,"data_set_value_component_model_parameters_variable_ke":0.1,"data_set_value_component_model_parameters_variable_kt":0.005,"data_set_value_component_model_parameters_variable_krec":0.0,"data_set_value_component_model_parameters_variable_kdeg":0.05,"data_set_value_component_model_parameters_variable_Vs":10.0,"data_set_value_component_model_parameters_variable_L":0.01,"data_set_value_component_model_parameters_variable_kappaE":0.2,"data_set_value_component_model_parameters_variable_KD":1.0},{"data_set_value_component_environment_variable_time":0.1,"data_set_value_component_C_variable_C":0.000207366,"data_set_value_component_D_variable_D":0.1987661638,"data_set_value_component_R_variable_R":1999.6003713195,"data_set_value_component_R_variable_R_initial":2000.0,"data_set_value_component_Ri_variable_Ri":199.9999004074,"data_set_value_component_signal_variable_signal":0.0009928441,"data_set_value_component_model_parameters_variable_kf1":0.1,"data_set_value_component_model_parameters_variable_kr1":0.1,"data_set_value_component_model_parameters_variable_kx2":4.83,"data_set_value_component_model_parameters_variable_k_x2":0.016,"data_set_value_component_model_parameters_variable_k_x1":0.001,"data_set_value_component_model_parameters_variable_ke":0.1,"data_set_value_component_model_parameters_variable_kt":0.005,"data_set_value_component_model_parameters_variable_krec":0.0,"data_set_value_component_model_parameters_variable_kdeg":0.05,"data_set_value_component_model_parameters_variable_Vs":10.0,"data_set_value_component_model_parameters_variable_L":0.01,"data_set_value_component_model_parameters_variable_kappaE":0.2,"data_set_value_component_model_parameters_variable_KD":1.0},{"data_set_value_component_environment_variable_time":0.2,"data_set_value_component_C_variable_C":0.0002076924,"data_set_value_component_D_variable_D":0.395699862,"data_set_value_component_R_variable_R":1999.2008549727,"data_set_value_component_R_variable_R_initial":2000.0,"data_set_value_component_Ri_variable_Ri":199.9996019607,"data_set_value_component_signal_variable_signal":0.0019745926,"data_set_value_component_model_parameters_variable_kf1":0.1,"data_set_value_component_model_parameters_variable_kr1":0.1,"data_set_value_component_model_parameters_variable_kx2":4.83,"data_set_value_component_model_parameters_variable_k_x2":0.016,"data_set_value_component_model_parameters_variable_k_x1":0.001,"data_set_value_component_model_parameters_variable_ke":0.1,"data_set_value_component_model_parameters_variable_kt":0.005,"data_set_value_component_model_parameters_variable_krec":0.0,"data_set_value_component_model_parameters_variable_kdeg":0.05,"data_set_value_component_model_parameters_variable_Vs":10.0,"data_set_value_component_model_parameters_variable_L":0.01,"data_set_value_component_model_parameters_variable_kappaE":0.2,"data_set_value_component_model_parameters_variable_KD":1.0},{"data_set_value_component_environment_variable_time":0.3,"data_set_value_component_C_variable_C":0.0002080156,"data_set_value_component_D_variable_D":0.5906147782,"data_set_value_component_R_variable_R":1998.8016573648,"data_set_value_component_R_variable_R_initial":2000.0,"data_set_value_component_Ri_variable_Ri":199.9991058216,"data_set_value_component_signal_variable_signal":0.0029443789,"data_set_value_component_model_parameters_variable_kf1":0.1,"data_set_value_component_model_parameters_variable_kr1":0.1,"data_set_value_component_model_parameters_variable_kx2":4.83,"data_set_value_component_model_parameters_variable_k_x2":0.016,"data_set_value_component_model_parameters_variable_k_x1":0.001,"data_set_value_component_model_parameters_variable_ke":0.1,"data_set_value_component_model_parameters_variable_kt":0.005,"data_set_value_component_model_parameters_variable_krec":0.0,"data_set_value_component_model_parameters_variable_kdeg":0.05,"data_set_value_component_model_parameters_variable_Vs":10.0,"data_set_value_component_model_parameters_variable_L":0.01,"data_set_value_component_model_parameters_variable_kappaE":0.2,"data_set_value_component_model_parameters_variable_KD":1.0},{"data_set_value_component_environment_variable_time":0.4,"data_set_value_component_C_variable_C":0.0002083356,"data_set_value_component_D_variable_D":0.7835313105,"data_set_value_component_R_variable_R":1998.4027778672,"data_set_value_component_R_variable_R_initial":2000.0,"data_set_value_component_Ri_variable_Ri":199.9984131391,"data_set_value_component_signal_variable_signal":0.0039023684,"data_set_value_component_model_parameters_variable_kf1":0.1,"data_set_value_component_model_parameters_variable_kr1":0.1,"data_set_value_component_model_parameters_variable_kx2":4.83,"data_set_value_component_model_parameters_variable_k_x2":0.016,"data_set_value_component_model_parameters_variable_k_x1":0.001,"data_set_value_component_model_parameters_variable_ke":0.1,"data_set_value_component_model_parameters_variable_kt":0.005,"data_set_value_component_model_parameters_variable_krec":0.0,"data_set_value_component_model_parameters_variable_kdeg":0.05,"data_set_value_component_model_parameters_variable_Vs":10.0,"data_set_value_component_model_parameters_variable_L":0.01,"data_set_value_component_model_parameters_variable_kappaE":0.2,"data_set_value_component_model_parameters_variable_KD":1.0},{"data_set_value_component_environment_variable_time":0.5,"data_set_value_component_C_variable_C":0.0002086524,"data_set_value_component_D_variable_D":0.974469558,"data_set_value_component_R_variable_R":1998.004215862,"data_set_value_component_R_variable_R_initial":2000.0,"data_set_value_component_Ri_variable_Ri":199.9975250508,"data_set_value_component_signal_variable_signal":0.0048487231,"data_set_value_component_model_parameters_variable_kf1":0.1,"data_set_value_component_model_parameters_variable_kr1":0.1,"data_set_value_component_model_parameters_variable_kx2":4.83,"data_set_value_component_model_parameters_variable_k_x2":0.016,"data_set_value_component_model_parameters_variable_k_x1":0.001,"data_set_value_component_model_parameters_variable_ke":0.1,"data_set_value_component_model_parameters_variable_kt":0.005,"data_set_value_component_model_parameters_variable_krec":0.0,"data_set_value_component_model_parameters_variable_kdeg":0.05,"data_set_value_component_model_parameters_variable_Vs":10.0,"data_set_value_component_model_parameters_variable_L":0.01,"data_set_value_component_model_parameters_variable_kappaE":0.2,"data_set_value_component_model_parameters_variable_KD":1.0},{"data_set_value_component_environment_variable_time":0.6,"data_set_value_component_C_variable_C":0.0002089661,"data_set_value_component_D_variable_D":1.1634493921,"data_set_value_component_R_variable_R":1997.6059707345,"data_set_value_component_R_variable_R_initial":2000.0,"data_set_value_component_Ri_variable_Ri":199.9964426877,"data_set_value_component_signal_variable_signal":0.0057836023,"data_set_value_component_model_parameters_variable_kf1":0.1,"data_set_value_component_model_parameters_variable_kr1":0.1,"data_set_value_component_model_parameters_variable_kx2":4.83,"data_set_value_component_model_parameters_variable_k_x2":0.016,"data_set_value_component_model_parameters_variable_k_x1":0.001,"data_set_value_component_model_parameters_variable_ke":0.1,"data_set_value_component_model_parameters_variable_kt":0.005,"data_set_value_component_model_parameters_variable_krec":0.0,"data_set_value_component_model_parameters_variable_kdeg":0.05,"data_set_value_component_model_parameters_variable_Vs":10.0,"data_set_value_component_model_parameters_variable_L":0.01,"data_set_value_component_model_parameters_variable_kappaE":0.2,"data_set_value_component_model_parameters_variable_KD":1.0},{"data_set_value_component_environment_variable_time":0.7,"data_set_value_component_C_variable_C":0.0002092767,"data_set_value_component_D_variable_D":1.3504905054,"data_set_value_component_R_variable_R":1997.2080418735,"data_set_value_component_R_variable_R_initial":2000.0,"data_set_value_component_Ri_variable_Ri":199.9951671758,"data_set_value_component_signal_variable_signal":0.0067071627,"data_set_value_component_model_parameters_variable_kf1":0.1,"data_set_value_component_model_parameters_variable_kr1":0.1,"data_set_value_component_model_parameters_variable_kx2":4.83,"data_set_value_component_model_parameters_variable_k_x2":0.016,"data_set_value_component_model_parameters_variable_k_x1":0.001,"data_set_value_component_model_parameters_variable_ke":0.1,"data_set_value_component_model_parameters_variable_kt":0.005,"data_set_value_component_model_parameters_variable_krec":0.0,"data_set_value_component_model_parameters_variable_kdeg":0.05,"data_set_value_component_model_parameters_variable_Vs":10.0,"data_set_value_component_model_parameters_variable_L":0.01,"data_set_value_component_model_parameters_variable_kappaE":0.2,"data_set_value_component_model_parameters_variable_KD":1.0},{"data_set_value_component_environment_variable_time":0.8,"data_set_value_component_C_variable_C":0.0002095843,"data_set_value_component_D_variable_D":1.5356123946,"data_set_value_component_R_variable_R":1996.8104286724,"data_set_value_component_R_variable_R_initial":2000.0,"data_set_value_component_Ri_variable_Ri":199.9936996354,"data_set_value_component_signal_variable_signal":0.0076195585,"data_set_value_component_model_parameters_variable_kf1":0.1,"data_set_value_component_model_parameters_variable_kr1":0.1,"data_set_value_component_model_parameters_variable_kx2":4.83,"data_set_value_component_model_parameters_variable_k_x2":0.016,"data_set_value_component_model_parameters_variable_k_x1":0.001,"data_set_value_component_model_parameters_variable_ke":0.1,"data_set_value_component_model_parameters_variable_kt":0.005,"data_set_value_component_model_parameters_variable_krec":0.0,"data_set_value_component_model_parameters_variable_kdeg":0.05,"data_set_value_component_model_parameters_variable_Vs":10.0,"data_set_value_component_model_parameters_variable_L":0.01,"data_set_value_component_model_parameters_variable_kappaE":0.2,"data_set_value_component_model_parameters_variable_KD":1.0},{"data_set_value_component_environment_variable_time":0.9,"data_set_value_component_C_variable_C":0.0002098888,"data_set_value_component_D_variable_D":1.7188344151,"data_set_value_component_R_variable_R":1996.4131305275,"data_set_value_component_R_variable_R_initial":2000.0,"data_set_value_component_Ri_variable_Ri":199.9920411826,"data_set_value_component_signal_variable_signal":0.0085209416,"data_set_value_component_model_parameters_variable_kf1":0.1,"data_set_value_component_model_parameters_variable_kr1":0.1,"data_set_value_component_model_parameters_variable_kx2":4.83,"data_set_value_component_model_parameters_variable_k_x2":0.016,"data_set_value_component_model_parameters_variable_k_x1":0.001,"data_set_value_component_model_parameters_variable_ke":0.1,"data_set_value_component_model_parameters_variable_kt":0.005,"data_set_value_component_model_parameters_variable_krec":0.0,"data_set_value_component_model_parameters_variable_kdeg":0.05,"data_set_value_component_model_parameters_variable_Vs":10.0,"data_set_value_component_model_parameters_variable_L":0.01,"data_set_value_component_model_parameters_variable_kappaE":0.2,"data_set_value_component_model_parameters_variable_KD":1.0},{"data_set_value_component_environment_variable_time":1.0,"data_set_value_component_C_variable_C":0.0002101903,"data_set_value_component_D_variable_D":1.9001756406,"data_set_value_component_R_variable_R":1996.0161468417,"data_set_value_component_R_variable_R_initial":2000.0,"data_set_value_component_Ri_variable_Ri":199.9901929251,"data_set_value_component_signal_variable_signal":0.0094114611,"data_set_value_component_model_parameters_variable_kf1":0.1,"data_set_value_component_model_parameters_variable_kr1":0.1,"data_set_value_component_model_parameters_variable_kx2":4.83,"data_set_value_component_model_parameters_variable_k_x2":0.016,"data_set_value_component_model_parameters_variable_k_x1":0.001,"data_set_value_component_model_parameters_variable_ke":0.1,"data_set_value_component_model_parameters_variable_kt":0.005,"data_set_value_component_model_parameters_variable_krec":0.0,"data_set_value_component_model_parameters_variable_kdeg":0.05,"data_set_value_component_model_parameters_variable_Vs":10.0,"data_set_value_component_model_parameters_variable_L":0.01,"data_set_value_component_model_parameters_variable_kappaE":0.2,"data_set_value_component_model_parameters_variable_KD":1.0}]