[{"data_set_value_component_environment_variable_time":0.0,"data_set_value_component_SERCA_variable_k_p1":25900.0,"data_set_value_component_SERCA_variable_k_p2":2540.0,"data_set_value_component_SERCA_variable_k_p3":20.5,"data_set_value_component_SERCA_variable_k_m1":2.0,"data_set_value_component_SERCA_variable_k_m2":67200.0,"data_set_value_component_SERCA_variable_k_m3":149.0,"data_set_value_component_SERCA_variable_kdatp":0.0000772201,"data_set_value_component_SERCA_variable_kdcai":0.9,"data_set_value_component_SERCA_variable_kdcasr":2.24,"data_set_value_component_SERCA_variable_kdh1":0.0000109,"data_set_value_component_SERCA_variable_kdhi":0.00354,"data_set_value_component_SERCA_variable_kdhsr":0.0000000105,"data_set_value_component_SERCA_variable_kdh":0.0000724,"data_set_value_component_SERCA_variable_n":2.0,"data_set_value_component_SERCA_variable_Ca_i":0.001,"data_set_value_component_SERCA_variable_Ca_sr":1.0,"data_set_value_component_SERCA_variable_H_i":0.0001,"data_set_value_component_SERCA_variable_ATP":0.01,"data_set_value_component_SERCA_variable_ADP":0.02,"data_set_value_component_SERCA_variable_P_i":1.0,"data_set_value_component_SERCA_variable_T_ATP":129.5,"data_set_value_component_SERCA_variable_T_Cai":0.0011111111,"data_set_value_component_SERCA_variable_T_Casr":0.4464285714,"data_set_value_component_SERCA_variable_T_H1":9.1743119266,"data_set_value_component_SERCA_variable_T_Hi":0.0000028249,"data_set_value_component_SERCA_variable_T_Hsr":0.9523809524,"data_set_value_component_SERCA_variable_T_H":1.3812154696,"data_set_value_component_SERCA_variable_a_p1":104.5358815296,"data_set_value_component_SERCA_variable_a_p2":4.9750887017,"data_set_value_component_SERCA_variable_a_m1":94.2759531972,"data_set_value_component_SERCA_variable_a_m2":0.1083502521,"data_set_value_component_SERCA_variable_s2":203.8952736807,"data_set_value_component_SERCA_variable_v_cycle":2.5005996982},{"data_set_value_component_environment_variable_time":0.1,"data_set_value_component_SERCA_variable_k_p1":25900.0,"data_set_value_component_SERCA_variable_k_p2":2540.0,"data_set_value_component_SERCA_variable_k_p3":20.5,"data_set_value_component_SERCA_variable_k_m1":2.0,"data_set_value_component_SERCA_variable_k_m2":67200.0,"data_set_value_component_SERCA_variable_k_m3":149.0,"data_set_value_component_SERCA_variable_kdatp":0.0000772201,"data_set_value_component_SERCA_variable_kdcai":0.9,"data_set_value_component_SERCA_variable_kdcasr":2.24,"data_set_value_component_SERCA_variable_kdh1":0.0000109,"data_set_value_component_SERCA_variable_kdhi":0.00354,"data_set_value_component_SERCA_variable_kdhsr":0.0000000105,"data_set_value_component_SERCA_variable_kdh":0.0000724,"data_set_value_component_SERCA_variable_n":2.0,"data_set_value_component_SERCA_variable_Ca_i":0.001,"data_set_value_component_SERCA_variable_Ca_sr":1.0,"data_set_value_component_SERCA_variable_H_i":0.0001,"data_set_value_component_SERCA_variable_ATP":0.02,"data_set_value_component_SERCA_variable_ADP":0.02,"data_set_value_component_SERCA_variable_P_i":1.0,"data_set_value_component_SERCA_variable_T_ATP":259.0,"data_set_value_component_SERCA_variable_T_Cai":0.0011111111,"data_set_value_component_SERCA_variable_T_Casr":0.4464285714,"data_set_value_component_SERCA_variable_T_H1":9.1743119266,"data_set_value_component_SERCA_variable_T_Hi":0.0000028249,"data_set_value_component_SERCA_variable_T_Hsr":0.9523809524,"data_set_value_component_SERCA_variable_T_H":1.3812154696,"data_set_value_component_SERCA_variable_a_p1":104.5739037069,"data_set_value_component_SERCA_variable_a_p2":4.9750887017,"data_set_value_component_SERCA_variable_a_m1":94.2759531972,"data_set_value_component_SERCA_variable_a_m2":0.0541948308,"data_set_value_component_SERCA_variable_s2":203.8791404367,"data_set_value_component_SERCA_variable_v_cycle":2.5267674583},{"data_set_value_component_environment_variable_time":0.2,"data_set_value_component_SERCA_variable_k_p1":25900.0,"data_set_value_component_SERCA_variable_k_p2":2540.0,"data_set_value_component_SERCA_variable_k_p3":20.5,"data_set_value_component_SERCA_variable_k_m1":2.0,"data_set_value_component_SERCA_variable_k_m2":67200.0,"data_set_value_component_SERCA_variable_k_m3":149.0,"data_set_value_component_SERCA_variable_kdatp":0.0000772201,"data_set_value_component_SERCA_variable_kdcai":0.9,"data_set_value_component_SERCA_variable_kdcasr":2.24,"data_set_value_component_SERCA_variable_kdh1":0.0000109,"data_set_value_component_SERCA_variable_kdhi":0.00354,"data_set_value_component_SERCA_variable_kdhsr":0.0000000105,"data_set_value_component_SERCA_variable_kdh":0.0000724,"data_set_value_component_SERCA_variable_n":2.0,"data_set_value_component_SERCA_variable_Ca_i":0.001,"data_set_value_component_SERCA_variable_Ca_sr":1.0,"data_set_value_component_SERCA_variable_H_i":0.0001,"data_set_value_component_SERCA_variable_ATP":0.03,"data_set_value_component_SERCA_variable_ADP":0.02,"data_set_value_component_SERCA_variable_P_i":1.0,"data_set_value_component_SERCA_variable_T_ATP":388.5,"data_set_value_component_SERCA_variable_T_Cai":0.0011111111,"data_set_value_component_SERCA_variable_T_Casr":0.4464285714,"data_set_value_component_SERCA_variable_T_H1":9.1743119266,"data_set_value_component_SERCA_variable_T_Hi":0.0000028249,"data_set_value_component_SERCA_variable_T_Hsr":0.9523809524,"data_set_value_component_SERCA_variable_T_H":1.3812154696,"data_set_value_component_SERCA_variable_a_p1":104.5865839132,"data_set_value_component_SERCA_variable_a_p2":4.9750887017,"data_set_value_component_SERCA_variable_a_m1":94.2759531972,"data_set_value_component_SERCA_variable_a_m2":0.0361342682,"data_set_value_component_SERCA_variable_s2":203.8737600803,"data_set_value_component_SERCA_variable_v_cycle":2.5354951966},{"data_set_value_component_environment_variable_time":0.3,"data_set_value_component_SERCA_variable_k_p1":25900.0,"data_set_value_component_SERCA_variable_k_p2":2540.0,"data_set_value_component_SERCA_variable_k_p3":20.5,"data_set_value_component_SERCA_variable_k_m1":2.0,"data_set_value_component_SERCA_variable_k_m2":67200.0,"data_set_value_component_SERCA_variable_k_m3":149.0,"data_set_value_component_SERCA_variable_kdatp":0.0000772201,"data_set_value_component_SERCA_variable_kdcai":0.9,"data_set_value_component_SERCA_variable_kdcasr":2.24,"data_set_value_component_SERCA_variable_kdh1":0.0000109,"data_set_value_component_SERCA_variable_kdhi":0.00354,"data_set_value_component_SERCA_variable_kdhsr":0.0000000105,"data_set_value_component_SERCA_variable_kdh":0.0000724,"data_set_value_component_SERCA_variable_n":2.0,"data_set_value_component_SERCA_variable_Ca_i":0.001,"data_set_value_component_SERCA_variable_Ca_sr":1.0,"data_set_value_component_SERCA_variable_H_i":0.0001,"data_set_value_component_SERCA_variable_ATP":0.04,"data_set_value_component_SERCA_variable_ADP":0.02,"data_set_value_component_SERCA_variable_P_i":1.0,"data_set_value_component_SERCA_variable_T_ATP":518.0,"data_set_value_component_SERCA_variable_T_Cai":0.0011111111,"data_set_value_component_SERCA_variable_T_Casr":0.4464285714,"data_set_value_component_SERCA_variable_T_H1":9.1743119266,"data_set_value_component_SERCA_variable_T_Hi":0.0000028249,"data_set_value_component_SERCA_variable_T_Hsr":0.9523809524,"data_set_value_component_SERCA_variable_T_H":1.3812154696,"data_set_value_component_SERCA_variable_a_p1":104.5929251696,"data_set_value_component_SERCA_variable_a_p2":4.9750887017,"data_set_value_component_SERCA_variable_a_m1":94.2759531972,"data_set_value_component_SERCA_variable_a_m2":0.0271023443,"data_set_value_component_SERCA_variable_s2":203.8710694128,"data_set_value_component_SERCA_variable_v_cycle":2.5398600323},{"data_set_value_component_environment_variable_time":0.4,"data_set_value_component_SERCA_variable_k_p1":25900.0,"data_set_value_component_SERCA_variable_k_p2":2540.0,"data_set_value_component_SERCA_variable_k_p3":20.5,"data_set_value_component_SERCA_variable_k_m1":2.0,"data_set_value_component_SERCA_variable_k_m2":67200.0,"data_set_value_component_SERCA_variable_k_m3":149.0,"data_set_value_component_SERCA_variable_kdatp":0.0000772201,"data_set_value_component_SERCA_variable_kdcai":0.9,"data_set_value_component_SERCA_variable_kdcasr":2.24,"data_set_value_component_SERCA_variable_kdh1":0.0000109,"data_set_value_component_SERCA_variable_kdhi":0.00354,"data_set_value_component_SERCA_variable_kdhsr":0.0000000105,"data_set_value_component_SERCA_variable_kdh":0.0000724,"data_set_value_component_SERCA_variable_n":2.0,"data_set_value_component_SERCA_variable_Ca_i":0.001,"data_set_value_component_SERCA_variable_Ca_sr":1.0,"data_set_value_component_SERCA_variable_H_i":0.0001,"data_set_value_component_SERCA_variable_ATP":0.05,"data_set_value_component_SERCA_variable_ADP":0.02,"data_set_value_component_SERCA_variable_P_i":1.0,"data_set_value_component_SERCA_variable_T_ATP":647.5,"data_set_value_component_SERCA_variable_T_Cai":0.0011111111,"data_set_value_component_SERCA_variable_T_Casr":0.4464285714,"data_set_value_component_SERCA_variable_T_H1":9.1743119266,"data_set_value_component_SERCA_variable_T_Hi":0.0000028249,"data_set_value_component_SERCA_variable_T_Hsr":0.9523809524,"data_set_value_component_SERCA_variable_T_H":1.3812154696,"data_set_value_component_SERCA_variable_a_p1":104.5967302926,"data_set_value_component_SERCA_variable_a_p2":4.9750887017,"data_set_value_component_SERCA_variable_a_m1":94.2759531972,"data_set_value_component_SERCA_variable_a_m2":0.0216826642,"data_set_value_component_SERCA_variable_s2":203.8694548557,"data_set_value_component_SERCA_variable_v_cycle":2.5424792431},{"data_set_value_component_environment_variable_time":0.5,"data_set_value_component_SERCA_variable_k_p1":25900.0,"data_set_value_component_SERCA_variable_k_p2":2540.0,"data_set_value_component_SERCA_variable_k_p3":20.5,"data_set_value_component_SERCA_variable_k_m1":2.0,"data_set_value_component_SERCA_variable_k_m2":67200.0,"data_set_value_component_SERCA_variable_k_m3":149.0,"data_set_value_component_SERCA_variable_kdatp":0.0000772201,"data_set_value_component_SERCA_variable_kdcai":0.9,"data_set_value_component_SERCA_variable_kdcasr":2.24,"data_set_value_component_SERCA_variable_kdh1":0.0000109,"data_set_value_component_SERCA_variable_kdhi":0.00354,"data_set_value_component_SERCA_variable_kdhsr":0.0000000105,"data_set_value_component_SERCA_variable_kdh":0.0000724,"data_set_value_component_SERCA_variable_n":2.0,"data_set_value_component_SERCA_variable_Ca_i":0.001,"data_set_value_component_SERCA_variable_Ca_sr":1.0,"data_set_value_component_SERCA_variable_H_i":0.0001,"data_set_value_component_SERCA_variable_ATP":0.06,"data_set_value_component_SERCA_variable_ADP":0.02,"data_set_value_component_SERCA_variable_P_i":1.0,"data_set_value_component_SERCA_variable_T_ATP":777.0,"data_set_value_component_SERCA_variable_T_Cai":0.0011111111,"data_set_value_component_SERCA_variable_T_Casr":0.4464285714,"data_set_value_component_SERCA_variable_T_H1":9.1743119266,"data_set_value_component_SERCA_variable_T_Hi":0.0000028249,"data_set_value_component_SERCA_variable_T_Hsr":0.9523809524,"data_set_value_component_SERCA_variable_T_H":1.3812154696,"data_set_value_component_SERCA_variable_a_p1":104.599267195,"data_set_value_component_SERCA_variable_a_p2":4.9750887017,"data_set_value_component_SERCA_variable_a_m1":94.2759531972,"data_set_value_component_SERCA_variable_a_m2":0.0180693251,"data_set_value_component_SERCA_variable_s2":203.8683784191,"data_set_value_component_SERCA_variable_v_cycle":2.5442255126},{"data_set_value_component_environment_variable_time":0.6,"data_set_value_component_SERCA_variable_k_p1":25900.0,"data_set_value_component_SERCA_variable_k_p2":2540.0,"data_set_value_component_SERCA_variable_k_p3":20.5,"data_set_value_component_SERCA_variable_k_m1":2.0,"data_set_value_component_SERCA_variable_k_m2":67200.0,"data_set_value_component_SERCA_variable_k_m3":149.0,"data_set_value_component_SERCA_variable_kdatp":0.0000772201,"data_set_value_component_SERCA_variable_kdcai":0.9,"data_set_value_component_SERCA_variable_kdcasr":2.24,"data_set_value_component_SERCA_variable_kdh1":0.0000109,"data_set_value_component_SERCA_variable_kdhi":0.00354,"data_set_value_component_SERCA_variable_kdhsr":0.0000000105,"data_set_value_component_SERCA_variable_kdh":0.0000724,"data_set_value_component_SERCA_variable_n":2.0,"data_set_value_component_SERCA_variable_Ca_i":0.001,"data_set_value_component_SERCA_variable_Ca_sr":1.0,"data_set_value_component_SERCA_variable_H_i":0.0001,"data_set_value_component_SERCA_variable_ATP":0.07,"data_set_value_component_SERCA_variable_ADP":0.02,"data_set_value_component_SERCA_variable_P_i":1.0,"data_set_value_component_SERCA_variable_T_ATP":906.5,"data_set_value_component_SERCA_variable_T_Cai":0.0011111111,"data_set_value_component_SERCA_variable_T_Casr":0.4464285714,"data_set_value_component_SERCA_variable_T_H1":9.1743119266,"data_set_value_component_SERCA_variable_T_Hi":0.0000028249,"data_set_value_component_SERCA_variable_T_Hsr":0.9523809524,"data_set_value_component_SERCA_variable_T_H":1.3812154696,"data_set_value_component_SERCA_variable_a_p1":104.6010793435,"data_set_value_component_SERCA_variable_a_p2":4.9750887017,"data_set_value_component_SERCA_variable_a_m1":94.2759531972,"data_set_value_component_SERCA_variable_a_m2":0.0154882613,"data_set_value_component_SERCA_variable_s2":203.8676095037,"data_set_value_component_SERCA_variable_v_cycle":2.5454729111},{"data_set_value_component_environment_variable_time":0.7,"data_set_value_component_SERCA_variable_k_p1":25900.0,"data_set_value_component_SERCA_variable_k_p2":2540.0,"data_set_value_component_SERCA_variable_k_p3":20.5,"data_set_value_component_SERCA_variable_k_m1":2.0,"data_set_value_component_SERCA_variable_k_m2":67200.0,"data_set_value_component_SERCA_variable_k_m3":149.0,"data_set_value_component_SERCA_variable_kdatp":0.0000772201,"data_set_value_component_SERCA_variable_kdcai":0.9,"data_set_value_component_SERCA_variable_kdcasr":2.24,"data_set_value_component_SERCA_variable_kdh1":0.0000109,"data_set_value_component_SERCA_variable_kdhi":0.00354,"data_set_value_component_SERCA_variable_kdhsr":0.0000000105,"data_set_value_component_SERCA_variable_kdh":0.0000724,"data_set_value_component_SERCA_variable_n":2.0,"data_set_value_component_SERCA_variable_Ca_i":0.001,"data_set_value_component_SERCA_variable_Ca_sr":1.0,"data_set_value_component_SERCA_variable_H_i":0.0001,"data_set_value_component_SERCA_variable_ATP":0.08,"data_set_value_component_SERCA_variable_ADP":0.02,"data_set_value_component_SERCA_variable_P_i":1.0,"data_set_value_component_SERCA_variable_T_ATP":1036.0,"data_set_value_component_SERCA_variable_T_Cai":0.0011111111,"data_set_value_component_SERCA_variable_T_Casr":0.4464285714,"data_set_value_component_SERCA_variable_T_H1":9.1743119266,"data_set_value_component_SERCA_variable_T_Hi":0.0000028249,"data_set_value_component_SERCA_variable_T_Hsr":0.9523809524,"data_set_value_component_SERCA_variable_T_H":1.3812154696,"data_set_value_component_SERCA_variable_a_p1":104.6024384961,"data_set_value_component_SERCA_variable_a_p2":4.9750887017,"data_set_value_component_SERCA_variable_a_m1":94.2759531972,"data_set_value_component_SERCA_variable_a_m2":0.0135524047,"data_set_value_component_SERCA_variable_s2":203.8670327998,"data_set_value_component_SERCA_variable_v_cycle":2.5464084945},{"data_set_value_component_environment_variable_time":0.8,"data_set_value_component_SERCA_variable_k_p1":25900.0,"data_set_value_component_SERCA_variable_k_p2":2540.0,"data_set_value_component_SERCA_variable_k_p3":20.5,"data_set_value_component_SERCA_variable_k_m1":2.0,"data_set_value_component_SERCA_variable_k_m2":67200.0,"data_set_value_component_SERCA_variable_k_m3":149.0,"data_set_value_component_SERCA_variable_kdatp":0.0000772201,"data_set_value_component_SERCA_variable_kdcai":0.9,"data_set_value_component_SERCA_variable_kdcasr":2.24,"data_set_value_component_SERCA_variable_kdh1":0.0000109,"data_set_value_component_SERCA_variable_kdhi":0.00354,"data_set_value_component_SERCA_variable_kdhsr":0.0000000105,"data_set_value_component_SERCA_variable_kdh":0.0000724,"data_set_value_component_SERCA_variable_n":2.0,"data_set_value_component_SERCA_variable_Ca_i":0.001,"data_set_value_component_SERCA_variable_Ca_sr":1.0,"data_set_value_component_SERCA_variable_H_i":0.0001,"data_set_value_component_SERCA_variable_ATP":0.09,"data_set_value_component_SERCA_variable_ADP":0.02,"data_set_value_component_SERCA_variable_P_i":1.0,"data_set_value_component_SERCA_variable_T_ATP":1165.5,"data_set_value_component_SERCA_variable_T_Cai":0.0011111111,"data_set_value_component_SERCA_variable_T_Casr":0.4464285714,"data_set_value_component_SERCA_variable_T_H1":9.1743119266,"data_set_value_component_SERCA_variable_T_Hi":0.0000028249,"data_set_value_component_SERCA_variable_T_Hsr":0.9523809524,"data_set_value_component_SERCA_variable_T_H":1.3812154696,"data_set_value_component_SERCA_variable_a_p1":104.6034956393,"data_set_value_component_SERCA_variable_a_p2":4.9750887017,"data_set_value_component_SERCA_variable_a_m1":94.2759531972,"data_set_value_component_SERCA_variable_a_m2":0.0120467037,"data_set_value_component_SERCA_variable_s2":203.8665842419,"data_set_value_component_SERCA_variable_v_cycle":2.5471361909},{"data_set_value_component_environment_variable_time":0.9,"data_set_value_component_SERCA_variable_k_p1":25900.0,"data_set_value_component_SERCA_variable_k_p2":2540.0,"data_set_value_component_SERCA_variable_k_p3":20.5,"data_set_value_component_SERCA_variable_k_m1":2.0,"data_set_value_component_SERCA_variable_k_m2":67200.0,"data_set_value_component_SERCA_variable_k_m3":149.0,"data_set_value_component_SERCA_variable_kdatp":0.0000772201,"data_set_value_component_SERCA_variable_kdcai":0.9,"data_set_value_component_SERCA_variable_kdcasr":2.24,"data_set_value_component_SERCA_variable_kdh1":0.0000109,"data_set_value_component_SERCA_variable_kdhi":0.00354,"data_set_value_component_SERCA_variable_kdhsr":0.0000000105,"data_set_value_component_SERCA_variable_kdh":0.0000724,"data_set_value_component_SERCA_variable_n":2.0,"data_set_value_component_SERCA_variable_Ca_i":0.001,"data_set_value_component_SERCA_variable_Ca_sr":1.0,"data_set_value_component_SERCA_variable_H_i":0.0001,"data_set_value_component_SERCA_variable_ATP":0.1,"data_set_value_component_SERCA_variable_ADP":0.02,"data_set_value_component_SERCA_variable_P_i":1.0,"data_set_value_component_SERCA_variable_T_ATP":1295.0,"data_set_value_component_SERCA_variable_T_Cai":0.0011111111,"data_set_value_component_SERCA_variable_T_Casr":0.4464285714,"data_set_value_component_SERCA_variable_T_H1":9.1743119266,"data_set_value_component_SERCA_variable_T_Hi":0.0000028249,"data_set_value_component_SERCA_variable_T_Hsr":0.9523809524,"data_set_value_component_SERCA_variable_T_H":1.3812154696,"data_set_value_component_SERCA_variable_a_p1":104.6043413691,"data_set_value_component_SERCA_variable_a_p2":4.9750887017,"data_set_value_component_SERCA_variable_a_m1":94.2759531972,"data_set_value_component_SERCA_variable_a_m2":0.010842121,"data_set_value_component_SERCA_variable_s2":203.866225389,"data_set_value_component_SERCA_variable_v_cycle":2.547718361},{"data_set_value_component_environment_variable_time":1.0,"data_set_value_component_SERCA_variable_k_p1":25900.0,"data_set_value_component_SERCA_variable_k_p2":2540.0,"data_set_value_component_SERCA_variable_k_p3":20.5,"data_set_value_component_SERCA_variable_k_m1":2.0,"data_set_value_component_SERCA_variable_k_m2":67200.0,"data_set_value_component_SERCA_variable_k_m3":149.0,"data_set_value_component_SERCA_variable_kdatp":0.0000772201,"data_set_value_component_SERCA_variable_kdcai":0.9,"data_set_value_component_SERCA_variable_kdcasr":2.24,"data_set_value_component_SERCA_variable_kdh1":0.0000109,"data_set_value_component_SERCA_variable_kdhi":0.00354,"data_set_value_component_SERCA_variable_kdhsr":0.0000000105,"data_set_value_component_SERCA_variable_kdh":0.0000724,"data_set_value_component_SERCA_variable_n":2.0,"data_set_value_component_SERCA_variable_Ca_i":0.001,"data_set_value_component_SERCA_variable_Ca_sr":1.0,"data_set_value_component_SERCA_variable_H_i":0.0001,"data_set_value_component_SERCA_variable_ATP":0.11,"data_set_value_component_SERCA_variable_ADP":0.02,"data_set_value_component_SERCA_variable_P_i":1.0,"data_set_value_component_SERCA_variable_T_ATP":1424.5,"data_set_value_component_SERCA_variable_T_Cai":0.0011111111,"data_set_value_component_SERCA_variable_T_Casr":0.4464285714,"data_set_value_component_SERCA_variable_T_H1":9.1743119266,"data_set_value_component_SERCA_variable_T_Hi":0.0000028249,"data_set_value_component_SERCA_variable_T_Hsr":0.9523809524,"data_set_value_component_SERCA_variable_T_H":1.3812154696,"data_set_value_component_SERCA_variable_a_p1":104.6050333401,"data_set_value_component_SERCA_variable_a_p2":4.9750887017,"data_set_value_component_SERCA_variable_a_m1":94.2759531972,"data_set_value_component_SERCA_variable_a_m2":0.0098565388,"data_set_value_component_SERCA_variable_s2":203.8659317779,"data_set_value_component_SERCA_variable_v_cycle":2.5481946904}]