<?xml version="1.0"?>
<rdf:RDF xmlns:rdf="http://www.w3.org/1999/02/22-rdf-syntax-ns#"><rdf:Description rdf:nodeID="n1"><colour xmlns="http://www.cellml.org/metadata/graphs/1.0#" xml:lang="en">#c2d3e1</colour><variable xmlns="http://www.cellml.org/metadata/graphs/1.0#x-"><rdf:Description rdf:nodeID="n2"/></variable><glyph xmlns="http://www.cellml.org/metadata/graphs/1.0#"><rdf:Description rdf:about="http://www.cellml.org/metadata/graphs/1.0#nonstandard-none"/></glyph><type xmlns="http://www.cellml.org/metadata/graphs/1.0#"><rdf:Description rdf:about="http://www.cellml.org/metadata/graphs/1.0#scatter"/></type><variable xmlns="http://www.cellml.org/metadata/graphs/1.0#y-"><rdf:Description rdf:nodeID="n3"/></variable></rdf:Description><rdf:Description rdf:about="http://www.cellml.org/tools/opencell/splitter/graph_sel_graph1"><activegraph xmlns="http://www.cellml.org/tools/opencell/"><rdf:Description rdf:nodeID="n4"/></activegraph></rdf:Description><rdf:Description rdf:nodeID="n5"><colour xmlns="http://www.cellml.org/metadata/graphs/1.0#" xml:lang="en">#54e59a</colour><variable xmlns="http://www.cellml.org/metadata/graphs/1.0#x-"><rdf:Description rdf:nodeID="n6"/></variable><glyph xmlns="http://www.cellml.org/metadata/graphs/1.0#"><rdf:Description rdf:about="http://www.cellml.org/metadata/graphs/1.0#nonstandard-none"/></glyph><type xmlns="http://www.cellml.org/metadata/graphs/1.0#"><rdf:Description rdf:about="http://www.cellml.org/metadata/graphs/1.0#scatter"/></type><variable xmlns="http://www.cellml.org/metadata/graphs/1.0#y-"><rdf:Description rdf:nodeID="n7"/></variable></rdf:Description><rdf:Description rdf:nodeID="n6"><variable xmlns="http://www.cellml.org/metadata/graphs/1.0#"><rdf:Description rdf:about="tran_smith_loiselle_crampin_2009.cellml#environment_time"/></variable></rdf:Description><rdf:Description rdf:nodeID="n8"><rdf:rest><rdf:Description rdf:nodeID="n9"/></rdf:rest><rdf:first><rdf:Description rdf:nodeID="n10"/></rdf:first></rdf:Description><rdf:Description rdf:nodeID="n11"><rdf:first><rdf:Description rdf:nodeID="n12"/></rdf:first></rdf:Description><rdf:Description rdf:about="http://www.cellml.org/tools/opencell/modlayoutsplit"><splitterState_nextWidth xmlns="http://www.cellml.org/tools/pcenv/" xml:lang="en">1197</splitterState_nextWidth><splitterState_nextWidth xmlns="http://www.cellml.org/tools/opencell/" xml:lang="en">1197</splitterState_nextWidth><splitterState_prevWidth xmlns="http://www.cellml.org/tools/opencell/" xml:lang="en">61</splitterState_prevWidth><splitterState_collapsedBefore xmlns="http://www.cellml.org/tools/opencell/" xml:lang="en">true</splitterState_collapsedBefore></rdf:Description><rdf:Description rdf:nodeID="n7"><variable xmlns="http://www.cellml.org/metadata/graphs/1.0#"><rdf:Description rdf:about="tran_smith_loiselle_crampin_2009.cellml#SERCA_a_p1"/></variable></rdf:Description><rdf:Description rdf:about="http://www.cellml.org/tools/pcenv/splitter/graph_sel_graph1"><activegraph xmlns="http://www.cellml.org/tools/pcenv/"><rdf:Description rdf:nodeID="n4"/></activegraph></rdf:Description><rdf:Description rdf:nodeID="n13"><variable xmlns="http://www.cellml.org/metadata/graphs/1.0#"><rdf:Description rdf:about="tran_smith_loiselle_crampin_2009.cellml#environment_time"/></variable></rdf:Description><rdf:Description rdf:nodeID="n14"><colour xmlns="http://www.cellml.org/metadata/graphs/1.0#" xml:lang="en">#66ff66</colour><variable xmlns="http://www.cellml.org/metadata/graphs/1.0#x-"><rdf:Description rdf:nodeID="n15"/></variable><glyph xmlns="http://www.cellml.org/metadata/graphs/1.0#"><rdf:Description rdf:about="http://www.cellml.org/metadata/graphs/1.0#nonstandard-none"/></glyph><type xmlns="http://www.cellml.org/metadata/graphs/1.0#"><rdf:Description rdf:about="http://www.cellml.org/metadata/graphs/1.0#scatter"/></type><variable xmlns="http://www.cellml.org/metadata/graphs/1.0#y-"><rdf:Description rdf:nodeID="n16"/></variable></rdf:Description><rdf:Description rdf:about="http://www.cellml.org/tools/pcenv/splitter/graph_key_graph2"><splitterState_collapsedAfter xmlns="http://www.cellml.org/tools/pcenv/" xml:lang="en">true</splitterState_collapsedAfter><splitterState_nextHeight xmlns="http://www.cellml.org/tools/pcenv/" xml:lang="en">0</splitterState_nextHeight></rdf:Description><rdf:Description rdf:about="http://www.cellml.org/tools/pcenv/splitter/intergraph2"><splitterState_collapsedAfter xmlns="http://www.cellml.org/tools/pcenv/" xml:lang="en">true</splitterState_collapsedAfter></rdf:Description><rdf:Description rdf:nodeID="n17"><colour xmlns="http://www.cellml.org/metadata/graphs/1.0#" xml:lang="en">#db2f56</colour><variable xmlns="http://www.cellml.org/metadata/graphs/1.0#x-"><rdf:Description rdf:nodeID="n13"/></variable><glyph xmlns="http://www.cellml.org/metadata/graphs/1.0#"><rdf:Description rdf:about="http://www.cellml.org/metadata/graphs/1.0#nonstandard-none"/></glyph><type xmlns="http://www.cellml.org/metadata/graphs/1.0#"><rdf:Description rdf:about="http://www.cellml.org/metadata/graphs/1.0#scatter"/></type><variable xmlns="http://www.cellml.org/metadata/graphs/1.0#y-"><rdf:Description rdf:nodeID="n18"/></variable></rdf:Description><rdf:Description rdf:nodeID="n12"><rdf:rest><rdf:Description rdf:nodeID="n19"/></rdf:rest><rdf:first><rdf:Description rdf:nodeID="n20"/></rdf:first></rdf:Description><rdf:Description rdf:about="http://www.cellml.org/tools/opencell/splitter/graph_sel_graph2"><activegraph xmlns="http://www.cellml.org/tools/opencell/"><rdf:Description rdf:nodeID="n21"/></activegraph></rdf:Description><rdf:Description rdf:nodeID="n22"><variable xmlns="http://www.cellml.org/metadata/graphs/1.0#"><rdf:Description rdf:about="tran_smith_loiselle_crampin_2009.cellml#environment_time"/></variable></rdf:Description><rdf:Description rdf:nodeID="n9"><rdf:rest><rdf:Description rdf:nodeID="n23"/></rdf:rest><rdf:first><rdf:Description rdf:nodeID="n21"/></rdf:first></rdf:Description><rdf:Description rdf:about="http://www.cellml.org/tools/pcenv/splitter/graphedit"><splitterState_prevWidth xmlns="http://www.cellml.org/tools/pcenv/" xml:lang="en">412</splitterState_prevWidth></rdf:Description><rdf:Description rdf:nodeID="n24"><colour xmlns="http://www.cellml.org/metadata/graphs/1.0#" xml:lang="en">#d34e36</colour><variable xmlns="http://www.cellml.org/metadata/graphs/1.0#x-"><rdf:Description rdf:nodeID="n25"/></variable><glyph xmlns="http://www.cellml.org/metadata/graphs/1.0#"><rdf:Description rdf:about="http://www.cellml.org/metadata/graphs/1.0#nonstandard-none"/></glyph><type xmlns="http://www.cellml.org/metadata/graphs/1.0#"><rdf:Description rdf:about="http://www.cellml.org/metadata/graphs/1.0#scatter"/></type><variable xmlns="http://www.cellml.org/metadata/graphs/1.0#y-"><rdf:Description rdf:nodeID="n26"/></variable></rdf:Description><rdf:Description rdf:about="http://www.cellml.org/tools/opencell/splitter/graph_sel_graph3"><activegraph xmlns="http://www.cellml.org/tools/opencell/"><rdf:Description rdf:nodeID="n10"/></activegraph></rdf:Description><rdf:Description rdf:nodeID="n27"><colour xmlns="http://www.cellml.org/metadata/graphs/1.0#" xml:lang="en">#099999</colour><variable xmlns="http://www.cellml.org/metadata/graphs/1.0#x-"><rdf:Description rdf:nodeID="n28"/></variable><type xmlns="http://www.cellml.org/metadata/graphs/1.0#"><rdf:Description rdf:about="http://www.cellml.org/metadata/graphs/1.0#line"/></type><variable xmlns="http://www.cellml.org/metadata/graphs/1.0#y-"><rdf:Description rdf:nodeID="n29"/></variable></rdf:Description><rdf:Description rdf:nodeID="n30"><rdf:rest><rdf:Description rdf:nodeID="n31"/></rdf:rest><rdf:first><rdf:Description rdf:nodeID="n14"/></rdf:first></rdf:Description><rdf:Description rdf:nodeID="n16"><variable xmlns="http://www.cellml.org/metadata/graphs/1.0#"><rdf:Description rdf:about="tran_smith_loiselle_crampin_2009.cellml#SERCA_H_i"/></variable></rdf:Description><rdf:Description rdf:nodeID="n23"><rdf:rest><rdf:Description rdf:about="http://www.w3.org/1999/02/22-rdf-syntax-ns#nil"/></rdf:rest><rdf:first><rdf:Description rdf:nodeID="n4"/></rdf:first></rdf:Description><rdf:Description rdf:nodeID="n32"><rdf:rest><rdf:Description rdf:about="http://www.w3.org/1999/02/22-rdf-syntax-ns#nil"/></rdf:rest><rdf:first><rdf:Description rdf:nodeID="n27"/></rdf:first></rdf:Description><rdf:Description rdf:about="http://www.cellml.org/tools/opencell/displayGraphs"><rdf:first><rdf:Description rdf:nodeID="n8"/></rdf:first></rdf:Description><rdf:Description rdf:nodeID="n21"><externalurl xmlns="http://www.cellml.org/tools/opencell/" xml:lang="en">tran_2009.xul</externalurl><graphname xmlns="http://www.cellml.org/tools/pcenv/" xml:lang="en">Schematic Diagram: click channels to toggle display of graph traces above</graphname><externalurl xmlns="http://www.cellml.org/tools/pcenv/" xml:lang="en">tran_2009.xul</externalurl><graphname xmlns="http://www.cellml.org/tools/opencell/" xml:lang="en">Schematic Diagram: click channels to toggle display of graph traces above</graphname></rdf:Description><rdf:Description rdf:nodeID="n33"><rdf:first><rdf:Description rdf:nodeID="n32"/></rdf:first></rdf:Description><rdf:Description rdf:about="http://www.cellml.org/tools/pcenv/modlayoutsplit"><splitterState_collapsedBefore xmlns="http://www.cellml.org/tools/pcenv/" xml:lang="en">true</splitterState_collapsedBefore><splitterState_prevWidth xmlns="http://www.cellml.org/tools/pcenv/" xml:lang="en">61</splitterState_prevWidth></rdf:Description><rdf:Description rdf:nodeID="n26"><variable xmlns="http://www.cellml.org/metadata/graphs/1.0#"><rdf:Description rdf:about="tran_smith_loiselle_crampin_2009.cellml#SERCA_P_i"/></variable></rdf:Description><rdf:Description rdf:nodeID="n34"><rdf:rest><rdf:Description rdf:about="http://www.w3.org/1999/02/22-rdf-syntax-ns#nil"/></rdf:rest><rdf:first><rdf:Description rdf:nodeID="n5"/></rdf:first></rdf:Description><rdf:Description rdf:nodeID="n3"><variable xmlns="http://www.cellml.org/metadata/graphs/1.0#"><rdf:Description rdf:about="tran_smith_loiselle_crampin_2009.cellml#SERCA_ADP"/></variable></rdf:Description><rdf:Description rdf:nodeID="n35"><variable xmlns="http://www.cellml.org/metadata/graphs/1.0#"><rdf:Description rdf:about="tran_smith_loiselle_crampin_2009.cellml#SERCA_Ca_i"/></variable></rdf:Description><rdf:Description rdf:about="http://www.cellml.org/tools/pcenv/splitter/graph_key_graph1"><splitterState_collapsedAfter xmlns="http://www.cellml.org/tools/pcenv/" xml:lang="en">true</splitterState_collapsedAfter><splitterState_nextHeight xmlns="http://www.cellml.org/tools/pcenv/" xml:lang="en">0</splitterState_nextHeight></rdf:Description><rdf:Description rdf:about="tran_smith_loiselle_crampin_2009.cellml"><derivedmodels xmlns="http://www.cellml.org/tools/opencell/"><rdf:Description rdf:nodeID="n36"/></derivedmodels><modelname xmlns="http://www.cellml.org/tools/opencell/" xml:lang="en">tran_model_2009</modelname><derivedmodels xmlns="http://www.cellml.org/tools/pcenv/"><rdf:Description rdf:nodeID="n36"/></derivedmodels><modelname xmlns="http://www.cellml.org/tools/pcenv/" xml:lang="en">tran_model_2009</modelname><modelfrozen xmlns="http://www.cellml.org/tools/opencell/" xml:lang="en">true</modelfrozen><modelfrozen xmlns="http://www.cellml.org/tools/pcenv/" xml:lang="en">true</modelfrozen></rdf:Description><rdf:Description rdf:nodeID="n18"><variable xmlns="http://www.cellml.org/metadata/graphs/1.0#"><rdf:Description rdf:about="tran_smith_loiselle_crampin_2009.cellml#SERCA_Ca_sr"/></variable></rdf:Description><rdf:Description rdf:about="http://www.cellml.org/tools/opencell/splitter/graph_key_graph2"><splitterState_collapsedAfter xmlns="http://www.cellml.org/tools/opencell/" xml:lang="en">true</splitterState_collapsedAfter><splitterState_nextHeight xmlns="http://www.cellml.org/tools/opencell/" xml:lang="en">0</splitterState_nextHeight></rdf:Description><rdf:Description rdf:about="http://www.cellml.org/tools/pcenv/splitter/graph_key_graph3"><splitterState_collapsedAfter xmlns="http://www.cellml.org/tools/pcenv/" xml:lang="en">true</splitterState_collapsedAfter><splitterState_nextHeight xmlns="http://www.cellml.org/tools/pcenv/" xml:lang="en">0</splitterState_nextHeight></rdf:Description><rdf:Description rdf:about="http://www.cellml.org/tools/pcenv/splitter/graph_sel_graph3"><activegraph xmlns="http://www.cellml.org/tools/pcenv/"><rdf:Description rdf:nodeID="n10"/></activegraph></rdf:Description><rdf:Description rdf:about="http://www.cellml.org/tools/opencell/splitter/graph_key_graph3"><splitterState_collapsedAfter xmlns="http://www.cellml.org/tools/opencell/" xml:lang="en">true</splitterState_collapsedAfter><splitterState_nextHeight xmlns="http://www.cellml.org/tools/opencell/" xml:lang="en">0</splitterState_nextHeight></rdf:Description><rdf:Description rdf:nodeID="n25"><variable xmlns="http://www.cellml.org/metadata/graphs/1.0#"><rdf:Description rdf:about="tran_smith_loiselle_crampin_2009.cellml#environment_time"/></variable></rdf:Description><rdf:Description rdf:about="http://www.cellml.org/tools/opencell/splitter/intergraph2"><splitterState_collapsedAfter xmlns="http://www.cellml.org/tools/opencell/" xml:lang="en">true</splitterState_collapsedAfter></rdf:Description><rdf:Description rdf:about="http://www.cellml.org/tools/pcenv/displayGraphs"><rdf:first><rdf:Description rdf:nodeID="n8"/></rdf:first></rdf:Description><rdf:Description rdf:nodeID="n37"><rdf:rest><rdf:Description rdf:nodeID="n38"/></rdf:rest><rdf:first><rdf:Description rdf:nodeID="n39"/></rdf:first></rdf:Description><rdf:Description rdf:nodeID="n19"><rdf:rest><rdf:Description rdf:nodeID="n37"/></rdf:rest><rdf:first><rdf:Description rdf:nodeID="n17"/></rdf:first></rdf:Description><rdf:Description rdf:nodeID="n39"><colour xmlns="http://www.cellml.org/metadata/graphs/1.0#" xml:lang="en">#c24d7d</colour><variable xmlns="http://www.cellml.org/metadata/graphs/1.0#x-"><rdf:Description rdf:nodeID="n22"/></variable><glyph xmlns="http://www.cellml.org/metadata/graphs/1.0#"><rdf:Description rdf:about="http://www.cellml.org/metadata/graphs/1.0#nonstandard-none"/></glyph><type xmlns="http://www.cellml.org/metadata/graphs/1.0#"><rdf:Description rdf:about="http://www.cellml.org/metadata/graphs/1.0#scatter"/></type><variable xmlns="http://www.cellml.org/metadata/graphs/1.0#y-"><rdf:Description rdf:nodeID="n40"/></variable></rdf:Description><rdf:Description rdf:nodeID="n31"><rdf:rest><rdf:Description rdf:nodeID="n34"/></rdf:rest><rdf:first><rdf:Description rdf:nodeID="n24"/></rdf:first></rdf:Description><rdf:Description rdf:about="http://www.cellml.org/tools/opencell/splitter/graph_key_graph1"><splitterState_collapsedAfter xmlns="http://www.cellml.org/tools/opencell/" xml:lang="en">true</splitterState_collapsedAfter><splitterState_nextHeight xmlns="http://www.cellml.org/tools/opencell/" xml:lang="en">0</splitterState_nextHeight></rdf:Description><rdf:Description rdf:nodeID="n20"><colour xmlns="http://www.cellml.org/metadata/graphs/1.0#" xml:lang="en">#099999</colour><variable xmlns="http://www.cellml.org/metadata/graphs/1.0#x-"><rdf:Description rdf:nodeID="n41"/></variable><glyph xmlns="http://www.cellml.org/metadata/graphs/1.0#"><rdf:Description rdf:about="http://www.cellml.org/metadata/graphs/1.0#nonstandard-none"/></glyph><type xmlns="http://www.cellml.org/metadata/graphs/1.0#"><rdf:Description rdf:about="http://www.cellml.org/metadata/graphs/1.0#scatter"/></type><variable xmlns="http://www.cellml.org/metadata/graphs/1.0#y-"><rdf:Description rdf:nodeID="n35"/></variable></rdf:Description><rdf:Description rdf:about="http://www.cellml.org/tools/opencell/loadedModels"><rdf:_1><rdf:Description rdf:about="tran_smith_loiselle_crampin_2009.cellml"/></rdf:_1></rdf:Description><rdf:Description rdf:nodeID="n2"><variable xmlns="http://www.cellml.org/metadata/graphs/1.0#"><rdf:Description rdf:about="tran_smith_loiselle_crampin_2009.cellml#environment_time"/></variable></rdf:Description><rdf:Description rdf:about="http://www.cellml.org/tools/opencell/splitter/graphedit"><splitterState_nextWidth xmlns="http://www.cellml.org/tools/pcenv/" xml:lang="en">849</splitterState_nextWidth><splitterState_nextWidth xmlns="http://www.cellml.org/tools/opencell/" xml:lang="en">849</splitterState_nextWidth><splitterState_prevWidth xmlns="http://www.cellml.org/tools/opencell/" xml:lang="en">412</splitterState_prevWidth></rdf:Description><rdf:Description rdf:nodeID="n38"><rdf:rest><rdf:Description rdf:nodeID="n30"/></rdf:rest><rdf:first><rdf:Description rdf:nodeID="n1"/></rdf:first></rdf:Description><rdf:Description rdf:nodeID="n10"><scaling xmlns="http://www.cellml.org/metadata/graphs/1.0#y-"><rdf:Description rdf:about="http://www.cellml.org/metadata/graphs/1.0#identity"/></scaling><scaling xmlns="http://www.cellml.org/metadata/graphs/1.0#x-"><rdf:Description rdf:about="http://www.cellml.org/metadata/graphs/1.0#identity"/></scaling><graphname xmlns="http://www.cellml.org/tools/pcenv/" xml:lang="en">Untitled</graphname><decoration xmlns="http://www.cellml.org/metadata/graphs/1.0#"><rdf:Description rdf:about="http://www.cellml.org/metadata/graphs/1.0#none"/></decoration><traces xmlns="http://www.cellml.org/metadata/graphs/1.0#"><rdf:Description rdf:nodeID="n33"/></traces><graphname xmlns="http://www.cellml.org/tools/opencell/" xml:lang="en">Untitled</graphname></rdf:Description><rdf:Description rdf:nodeID="n15"><variable xmlns="http://www.cellml.org/metadata/graphs/1.0#"><rdf:Description rdf:about="tran_smith_loiselle_crampin_2009.cellml#environment_time"/></variable></rdf:Description><rdf:Description rdf:about="http://www.cellml.org/tools/pcenv/loadedModels"><rdf:_2><rdf:Description rdf:about="tran_smith_loiselle_crampin_2009.cellml"/></rdf:_2></rdf:Description><rdf:Description rdf:nodeID="n40"><variable xmlns="http://www.cellml.org/metadata/graphs/1.0#"><rdf:Description rdf:about="tran_smith_loiselle_crampin_2009.cellml#SERCA_ATP"/></variable></rdf:Description><rdf:Description rdf:nodeID="n4"><scaling xmlns="http://www.cellml.org/metadata/graphs/1.0#y-"><rdf:Description rdf:about="http://www.cellml.org/metadata/graphs/1.0#identity"/></scaling><scaling xmlns="http://www.cellml.org/metadata/graphs/1.0#x-"><rdf:Description rdf:about="http://www.cellml.org/metadata/graphs/1.0#identity"/></scaling><graphname xmlns="http://www.cellml.org/tools/pcenv/" xml:lang="en">Traces: Clickable Elements against Time</graphname><decoration xmlns="http://www.cellml.org/metadata/graphs/1.0#"><rdf:Description rdf:about="http://www.cellml.org/metadata/graphs/1.0#none"/></decoration><traces xmlns="http://www.cellml.org/metadata/graphs/1.0#"><rdf:Description rdf:nodeID="n11"/></traces><graphname xmlns="http://www.cellml.org/tools/opencell/" xml:lang="en">Traces: Clickable Elements against Time</graphname></rdf:Description><rdf:Description rdf:nodeID="n41"><variable xmlns="http://www.cellml.org/metadata/graphs/1.0#"><rdf:Description rdf:about="tran_smith_loiselle_crampin_2009.cellml#environment_time"/></variable></rdf:Description><rdf:Description rdf:about="http://www.cellml.org/tools/pcenv/splitter/graph_sel_graph2"><activegraph xmlns="http://www.cellml.org/tools/pcenv/"><rdf:Description rdf:nodeID="n21"/></activegraph></rdf:Description></rdf:RDF>