[{"data_set_value_component_environment_variable_time":0.0,"data_set_value_component_y0_variable_y0":0.4,"data_set_value_component_y0_variable_g0":-0.1376555332,"data_set_value_component_y0_variable_r0":0.2656560625,"data_set_value_component_y0_variable_h0":-0.518172,"data_set_value_component_y0_variable_S0":0.01,"data_set_value_component_y1_variable_y1":1.4,"data_set_value_component_y1_variable_g1":-0.050956,"data_set_value_component_y1_variable_r1":1.0,"data_set_value_component_y1_variable_h1":-0.050956,"data_set_value_component_y1_variable_S1":0.01,"data_set_value_component_y2_variable_y2":1.17,"data_set_value_component_y2_variable_g2":-0.01363775,"data_set_value_component_y2_variable_r2":1.0,"data_set_value_component_y2_variable_h2":-0.01363775,"data_set_value_component_y2_variable_S2":0.01,"data_set_value_component_y3_variable_y3":0.95,"data_set_value_component_y3_variable_g3":0.0019532393,"data_set_value_component_y3_variable_r3":1.0,"data_set_value_component_y3_variable_h3":0.0019532393,"data_set_value_component_y3_variable_S3":0.01,"data_set_value_component_y4_variable_y4":0.65,"data_set_value_component_y4_variable_g4":0.0000696766,"data_set_value_component_y4_variable_r4":1.0,"data_set_value_component_y4_variable_h4":0.0000696766,"data_set_value_component_y4_variable_S4":0.01,"data_set_value_component_model_parameters_variable_a00":-0.00843,"data_set_value_component_model_parameters_variable_a02":-0.44,"data_set_value_component_model_parameters_variable_a10":0.082,"data_set_value_component_model_parameters_variable_a11":-0.004,"data_set_value_component_model_parameters_variable_a12":-0.0668,"data_set_value_component_model_parameters_variable_a20":0.0,"data_set_value_component_model_parameters_variable_a21":0.031,"data_set_value_component_model_parameters_variable_a22":-0.0957,"data_set_value_component_model_parameters_variable_a23":0.0576,"data_set_value_component_model_parameters_variable_a24":0.000325,"data_set_value_component_model_parameters_variable_a32":0.00869,"data_set_value_component_model_parameters_variable_a33":-0.00857,"data_set_value_component_model_parameters_variable_a42":0.000139,"data_set_value_component_model_parameters_variable_a44":-0.000143,"data_set_value_component_model_parameters_variable_c0":0.443,"data_set_value_component_model_parameters_variable_e0":0.0,"data_set_value_component_model_parameters_variable_e1":0.0,"data_set_value_component_model_parameters_variable_e2":0.0,"data_set_value_component_model_parameters_variable_epsilon":0.5},{"data_set_value_component_environment_variable_time":0.1,"data_set_value_component_y0_variable_y0":0.4254970152,"data_set_value_component_y0_variable_g0":-0.2419994317,"data_set_value_component_y0_variable_r0":0.4673729333,"data_set_value_component_y0_variable_h0":-0.5177865779,"data_set_value_component_y0_variable_S0":0.01,"data_set_value_component_y1_variable_y1":1.3950216773,"data_set_value_component_y1_variable_g1":-0.0487541856,"data_set_value_component_y1_variable_r1":1.0,"data_set_value_component_y1_variable_h1":-0.0487541856,"data_set_value_component_y1_variable_S1":0.01,"data_set_value_component_y2_variable_y2":1.168635541,"data_set_value_component_y2_variable_g2":-0.0136502814,"data_set_value_component_y2_variable_r2":1.0,"data_set_value_component_y2_variable_h2":-0.0136502814,"data_set_value_component_y2_variable_S2":0.01,"data_set_value_component_y3_variable_y3":0.950194716,"data_set_value_component_y3_variable_g3":0.0019410784,"data_set_value_component_y3_variable_r3":1.0,"data_set_value_component_y3_variable_h3":0.0019410784,"data_set_value_component_y3_variable_S3":0.01,"data_set_value_component_y4_variable_y4":0.6500069581,"data_set_value_component_y4_variable_g4":0.000069486,"data_set_value_component_y4_variable_r4":1.0,"data_set_value_component_y4_variable_h4":0.000069486,"data_set_value_component_y4_variable_S4":0.01,"data_set_value_component_model_parameters_variable_a00":-0.00843,"data_set_value_component_model_parameters_variable_a02":-0.44,"data_set_value_component_model_parameters_variable_a10":0.082,"data_set_value_component_model_parameters_variable_a11":-0.004,"data_set_value_component_model_parameters_variable_a12":-0.0668,"data_set_value_component_model_parameters_variable_a20":0.0,"data_set_value_component_model_parameters_variable_a21":0.031,"data_set_value_component_model_parameters_variable_a22":-0.0957,"data_set_value_component_model_parameters_variable_a23":0.0576,"data_set_value_component_model_parameters_variable_a24":0.000325,"data_set_value_component_model_parameters_variable_a32":0.00869,"data_set_value_component_model_parameters_variable_a33":-0.00857,"data_set_value_component_model_parameters_variable_a42":0.000139,"data_set_value_component_model_parameters_variable_a44":-0.000143,"data_set_value_component_model_parameters_variable_c0":0.443,"data_set_value_component_model_parameters_variable_e0":0.0,"data_set_value_component_model_parameters_variable_e1":0.0,"data_set_value_component_model_parameters_variable_e2":0.0,"data_set_value_component_model_parameters_variable_epsilon":0.5},{"data_set_value_component_environment_variable_time":0.2,"data_set_value_component_y0_variable_y0":0.4405034206,"data_set_value_component_y0_variable_g0":-0.3380234134,"data_set_value_component_y0_variable_r0":0.6534223403,"data_set_value_component_y0_variable_h0":-0.5173122995,"data_set_value_component_y0_variable_S0":0.01,"data_set_value_component_y1_variable_y1":1.390219929,"data_set_value_component_y1_variable_g1":-0.0474132437,"data_set_value_component_y1_variable_r1":1.0,"data_set_value_component_y1_variable_h1":-0.0474132437,"data_set_value_component_y1_variable_S1":0.01,"data_set_value_component_y2_variable_y2":1.1672701264,"data_set_value_component_y2_variable_g2":-0.0136573176,"data_set_value_component_y2_variable_r2":1.0,"data_set_value_component_y2_variable_h2":-0.0136573176,"data_set_value_component_y2_variable_S2":0.01,"data_set_value_component_y3_variable_y3":0.9503882152,"data_set_value_component_y3_variable_g3":0.0019289034,"data_set_value_component_y3_variable_r3":1.0,"data_set_value_component_y3_variable_h3":0.0019289034,"data_set_value_component_y3_variable_S3":0.01,"data_set_value_component_y4_variable_y4":0.6500138972,"data_set_value_component_y4_variable_g4":0.0000692952,"data_set_value_component_y4_variable_r4":1.0,"data_set_value_component_y4_variable_h4":0.0000692952,"data_set_value_component_y4_variable_S4":0.01,"data_set_value_component_model_parameters_variable_a00":-0.00843,"data_set_value_component_model_parameters_variable_a02":-0.44,"data_set_value_component_model_parameters_variable_a10":0.082,"data_set_value_component_model_parameters_variable_a11":-0.004,"data_set_value_component_model_parameters_variable_a12":-0.0668,"data_set_value_component_model_parameters_variable_a20":0.0,"data_set_value_component_model_parameters_variable_a21":0.031,"data_set_value_component_model_parameters_variable_a22":-0.0957,"data_set_value_component_model_parameters_variable_a23":0.0576,"data_set_value_component_model_parameters_variable_a24":0.000325,"data_set_value_component_model_parameters_variable_a32":0.00869,"data_set_value_component_model_parameters_variable_a33":-0.00857,"data_set_value_component_model_parameters_variable_a42":0.000139,"data_set_value_component_model_parameters_variable_a44":-0.000143,"data_set_value_component_model_parameters_variable_c0":0.443,"data_set_value_component_model_parameters_variable_e0":0.0,"data_set_value_component_model_parameters_variable_e1":0.0,"data_set_value_component_model_parameters_variable_e2":0.0,"data_set_value_component_model_parameters_variable_epsilon":0.5},{"data_set_value_component_environment_variable_time":0.3,"data_set_value_component_y0_variable_y0":0.4479160089,"data_set_value_component_y0_variable_g0":-0.3932469432,"data_set_value_component_y0_variable_r0":0.7609653692,"data_set_value_component_y0_variable_h0":-0.5167737706,"data_set_value_component_y0_variable_S0":0.01,"data_set_value_component_y1_variable_y1":1.3855182747,"data_set_value_component_y1_variable_g1":-0.0466953595,"data_set_value_component_y1_variable_r1":1.0,"data_set_value_component_y1_variable_h1":-0.0466953595,"data_set_value_component_y1_variable_S1":0.01,"data_set_value_component_y2_variable_y2":1.1659041788,"data_set_value_component_y2_variable_g2":-0.01366127,"data_set_value_component_y2_variable_r2":1.0,"data_set_value_component_y2_variable_h2":-0.01366127,"data_set_value_component_y2_variable_S2":0.01,"data_set_value_component_y3_variable_y3":0.9505804963,"data_set_value_component_y3_variable_g3":0.0019167176,"data_set_value_component_y3_variable_r3":1.0,"data_set_value_component_y3_variable_h3":0.0019167176,"data_set_value_component_y3_variable_S3":0.01,"data_set_value_component_y4_variable_y4":0.6500208172,"data_set_value_component_y4_variable_g4":0.0000691044,"data_set_value_component_y4_variable_r4":1.0,"data_set_value_component_y4_variable_h4":0.0000691044,"data_set_value_component_y4_variable_S4":0.01,"data_set_value_component_model_parameters_variable_a00":-0.00843,"data_set_value_component_model_parameters_variable_a02":-0.44,"data_set_value_component_model_parameters_variable_a10":0.082,"data_set_value_component_model_parameters_variable_a11":-0.004,"data_set_value_component_model_parameters_variable_a12":-0.0668,"data_set_value_component_model_parameters_variable_a20":0.0,"data_set_value_component_model_parameters_variable_a21":0.031,"data_set_value_component_model_parameters_variable_a22":-0.0957,"data_set_value_component_model_parameters_variable_a23":0.0576,"data_set_value_component_model_parameters_variable_a24":0.000325,"data_set_value_component_model_parameters_variable_a32":0.00869,"data_set_value_component_model_parameters_variable_a33":-0.00857,"data_set_value_component_model_parameters_variable_a42":0.000139,"data_set_value_component_model_parameters_variable_a44":-0.000143,"data_set_value_component_model_parameters_variable_c0":0.443,"data_set_value_component_model_parameters_variable_e0":0.0,"data_set_value_component_model_parameters_variable_e1":0.0,"data_set_value_component_model_parameters_variable_e2":0.0,"data_set_value_component_model_parameters_variable_epsilon":0.5},{"data_set_value_component_environment_variable_time":0.4,"data_set_value_component_y0_variable_y0":0.4514207711,"data_set_value_component_y0_variable_g0":-0.4192995814,"data_set_value_component_y0_variable_r0":0.8122778445,"data_set_value_component_y0_variable_h0":-0.5162021644,"data_set_value_component_y0_variable_S0":0.01,"data_set_value_component_y1_variable_y1":1.3808703709,"data_set_value_component_y1_variable_g1":-0.0462981117,"data_set_value_component_y1_variable_r1":1.0,"data_set_value_component_y1_variable_h1":-0.0462981117,"data_set_value_component_y1_variable_S1":0.01,"data_set_value_component_y2_variable_y2":1.1645379256,"data_set_value_component_y2_variable_g2":-0.0136635972,"data_set_value_component_y2_variable_r2":1.0,"data_set_value_component_y2_variable_h2":-0.0136635972,"data_set_value_component_y2_variable_S2":0.01,"data_set_value_component_y3_variable_y3":0.9507715584,"data_set_value_component_y3_variable_g3":0.0019045229,"data_set_value_component_y3_variable_r3":1.0,"data_set_value_component_y3_variable_h3":0.0019045229,"data_set_value_component_y3_variable_S3":0.01,"data_set_value_component_y4_variable_y4":0.6500277181,"data_set_value_component_y4_variable_g4":0.0000689135,"data_set_value_component_y4_variable_r4":1.0,"data_set_value_component_y4_variable_h4":0.0000689135,"data_set_value_component_y4_variable_S4":0.01,"data_set_value_component_model_parameters_variable_a00":-0.00843,"data_set_value_component_model_parameters_variable_a02":-0.44,"data_set_value_component_model_parameters_variable_a10":0.082,"data_set_value_component_model_parameters_variable_a11":-0.004,"data_set_value_component_model_parameters_variable_a12":-0.0668,"data_set_value_component_model_parameters_variable_a20":0.0,"data_set_value_component_model_parameters_variable_a21":0.031,"data_set_value_component_model_parameters_variable_a22":-0.0957,"data_set_value_component_model_parameters_variable_a23":0.0576,"data_set_value_component_model_parameters_variable_a24":0.000325,"data_set_value_component_model_parameters_variable_a32":0.00869,"data_set_value_component_model_parameters_variable_a33":-0.00857,"data_set_value_component_model_parameters_variable_a42":0.000139,"data_set_value_component_model_parameters_variable_a44":-0.000143,"data_set_value_component_model_parameters_variable_c0":0.443,"data_set_value_component_model_parameters_variable_e0":0.0,"data_set_value_component_model_parameters_variable_e1":0.0,"data_set_value_component_model_parameters_variable_e2":0.0,"data_set_value_component_model_parameters_variable_epsilon":0.5},{"data_set_value_component_environment_variable_time":0.5,"data_set_value_component_y0_variable_y0":0.4531134213,"data_set_value_component_y0_variable_g0":-0.4313425005,"data_set_value_component_y0_variable_r0":0.8365589285,"data_set_value_component_y0_variable_h0":-0.5156152016,"data_set_value_component_y0_variable_S0":0.01,"data_set_value_component_y1_variable_y1":1.3762537998,"data_set_value_component_y1_variable_g1":-0.0460495702,"data_set_value_component_y1_variable_r1":1.0,"data_set_value_component_y1_variable_h1":-0.0460495702,"data_set_value_component_y1_variable_S1":0.01,"data_set_value_component_y2_variable_y2":1.1631714896,"data_set_value_component_y2_variable_g2":-0.0136650058,"data_set_value_component_y2_variable_r2":1.0,"data_set_value_component_y2_variable_h2":-0.0136650058,"data_set_value_component_y2_variable_S2":0.01,"data_set_value_component_y3_variable_y3":0.9509614006,"data_set_value_component_y3_variable_g3":0.0018923204,"data_set_value_component_y3_variable_r3":1.0,"data_set_value_component_y3_variable_h3":0.0018923204,"data_set_value_component_y3_variable_S3":0.01,"data_set_value_component_y4_variable_y4":0.6500345999,"data_set_value_component_y4_variable_g4":0.0000687227,"data_set_value_component_y4_variable_r4":1.0,"data_set_value_component_y4_variable_h4":0.0000687227,"data_set_value_component_y4_variable_S4":0.01,"data_set_value_component_model_parameters_variable_a00":-0.00843,"data_set_value_component_model_parameters_variable_a02":-0.44,"data_set_value_component_model_parameters_variable_a10":0.082,"data_set_value_component_model_parameters_variable_a11":-0.004,"data_set_value_component_model_parameters_variable_a12":-0.0668,"data_set_value_component_model_parameters_variable_a20":0.0,"data_set_value_component_model_parameters_variable_a21":0.031,"data_set_value_component_model_parameters_variable_a22":-0.0957,"data_set_value_component_model_parameters_variable_a23":0.0576,"data_set_value_component_model_parameters_variable_a24":0.000325,"data_set_value_component_model_parameters_variable_a32":0.00869,"data_set_value_component_model_parameters_variable_a33":-0.00857,"data_set_value_component_model_parameters_variable_a42":0.000139,"data_set_value_component_model_parameters_variable_a44":-0.000143,"data_set_value_component_model_parameters_variable_c0":0.443,"data_set_value_component_model_parameters_variable_e0":0.0,"data_set_value_component_model_parameters_variable_e1":0.0,"data_set_value_component_model_parameters_variable_e2":0.0,"data_set_value_component_model_parameters_variable_epsilon":0.5},{"data_set_value_component_environment_variable_time":0.6,"data_set_value_component_y0_variable_y0":0.4539601498,"data_set_value_component_y0_variable_g0":-0.4370400242,"data_set_value_component_y0_variable_r0":0.8485867058,"data_set_value_component_y0_variable_h0":-0.5150210594,"data_set_value_component_y0_variable_S0":0.01,"data_set_value_component_y1_variable_y1":1.3716581812,"data_set_value_component_y1_variable_g1":-0.0458704707,"data_set_value_component_y1_variable_r1":1.0,"data_set_value_component_y1_variable_h1":-0.0458704707,"data_set_value_component_y1_variable_S1":0.01,"data_set_value_component_y2_variable_y2":1.161804944,"data_set_value_component_y2_variable_g2":-0.0136658248,"data_set_value_component_y2_variable_r2":1.0,"data_set_value_component_y2_variable_h2":-0.0136658248,"data_set_value_component_y2_variable_S2":0.01,"data_set_value_component_y3_variable_y3":0.9511500222,"data_set_value_component_y3_variable_g3":0.0018801108,"data_set_value_component_y3_variable_r3":1.0,"data_set_value_component_y3_variable_h3":0.0018801108,"data_set_value_component_y3_variable_S3":0.01,"data_set_value_component_y4_variable_y4":0.6500414626,"data_set_value_component_y4_variable_g4":0.0000685318,"data_set_value_component_y4_variable_r4":1.0,"data_set_value_component_y4_variable_h4":0.0000685318,"data_set_value_component_y4_variable_S4":0.01,"data_set_value_component_model_parameters_variable_a00":-0.00843,"data_set_value_component_model_parameters_variable_a02":-0.44,"data_set_value_component_model_parameters_variable_a10":0.082,"data_set_value_component_model_parameters_variable_a11":-0.004,"data_set_value_component_model_parameters_variable_a12":-0.0668,"data_set_value_component_model_parameters_variable_a20":0.0,"data_set_value_component_model_parameters_variable_a21":0.031,"data_set_value_component_model_parameters_variable_a22":-0.0957,"data_set_value_component_model_parameters_variable_a23":0.0576,"data_set_value_component_model_parameters_variable_a24":0.000325,"data_set_value_component_model_parameters_variable_a32":0.00869,"data_set_value_component_model_parameters_variable_a33":-0.00857,"data_set_value_component_model_parameters_variable_a42":0.000139,"data_set_value_component_model_parameters_variable_a44":-0.000143,"data_set_value_component_model_parameters_variable_c0":0.443,"data_set_value_component_model_parameters_variable_e0":0.0,"data_set_value_component_model_parameters_variable_e1":0.0,"data_set_value_component_model_parameters_variable_e2":0.0,"data_set_value_component_model_parameters_variable_epsilon":0.5},{"data_set_value_component_environment_variable_time":0.7,"data_set_value_component_y0_variable_y0":0.4544020375,"data_set_value_component_y0_variable_g0":-0.439792856,"data_set_value_component_y0_variable_r0":0.8549237633,"data_set_value_component_y0_variable_h0":-0.5144234783,"data_set_value_component_y0_variable_S0":0.01,"data_set_value_component_y1_variable_y1":1.3670786142,"data_set_value_component_y1_variable_g1":-0.0457246284,"data_set_value_component_y1_variable_r1":1.0,"data_set_value_component_y1_variable_h1":-0.0457246284,"data_set_value_component_y1_variable_S1":0.01,"data_set_value_component_y2_variable_y2":1.160438339,"data_set_value_component_y2_variable_g2":-0.0136662108,"data_set_value_component_y2_variable_r2":1.0,"data_set_value_component_y2_variable_h2":-0.0136662108,"data_set_value_component_y2_variable_S2":0.01,"data_set_value_component_y3_variable_y3":0.9513374225,"data_set_value_component_y3_variable_g3":0.0018678946,"data_set_value_component_y3_variable_r3":1.0,"data_set_value_component_y3_variable_h3":0.0018678946,"data_set_value_component_y3_variable_S3":0.01,"data_set_value_component_y4_variable_y4":0.6500483062,"data_set_value_component_y4_variable_g4":0.0000683408,"data_set_value_component_y4_variable_r4":1.0,"data_set_value_component_y4_variable_h4":0.0000683408,"data_set_value_component_y4_variable_S4":0.01,"data_set_value_component_model_parameters_variable_a00":-0.00843,"data_set_value_component_model_parameters_variable_a02":-0.44,"data_set_value_component_model_parameters_variable_a10":0.082,"data_set_value_component_model_parameters_variable_a11":-0.004,"data_set_value_component_model_parameters_variable_a12":-0.0668,"data_set_value_component_model_parameters_variable_a20":0.0,"data_set_value_component_model_parameters_variable_a21":0.031,"data_set_value_component_model_parameters_variable_a22":-0.0957,"data_set_value_component_model_parameters_variable_a23":0.0576,"data_set_value_component_model_parameters_variable_a24":0.000325,"data_set_value_component_model_parameters_variable_a32":0.00869,"data_set_value_component_model_parameters_variable_a33":-0.00857,"data_set_value_component_model_parameters_variable_a42":0.000139,"data_set_value_component_model_parameters_variable_a44":-0.000143,"data_set_value_component_model_parameters_variable_c0":0.443,"data_set_value_component_model_parameters_variable_e0":0.0,"data_set_value_component_model_parameters_variable_e1":0.0,"data_set_value_component_model_parameters_variable_e2":0.0,"data_set_value_component_model_parameters_variable_epsilon":0.5},{"data_set_value_component_environment_variable_time":0.8,"data_set_value_component_y0_variable_y0":0.4546471632,"data_set_value_component_y0_variable_g0":-0.4411434782,"data_set_value_component_y0_variable_r0":0.8585493888,"data_set_value_component_y0_variable_h0":-0.5138242296,"data_set_value_component_y0_variable_S0":0.01,"data_set_value_component_y1_variable_y1":1.36251273,"data_set_value_component_y1_variable_g1":-0.045594974,"data_set_value_component_y1_variable_r1":1.0,"data_set_value_component_y1_variable_h1":-0.045594974,"data_set_value_component_y1_variable_S1":0.01,"data_set_value_component_y2_variable_y2":1.1590717136,"data_set_value_component_y2_variable_g2":-0.013666241,"data_set_value_component_y2_variable_r2":1.0,"data_set_value_component_y2_variable_h2":-0.013666241,"data_set_value_component_y2_variable_S2":0.01,"data_set_value_component_y3_variable_y3":0.9515236009,"data_set_value_component_y3_variable_g3":0.0018556721,"data_set_value_component_y3_variable_r3":1.0,"data_set_value_component_y3_variable_h3":0.0018556721,"data_set_value_component_y3_variable_S3":0.01,"data_set_value_component_y4_variable_y4":0.6500551308,"data_set_value_component_y4_variable_g4":0.0000681499,"data_set_value_component_y4_variable_r4":1.0,"data_set_value_component_y4_variable_h4":0.0000681499,"data_set_value_component_y4_variable_S4":0.01,"data_set_value_component_model_parameters_variable_a00":-0.00843,"data_set_value_component_model_parameters_variable_a02":-0.44,"data_set_value_component_model_parameters_variable_a10":0.082,"data_set_value_component_model_parameters_variable_a11":-0.004,"data_set_value_component_model_parameters_variable_a12":-0.0668,"data_set_value_component_model_parameters_variable_a20":0.0,"data_set_value_component_model_parameters_variable_a21":0.031,"data_set_value_component_model_parameters_variable_a22":-0.0957,"data_set_value_component_model_parameters_variable_a23":0.0576,"data_set_value_component_model_parameters_variable_a24":0.000325,"data_set_value_component_model_parameters_variable_a32":0.00869,"data_set_value_component_model_parameters_variable_a33":-0.00857,"data_set_value_component_model_parameters_variable_a42":0.000139,"data_set_value_component_model_parameters_variable_a44":-0.000143,"data_set_value_component_model_parameters_variable_c0":0.443,"data_set_value_component_model_parameters_variable_e0":0.0,"data_set_value_component_model_parameters_variable_e1":0.0,"data_set_value_component_model_parameters_variable_e2":0.0,"data_set_value_component_model_parameters_variable_epsilon":0.5},{"data_set_value_component_environment_variable_time":0.9,"data_set_value_component_y0_variable_y0":0.4547947552,"data_set_value_component_y0_variable_g0":-0.4418072641,"data_set_value_component_y0_variable_r0":0.8608465751,"data_set_value_component_y0_variable_h0":-0.5132241643,"data_set_value_component_y0_variable_S0":0.01,"data_set_value_component_y1_variable_y1":1.3579593794,"data_set_value_component_y1_variable_g1":-0.0454733683,"data_set_value_component_y1_variable_r1":1.0,"data_set_value_component_y1_variable_h1":-0.0454733683,"data_set_value_component_y1_variable_S1":0.01,"data_set_value_component_y2_variable_y2":1.1577051012,"data_set_value_component_y2_variable_g2":-0.0136659544,"data_set_value_component_y2_variable_r2":1.0,"data_set_value_component_y2_variable_h2":-0.0136659544,"data_set_value_component_y2_variable_S2":0.01,"data_set_value_component_y3_variable_y3":0.9517085568,"data_set_value_component_y3_variable_g3":0.0018434438,"data_set_value_component_y3_variable_r3":1.0,"data_set_value_component_y3_variable_h3":0.0018434438,"data_set_value_component_y3_variable_S3":0.01,"data_set_value_component_y4_variable_y4":0.6500619362,"data_set_value_component_y4_variable_g4":0.000067959,"data_set_value_component_y4_variable_r4":1.0,"data_set_value_component_y4_variable_h4":0.000067959,"data_set_value_component_y4_variable_S4":0.01,"data_set_value_component_model_parameters_variable_a00":-0.00843,"data_set_value_component_model_parameters_variable_a02":-0.44,"data_set_value_component_model_parameters_variable_a10":0.082,"data_set_value_component_model_parameters_variable_a11":-0.004,"data_set_value_component_model_parameters_variable_a12":-0.0668,"data_set_value_component_model_parameters_variable_a20":0.0,"data_set_value_component_model_parameters_variable_a21":0.031,"data_set_value_component_model_parameters_variable_a22":-0.0957,"data_set_value_component_model_parameters_variable_a23":0.0576,"data_set_value_component_model_parameters_variable_a24":0.000325,"data_set_value_component_model_parameters_variable_a32":0.00869,"data_set_value_component_model_parameters_variable_a33":-0.00857,"data_set_value_component_model_parameters_variable_a42":0.000139,"data_set_value_component_model_parameters_variable_a44":-0.000143,"data_set_value_component_model_parameters_variable_c0":0.443,"data_set_value_component_model_parameters_variable_e0":0.0,"data_set_value_component_model_parameters_variable_e1":0.0,"data_set_value_component_model_parameters_variable_e2":0.0,"data_set_value_component_model_parameters_variable_epsilon":0.5},{"data_set_value_component_environment_variable_time":1.0,"data_set_value_component_y0_variable_y0":0.4548954514,"data_set_value_component_y0_variable_g0":-0.4421422714,"data_set_value_component_y0_variable_r0":0.8625084085,"data_set_value_component_y0_variable_h0":-0.5126237229,"data_set_value_component_y0_variable_S0":0.01,"data_set_value_component_y1_variable_y1":1.3534179493,"data_set_value_component_y1_variable_g1":-0.0453556587,"data_set_value_component_y1_variable_r1":1.0,"data_set_value_component_y1_variable_h1":-0.0453556587,"data_set_value_component_y1_variable_S1":0.01,"data_set_value_component_y2_variable_y2":1.1563385325,"data_set_value_component_y2_variable_g2":-0.0136653729,"data_set_value_component_y2_variable_r2":1.0,"data_set_value_component_y2_variable_h2":-0.0136653729,"data_set_value_component_y2_variable_S2":0.01,"data_set_value_component_y3_variable_y3":0.9518922895,"data_set_value_component_y3_variable_g3":0.00183121,"data_set_value_component_y3_variable_r3":1.0,"data_set_value_component_y3_variable_h3":0.00183121,"data_set_value_component_y3_variable_S3":0.01,"data_set_value_component_y4_variable_y4":0.6500687226,"data_set_value_component_y4_variable_g4":0.0000677681,"data_set_value_component_y4_variable_r4":1.0,"data_set_value_component_y4_variable_h4":0.0000677681,"data_set_value_component_y4_variable_S4":0.01,"data_set_value_component_model_parameters_variable_a00":-0.00843,"data_set_value_component_model_parameters_variable_a02":-0.44,"data_set_value_component_model_parameters_variable_a10":0.082,"data_set_value_component_model_parameters_variable_a11":-0.004,"data_set_value_component_model_parameters_variable_a12":-0.0668,"data_set_value_component_model_parameters_variable_a20":0.0,"data_set_value_component_model_parameters_variable_a21":0.031,"data_set_value_component_model_parameters_variable_a22":-0.0957,"data_set_value_component_model_parameters_variable_a23":0.0576,"data_set_value_component_model_parameters_variable_a24":0.000325,"data_set_value_component_model_parameters_variable_a32":0.00869,"data_set_value_component_model_parameters_variable_a33":-0.00857,"data_set_value_component_model_parameters_variable_a42":0.000139,"data_set_value_component_model_parameters_variable_a44":-0.000143,"data_set_value_component_model_parameters_variable_c0":0.443,"data_set_value_component_model_parameters_variable_e0":0.0,"data_set_value_component_model_parameters_variable_e1":0.0,"data_set_value_component_model_parameters_variable_e2":0.0,"data_set_value_component_model_parameters_variable_epsilon":0.5}]