[{"data_set_value_component_environment_variable_time":0.0,"data_set_value_component_GSH_variable_GSH":1.0,"data_set_value_component_GSH_variable_V":0.00344,"data_set_value_component_GSH_variable_Kms":0.49,"data_set_value_component_GSH_variable_Kmp":0.49,"data_set_value_component_GSH_variable_Kmq":0.49,"data_set_value_component_GSH_variable_Keq":0.49,"data_set_value_component_HTA_variable_HTA":1.0,"data_set_value_component_SDLGSH_variable_SDLGSH":1.0,"data_set_value_component_SDLGSH_variable_V":0.0812,"data_set_value_component_SDLGSH_variable_Kms":0.61,"data_set_value_component_SDLGSH_variable_Kmp":0.61,"data_set_value_component_SDLGSH_variable_Keq":0.61,"data_set_value_component_D_lactate_variable_D_lactate":0.0},{"data_set_value_component_environment_variable_time":0.1,"data_set_value_component_GSH_variable_GSH":1.0001380613,"data_set_value_component_GSH_variable_V":0.00344,"data_set_value_component_GSH_variable_Kms":0.49,"data_set_value_component_GSH_variable_Kmp":0.49,"data_set_value_component_GSH_variable_Kmq":0.49,"data_set_value_component_GSH_variable_Keq":0.49,"data_set_value_component_HTA_variable_HTA":1.0,"data_set_value_component_SDLGSH_variable_SDLGSH":0.9980155049,"data_set_value_component_SDLGSH_variable_V":0.0812,"data_set_value_component_SDLGSH_variable_Kms":0.61,"data_set_value_component_SDLGSH_variable_Kmp":0.61,"data_set_value_component_SDLGSH_variable_Keq":0.61,"data_set_value_component_D_lactate_variable_D_lactate":0.0},{"data_set_value_component_environment_variable_time":0.2,"data_set_value_component_GSH_variable_GSH":1.0002759561,"data_set_value_component_GSH_variable_V":0.00344,"data_set_value_component_GSH_variable_Kms":0.49,"data_set_value_component_GSH_variable_Kmp":0.49,"data_set_value_component_GSH_variable_Kmq":0.49,"data_set_value_component_GSH_variable_Keq":0.49,"data_set_value_component_HTA_variable_HTA":1.0,"data_set_value_component_SDLGSH_variable_SDLGSH":0.9960393604,"data_set_value_component_SDLGSH_variable_V":0.0812,"data_set_value_component_SDLGSH_variable_Kms":0.61,"data_set_value_component_SDLGSH_variable_Kmp":0.61,"data_set_value_component_SDLGSH_variable_Keq":0.61,"data_set_value_component_D_lactate_variable_D_lactate":0.0},{"data_set_value_component_environment_variable_time":0.3,"data_set_value_component_GSH_variable_GSH":1.00041368,"data_set_value_component_GSH_variable_V":0.00344,"data_set_value_component_GSH_variable_Kms":0.49,"data_set_value_component_GSH_variable_Kmp":0.49,"data_set_value_component_GSH_variable_Kmq":0.49,"data_set_value_component_GSH_variable_Keq":0.49,"data_set_value_component_HTA_variable_HTA":1.0,"data_set_value_component_SDLGSH_variable_SDLGSH":0.9940717811,"data_set_value_component_SDLGSH_variable_V":0.0812,"data_set_value_component_SDLGSH_variable_Kms":0.61,"data_set_value_component_SDLGSH_variable_Kmp":0.61,"data_set_value_component_SDLGSH_variable_Keq":0.61,"data_set_value_component_D_lactate_variable_D_lactate":0.0},{"data_set_value_component_environment_variable_time":0.4,"data_set_value_component_GSH_variable_GSH":1.0005512342,"data_set_value_component_GSH_variable_V":0.00344,"data_set_value_component_GSH_variable_Kms":0.49,"data_set_value_component_GSH_variable_Kmp":0.49,"data_set_value_component_GSH_variable_Kmq":0.49,"data_set_value_component_GSH_variable_Keq":0.49,"data_set_value_component_HTA_variable_HTA":1.0,"data_set_value_component_SDLGSH_variable_SDLGSH":0.9921127034,"data_set_value_component_SDLGSH_variable_V":0.0812,"data_set_value_component_SDLGSH_variable_Kms":0.61,"data_set_value_component_SDLGSH_variable_Kmp":0.61,"data_set_value_component_SDLGSH_variable_Keq":0.61,"data_set_value_component_D_lactate_variable_D_lactate":0.0},{"data_set_value_component_environment_variable_time":0.5,"data_set_value_component_GSH_variable_GSH":1.0006886192,"data_set_value_component_GSH_variable_V":0.00344,"data_set_value_component_GSH_variable_Kms":0.49,"data_set_value_component_GSH_variable_Kmp":0.49,"data_set_value_component_GSH_variable_Kmq":0.49,"data_set_value_component_GSH_variable_Keq":0.49,"data_set_value_component_HTA_variable_HTA":1.0,"data_set_value_component_SDLGSH_variable_SDLGSH":0.9901621073,"data_set_value_component_SDLGSH_variable_V":0.0812,"data_set_value_component_SDLGSH_variable_Kms":0.61,"data_set_value_component_SDLGSH_variable_Kmp":0.61,"data_set_value_component_SDLGSH_variable_Keq":0.61,"data_set_value_component_D_lactate_variable_D_lactate":0.0},{"data_set_value_component_environment_variable_time":0.6,"data_set_value_component_GSH_variable_GSH":1.0008258342,"data_set_value_component_GSH_variable_V":0.00344,"data_set_value_component_GSH_variable_Kms":0.49,"data_set_value_component_GSH_variable_Kmp":0.49,"data_set_value_component_GSH_variable_Kmq":0.49,"data_set_value_component_GSH_variable_Keq":0.49,"data_set_value_component_HTA_variable_HTA":1.0,"data_set_value_component_SDLGSH_variable_SDLGSH":0.9882200276,"data_set_value_component_SDLGSH_variable_V":0.0812,"data_set_value_component_SDLGSH_variable_Kms":0.61,"data_set_value_component_SDLGSH_variable_Kmp":0.61,"data_set_value_component_SDLGSH_variable_Keq":0.61,"data_set_value_component_D_lactate_variable_D_lactate":0.0},{"data_set_value_component_environment_variable_time":0.7,"data_set_value_component_GSH_variable_GSH":1.0009628793,"data_set_value_component_GSH_variable_V":0.00344,"data_set_value_component_GSH_variable_Kms":0.49,"data_set_value_component_GSH_variable_Kmp":0.49,"data_set_value_component_GSH_variable_Kmq":0.49,"data_set_value_component_GSH_variable_Keq":0.49,"data_set_value_component_HTA_variable_HTA":1.0,"data_set_value_component_SDLGSH_variable_SDLGSH":0.9862864643,"data_set_value_component_SDLGSH_variable_V":0.0812,"data_set_value_component_SDLGSH_variable_Kms":0.61,"data_set_value_component_SDLGSH_variable_Kmp":0.61,"data_set_value_component_SDLGSH_variable_Keq":0.61,"data_set_value_component_D_lactate_variable_D_lactate":0.0},{"data_set_value_component_environment_variable_time":0.8,"data_set_value_component_GSH_variable_GSH":1.0010997552,"data_set_value_component_GSH_variable_V":0.00344,"data_set_value_component_GSH_variable_Kms":0.49,"data_set_value_component_GSH_variable_Kmp":0.49,"data_set_value_component_GSH_variable_Kmq":0.49,"data_set_value_component_GSH_variable_Keq":0.49,"data_set_value_component_HTA_variable_HTA":1.0,"data_set_value_component_SDLGSH_variable_SDLGSH":0.984361382,"data_set_value_component_SDLGSH_variable_V":0.0812,"data_set_value_component_SDLGSH_variable_Kms":0.61,"data_set_value_component_SDLGSH_variable_Kmp":0.61,"data_set_value_component_SDLGSH_variable_Keq":0.61,"data_set_value_component_D_lactate_variable_D_lactate":0.0},{"data_set_value_component_environment_variable_time":0.9,"data_set_value_component_GSH_variable_GSH":1.001236463,"data_set_value_component_GSH_variable_V":0.00344,"data_set_value_component_GSH_variable_Kms":0.49,"data_set_value_component_GSH_variable_Kmp":0.49,"data_set_value_component_GSH_variable_Kmq":0.49,"data_set_value_component_GSH_variable_Keq":0.49,"data_set_value_component_HTA_variable_HTA":1.0,"data_set_value_component_SDLGSH_variable_SDLGSH":0.982444718,"data_set_value_component_SDLGSH_variable_V":0.0812,"data_set_value_component_SDLGSH_variable_Kms":0.61,"data_set_value_component_SDLGSH_variable_Kmp":0.61,"data_set_value_component_SDLGSH_variable_Keq":0.61,"data_set_value_component_D_lactate_variable_D_lactate":0.0},{"data_set_value_component_environment_variable_time":1.0,"data_set_value_component_GSH_variable_GSH":1.0013730024,"data_set_value_component_GSH_variable_V":0.00344,"data_set_value_component_GSH_variable_Kms":0.49,"data_set_value_component_GSH_variable_Kmp":0.49,"data_set_value_component_GSH_variable_Kmq":0.49,"data_set_value_component_GSH_variable_Keq":0.49,"data_set_value_component_HTA_variable_HTA":1.0,"data_set_value_component_SDLGSH_variable_SDLGSH":0.9805364892,"data_set_value_component_SDLGSH_variable_V":0.0812,"data_set_value_component_SDLGSH_variable_Kms":0.61,"data_set_value_component_SDLGSH_variable_Kmp":0.61,"data_set_value_component_SDLGSH_variable_Keq":0.61,"data_set_value_component_D_lactate_variable_D_lactate":0.0}]