[{"data_set_value_component_environment_variable_time":0.0,"data_set_value_component_a_variable_a":0.1,"data_set_value_component_a_variable_ainf":0.0511737009,"data_set_value_component_a_variable_w":0.8,"data_set_value_component_a_variable_ka":-0.05,"data_set_value_component_a_variable_th0":0.17,"data_set_value_component_a_variable_n":0.01,"data_set_value_component_a_variable_wi":0.0,"data_set_value_component_a_variable_noise":0.0,"data_set_value_component_s_variable_s":0.3,"data_set_value_component_s_variable_sinf":0.880797078,"data_set_value_component_s_variable_taus":250.0,"data_set_value_component_s_variable_ks":0.05,"data_set_value_component_s_variable_ths":0.2},{"data_set_value_component_environment_variable_time":0.1,"data_set_value_component_a_variable_a":0.0953011561,"data_set_value_component_a_variable_ainf":0.050106587,"data_set_value_component_a_variable_w":0.8,"data_set_value_component_a_variable_ka":-0.05,"data_set_value_component_a_variable_th0":0.17,"data_set_value_component_a_variable_n":0.01,"data_set_value_component_a_variable_wi":0.0,"data_set_value_component_a_variable_noise":0.0,"data_set_value_component_s_variable_s":0.3002342218,"data_set_value_component_s_variable_sinf":0.8903163834,"data_set_value_component_s_variable_taus":250.0,"data_set_value_component_s_variable_ks":0.05,"data_set_value_component_s_variable_ths":0.2},{"data_set_value_component_environment_variable_time":0.2,"data_set_value_component_a_variable_a":0.0909524276,"data_set_value_component_a_variable_ainf":0.0491377491,"data_set_value_component_a_variable_w":0.8,"data_set_value_component_a_variable_ka":-0.05,"data_set_value_component_a_variable_th0":0.17,"data_set_value_component_a_variable_n":0.01,"data_set_value_component_a_variable_wi":0.0,"data_set_value_component_a_variable_noise":0.0,"data_set_value_component_s_variable_s":0.3004718832,"data_set_value_component_s_variable_sinf":0.8985258553,"data_set_value_component_s_variable_taus":250.0,"data_set_value_component_s_variable_ks":0.05,"data_set_value_component_s_variable_ths":0.2},{"data_set_value_component_environment_variable_time":0.3,"data_set_value_component_a_variable_a":0.0869299991,"data_set_value_component_a_variable_ainf":0.0482574207,"data_set_value_component_a_variable_w":0.8,"data_set_value_component_a_variable_ka":-0.05,"data_set_value_component_a_variable_th0":0.17,"data_set_value_component_a_variable_n":0.01,"data_set_value_component_a_variable_wi":0.0,"data_set_value_component_a_variable_noise":0.0,"data_set_value_component_s_variable_s":0.3007125122,"data_set_value_component_s_variable_sinf":0.9056293513,"data_set_value_component_s_variable_taus":250.0,"data_set_value_component_s_variable_ks":0.05,"data_set_value_component_s_variable_ths":0.2},{"data_set_value_component_environment_variable_time":0.4,"data_set_value_component_a_variable_a":0.0832105264,"data_set_value_component_a_variable_ainf":0.0474567342,"data_set_value_component_a_variable_w":0.8,"data_set_value_component_a_variable_ka":-0.05,"data_set_value_component_a_variable_th0":0.17,"data_set_value_component_a_variable_n":0.01,"data_set_value_component_a_variable_wi":0.0,"data_set_value_component_a_variable_noise":0.0,"data_set_value_component_s_variable_s":0.3009556944,"data_set_value_component_s_variable_sinf":0.9117980512,"data_set_value_component_s_variable_taus":250.0,"data_set_value_component_s_variable_ks":0.05,"data_set_value_component_s_variable_ths":0.2},{"data_set_value_component_environment_variable_time":0.5,"data_set_value_component_a_variable_a":0.0797723437,"data_set_value_component_a_variable_ainf":0.0467278656,"data_set_value_component_a_variable_w":0.8,"data_set_value_component_a_variable_ka":-0.05,"data_set_value_component_a_variable_th0":0.17,"data_set_value_component_a_variable_n":0.01,"data_set_value_component_a_variable_wi":0.0,"data_set_value_component_a_variable_noise":0.0,"data_set_value_component_s_variable_s":0.3012010834,"data_set_value_component_s_variable_sinf":0.9171738438,"data_set_value_component_s_variable_taus":250.0,"data_set_value_component_s_variable_ks":0.05,"data_set_value_component_s_variable_ths":0.2},{"data_set_value_component_environment_variable_time":0.6,"data_set_value_component_a_variable_a":0.0765951387,"data_set_value_component_a_variable_ainf":0.046063848,"data_set_value_component_a_variable_w":0.8,"data_set_value_component_a_variable_ka":-0.05,"data_set_value_component_a_variable_th0":0.17,"data_set_value_component_a_variable_n":0.01,"data_set_value_component_a_variable_wi":0.0,"data_set_value_component_a_variable_noise":0.0,"data_set_value_component_s_variable_s":0.3014483839,"data_set_value_component_s_variable_sinf":0.921874834,"data_set_value_component_s_variable_taus":250.0,"data_set_value_component_s_variable_ks":0.05,"data_set_value_component_s_variable_ths":0.2},{"data_set_value_component_environment_variable_time":0.7,"data_set_value_component_a_variable_a":0.0736599575,"data_set_value_component_a_variable_ainf":0.0454584791,"data_set_value_component_a_variable_w":0.8,"data_set_value_component_a_variable_ka":-0.05,"data_set_value_component_a_variable_th0":0.17,"data_set_value_component_a_variable_n":0.01,"data_set_value_component_a_variable_wi":0.0,"data_set_value_component_a_variable_noise":0.0,"data_set_value_component_s_variable_s":0.3016973458,"data_set_value_component_s_variable_sinf":0.9259994318,"data_set_value_component_s_variable_taus":250.0,"data_set_value_component_s_variable_ks":0.05,"data_set_value_component_s_variable_ths":0.2},{"data_set_value_component_environment_variable_time":0.8,"data_set_value_component_a_variable_a":0.0709490928,"data_set_value_component_a_variable_ainf":0.0449062169,"data_set_value_component_a_variable_w":0.8,"data_set_value_component_a_variable_ka":-0.05,"data_set_value_component_a_variable_th0":0.17,"data_set_value_component_a_variable_n":0.01,"data_set_value_component_a_variable_wi":0.0,"data_set_value_component_a_variable_noise":0.0,"data_set_value_component_s_variable_s":0.3019477559,"data_set_value_component_s_variable_sinf":0.9296299034,"data_set_value_component_s_variable_taus":250.0,"data_set_value_component_s_variable_ks":0.05,"data_set_value_component_s_variable_ths":0.2},{"data_set_value_component_environment_variable_time":0.9,"data_set_value_component_a_variable_a":0.0684460178,"data_set_value_component_a_variable_ainf":0.0444021006,"data_set_value_component_a_variable_w":0.8,"data_set_value_component_a_variable_ka":-0.05,"data_set_value_component_a_variable_th0":0.17,"data_set_value_component_a_variable_n":0.01,"data_set_value_component_a_variable_wi":0.0,"data_set_value_component_a_variable_noise":0.0,"data_set_value_component_s_variable_s":0.3021994311,"data_set_value_component_s_variable_sinf":0.9328352246,"data_set_value_component_s_variable_taus":250.0,"data_set_value_component_s_variable_ks":0.05,"data_set_value_component_s_variable_ths":0.2},{"data_set_value_component_environment_variable_time":1.0,"data_set_value_component_a_variable_a":0.0661353217,"data_set_value_component_a_variable_ainf":0.0439416802,"data_set_value_component_a_variable_w":0.8,"data_set_value_component_a_variable_ka":-0.05,"data_set_value_component_a_variable_th0":0.17,"data_set_value_component_a_variable_n":0.01,"data_set_value_component_a_variable_wi":0.0,"data_set_value_component_a_variable_noise":0.0,"data_set_value_component_s_variable_s":0.3024522128,"data_set_value_component_s_variable_sinf":0.9356734189,"data_set_value_component_s_variable_taus":250.0,"data_set_value_component_s_variable_ks":0.05,"data_set_value_component_s_variable_ths":0.2}]