<?xml version="1.0"?>
<rdf:RDF xmlns:rdf="http://www.w3.org/1999/02/22-rdf-syntax-ns#">
    <rdf:Description rdf:about="http://www.cellml.org/tools/opencell/displayGraphs">
        <rdf:first>
            <rdf:Description rdf:nodeID="n1"/>
        </rdf:first>
    </rdf:Description>
    <rdf:Description rdf:nodeID="n2">
        <variable xmlns="http://www.cellml.org/metadata/graphs/1.0#">
            <rdf:Description rdf:about="tabak_mascagni_bertram_2010.cellml#environment_time"/>
        </variable>
    </rdf:Description>
    <rdf:Description rdf:nodeID="n3">
        <rdf:rest>
            <rdf:Description rdf:nodeID="n4"/>
        </rdf:rest>
        <rdf:first>
            <rdf:Description rdf:nodeID="n5"/>
        </rdf:first>
    </rdf:Description>
    <rdf:Description rdf:about="http://www.cellml.org/tools/opencell/splitter/intergraph2">
        <splitterState_collapsedAfter xmlns="http://www.cellml.org/tools/opencell/" xml:lang="en">true</splitterState_collapsedAfter>
    </rdf:Description>
    <rdf:Description rdf:nodeID="n6">
        <variable xmlns="http://www.cellml.org/metadata/graphs/1.0#">
            <rdf:Description rdf:about="tabak_mascagni_bertram_2010.cellml#environment_time"/>
        </variable>
    </rdf:Description>
    <rdf:Description rdf:about="http://www.cellml.org/tools/opencell/splitter/graph_key_graph3">
        <splitterState_nextHeight xmlns="http://www.cellml.org/tools/opencell/" xml:lang="en">0</splitterState_nextHeight>
        <splitterState_collapsedAfter xmlns="http://www.cellml.org/tools/opencell/" xml:lang="en">true</splitterState_collapsedAfter>
    </rdf:Description>
    <rdf:Description rdf:about="http://www.cellml.org/tools/opencell/splitter/graph_key_graph2">
        <splitterState_nextHeight xmlns="http://www.cellml.org/tools/opencell/" xml:lang="en">0</splitterState_nextHeight>
        <splitterState_collapsedAfter xmlns="http://www.cellml.org/tools/opencell/" xml:lang="en">true</splitterState_collapsedAfter>
    </rdf:Description>
    <rdf:Description rdf:about="http://www.cellml.org/tools/opencell/modlayoutsplit">
        <splitterState_prevWidth xmlns="http://www.cellml.org/tools/opencell/" xml:lang="en">55</splitterState_prevWidth>
        <splitterState_collapsedBefore xmlns="http://www.cellml.org/tools/opencell/" xml:lang="en">true</splitterState_collapsedBefore>
        <splitterState_nextWidth xmlns="http://www.cellml.org/tools/pcenv/" xml:lang="en">1203</splitterState_nextWidth>
        <splitterState_nextWidth xmlns="http://www.cellml.org/tools/opencell/" xml:lang="en">1203</splitterState_nextWidth>
    </rdf:Description>
    <rdf:Description rdf:about="http://www.cellml.org/tools/opencell/splitter/graph_sel_graph2">
        <activegraph xmlns="http://www.cellml.org/tools/opencell/">
            <rdf:Description rdf:nodeID="n5"/>
        </activegraph>
    </rdf:Description>
    <rdf:Description rdf:nodeID="n7">
        <rdf:first>
            <rdf:Description rdf:nodeID="n8"/>
        </rdf:first>
    </rdf:Description>
    <rdf:Description rdf:nodeID="n9">
        <variable xmlns="http://www.cellml.org/metadata/graphs/1.0#">
            <rdf:Description rdf:about="tabak_mascagni_bertram_2010.cellml#a_a"/>
        </variable>
    </rdf:Description>
    <rdf:Description rdf:about="http://www.cellml.org/tools/pcenv/loadedModels">
        <rdf:_2>
            <rdf:Description rdf:about="tabak_mascagni_bertram_2010.cellml"/>
        </rdf:_2>
    </rdf:Description>
    <rdf:Description rdf:nodeID="n10">
        <variable xmlns="http://www.cellml.org/metadata/graphs/1.0#x-">
            <rdf:Description rdf:nodeID="n2"/>
        </variable>
        <type xmlns="http://www.cellml.org/metadata/graphs/1.0#">
            <rdf:Description rdf:about="http://www.cellml.org/metadata/graphs/1.0#line"/>
        </type>
        <colour xmlns="http://www.cellml.org/metadata/graphs/1.0#" xml:lang="en">#b731af</colour>
        <variable xmlns="http://www.cellml.org/metadata/graphs/1.0#y-">
            <rdf:Description rdf:nodeID="n11"/>
        </variable>
    </rdf:Description>
    <rdf:Description rdf:about="tabak_mascagni_bertram_2010.cellml">
        <derivedmodels xmlns="http://www.cellml.org/tools/pcenv/">
            <rdf:Description rdf:nodeID="n12"/>
        </derivedmodels>
        <modelfrozen xmlns="http://www.cellml.org/tools/pcenv/" xml:lang="en">true</modelfrozen>
        <modelname xmlns="http://www.cellml.org/tools/pcenv/" xml:lang="en">tabak_mascagni_bertram_2010</modelname>
        <modelname xmlns="http://www.cellml.org/tools/opencell/" xml:lang="en">tabak_mascagni_bertram_2010</modelname>
        <derivedmodels xmlns="http://www.cellml.org/tools/opencell/">
            <rdf:Description rdf:nodeID="n12"/>
        </derivedmodels>
        <modelfrozen xmlns="http://www.cellml.org/tools/opencell/" xml:lang="en">true</modelfrozen>
    </rdf:Description>
    <rdf:Description rdf:nodeID="n5">
        <graphname xmlns="http://www.cellml.org/tools/opencell/" xml:lang="en">Figure 7b: a against s</graphname>
        <traces xmlns="http://www.cellml.org/metadata/graphs/1.0#">
            <rdf:Description rdf:nodeID="n7"/>
        </traces>
        <decoration xmlns="http://www.cellml.org/metadata/graphs/1.0#">
            <rdf:Description rdf:about="http://www.cellml.org/metadata/graphs/1.0#none"/>
        </decoration>
        <scaling xmlns="http://www.cellml.org/metadata/graphs/1.0#y-">
            <rdf:Description rdf:about="http://www.cellml.org/metadata/graphs/1.0#identity"/>
        </scaling>
        <graphname xmlns="http://www.cellml.org/tools/pcenv/" xml:lang="en">Figure 7b: a against s</graphname>
        <scaling xmlns="http://www.cellml.org/metadata/graphs/1.0#x-">
            <rdf:Description rdf:about="http://www.cellml.org/metadata/graphs/1.0#identity"/>
        </scaling>
    </rdf:Description>
    <rdf:Description rdf:nodeID="n13">
        <rdf:rest>
            <rdf:Description rdf:about="http://www.w3.org/1999/02/22-rdf-syntax-ns#nil"/>
        </rdf:rest>
        <rdf:first>
            <rdf:Description rdf:nodeID="n10"/>
        </rdf:first>
    </rdf:Description>
    <rdf:Description rdf:about="http://www.cellml.org/tools/pcenv/displayGraphs">
        <rdf:first>
            <rdf:Description rdf:nodeID="n1"/>
        </rdf:first>
    </rdf:Description>
    <rdf:Description rdf:nodeID="n14">
        <rdf:rest>
            <rdf:Description rdf:about="http://www.w3.org/1999/02/22-rdf-syntax-ns#nil"/>
        </rdf:rest>
        <rdf:first>
            <rdf:Description rdf:nodeID="n15"/>
        </rdf:first>
    </rdf:Description>
    <rdf:Description rdf:about="http://www.cellml.org/tools/pcenv/modlayoutsplit">
        <splitterState_prevWidth xmlns="http://www.cellml.org/tools/pcenv/" xml:lang="en">55</splitterState_prevWidth>
        <splitterState_collapsedBefore xmlns="http://www.cellml.org/tools/pcenv/" xml:lang="en">true</splitterState_collapsedBefore>
    </rdf:Description>
    <rdf:Description rdf:nodeID="n16">
        <variable xmlns="http://www.cellml.org/metadata/graphs/1.0#x-">
            <rdf:Description rdf:nodeID="n17"/>
        </variable>
        <type xmlns="http://www.cellml.org/metadata/graphs/1.0#">
            <rdf:Description rdf:about="http://www.cellml.org/metadata/graphs/1.0#line"/>
        </type>
        <colour xmlns="http://www.cellml.org/metadata/graphs/1.0#" xml:lang="en">#099999</colour>
        <variable xmlns="http://www.cellml.org/metadata/graphs/1.0#y-">
            <rdf:Description rdf:nodeID="n9"/>
        </variable>
    </rdf:Description>
    <rdf:Description rdf:about="http://www.cellml.org/tools/pcenv/splitter/graph_key_graph3">
        <splitterState_collapsedAfter xmlns="http://www.cellml.org/tools/pcenv/" xml:lang="en">true</splitterState_collapsedAfter>
        <splitterState_nextHeight xmlns="http://www.cellml.org/tools/pcenv/" xml:lang="en">0</splitterState_nextHeight>
    </rdf:Description>
    <rdf:Description rdf:about="http://www.cellml.org/tools/opencell/splitter/graph_sel_graph3">
        <activegraph xmlns="http://www.cellml.org/tools/opencell/">
            <rdf:Description rdf:nodeID="n18"/>
        </activegraph>
    </rdf:Description>
    <rdf:Description rdf:nodeID="n19">
        <variable xmlns="http://www.cellml.org/metadata/graphs/1.0#x-">
            <rdf:Description rdf:nodeID="n6"/>
        </variable>
        <type xmlns="http://www.cellml.org/metadata/graphs/1.0#">
            <rdf:Description rdf:about="http://www.cellml.org/metadata/graphs/1.0#line"/>
        </type>
        <colour xmlns="http://www.cellml.org/metadata/graphs/1.0#" xml:lang="en">#099999</colour>
        <variable xmlns="http://www.cellml.org/metadata/graphs/1.0#y-">
            <rdf:Description rdf:nodeID="n20"/>
        </variable>
    </rdf:Description>
    <rdf:Description rdf:about="http://www.cellml.org/tools/opencell/splitter/graph_sel_graph1">
        <activegraph xmlns="http://www.cellml.org/tools/opencell/">
            <rdf:Description rdf:nodeID="n21"/>
        </activegraph>
    </rdf:Description>
    <rdf:Description rdf:about="http://www.cellml.org/tools/pcenv/splitter/graph_key_graph2">
        <splitterState_collapsedAfter xmlns="http://www.cellml.org/tools/pcenv/" xml:lang="en">true</splitterState_collapsedAfter>
        <splitterState_nextHeight xmlns="http://www.cellml.org/tools/pcenv/" xml:lang="en">0</splitterState_nextHeight>
    </rdf:Description>
    <rdf:Description rdf:nodeID="n8">
        <rdf:rest>
            <rdf:Description rdf:about="http://www.w3.org/1999/02/22-rdf-syntax-ns#nil"/>
        </rdf:rest>
        <rdf:first>
            <rdf:Description rdf:nodeID="n16"/>
        </rdf:first>
    </rdf:Description>
    <rdf:Description rdf:about="http://www.cellml.org/tools/pcenv/splitter/graph_sel_graph3">
        <activegraph xmlns="http://www.cellml.org/tools/pcenv/">
            <rdf:Description rdf:nodeID="n18"/>
        </activegraph>
    </rdf:Description>
    <rdf:Description rdf:nodeID="n18">
        <graphname xmlns="http://www.cellml.org/tools/opencell/" xml:lang="en">Untitled</graphname>
        <traces xmlns="http://www.cellml.org/metadata/graphs/1.0#">
            <rdf:Description rdf:nodeID="n22"/>
        </traces>
        <decoration xmlns="http://www.cellml.org/metadata/graphs/1.0#">
            <rdf:Description rdf:about="http://www.cellml.org/metadata/graphs/1.0#none"/>
        </decoration>
        <scaling xmlns="http://www.cellml.org/metadata/graphs/1.0#y-">
            <rdf:Description rdf:about="http://www.cellml.org/metadata/graphs/1.0#identity"/>
        </scaling>
        <graphname xmlns="http://www.cellml.org/tools/pcenv/" xml:lang="en">Untitled</graphname>
        <scaling xmlns="http://www.cellml.org/metadata/graphs/1.0#x-">
            <rdf:Description rdf:about="http://www.cellml.org/metadata/graphs/1.0#identity"/>
        </scaling>
    </rdf:Description>
    <rdf:Description rdf:about="http://www.cellml.org/tools/pcenv/splitter/graph_key_graph1">
        <splitterState_collapsedAfter xmlns="http://www.cellml.org/tools/pcenv/" xml:lang="en">true</splitterState_collapsedAfter>
        <splitterState_nextHeight xmlns="http://www.cellml.org/tools/pcenv/" xml:lang="en">0</splitterState_nextHeight>
    </rdf:Description>
    <rdf:Description rdf:about="http://www.cellml.org/tools/pcenv/splitter/graph_sel_graph2">
        <activegraph xmlns="http://www.cellml.org/tools/pcenv/">
            <rdf:Description rdf:nodeID="n5"/>
        </activegraph>
    </rdf:Description>
    <rdf:Description rdf:about="http://www.cellml.org/tools/opencell/splitter/graph_key_graph1">
        <splitterState_nextHeight xmlns="http://www.cellml.org/tools/opencell/" xml:lang="en">0</splitterState_nextHeight>
        <splitterState_collapsedAfter xmlns="http://www.cellml.org/tools/opencell/" xml:lang="en">true</splitterState_collapsedAfter>
    </rdf:Description>
    <rdf:Description rdf:nodeID="n22">
        <rdf:first>
            <rdf:Description rdf:nodeID="n14"/>
        </rdf:first>
    </rdf:Description>
    <rdf:Description rdf:nodeID="n17">
        <variable xmlns="http://www.cellml.org/metadata/graphs/1.0#">
            <rdf:Description rdf:about="tabak_mascagni_bertram_2010.cellml#s_s"/>
        </variable>
    </rdf:Description>
    <rdf:Description rdf:nodeID="n23">
        <rdf:rest>
            <rdf:Description rdf:nodeID="n13"/>
        </rdf:rest>
        <rdf:first>
            <rdf:Description rdf:nodeID="n19"/>
        </rdf:first>
    </rdf:Description>
    <rdf:Description rdf:nodeID="n4">
        <rdf:rest>
            <rdf:Description rdf:about="http://www.w3.org/1999/02/22-rdf-syntax-ns#nil"/>
        </rdf:rest>
        <rdf:first>
            <rdf:Description rdf:nodeID="n21"/>
        </rdf:first>
    </rdf:Description>
    <rdf:Description rdf:about="http://www.cellml.org/tools/pcenv/splitter/graph_sel_graph1">
        <activegraph xmlns="http://www.cellml.org/tools/pcenv/">
            <rdf:Description rdf:nodeID="n21"/>
        </activegraph>
    </rdf:Description>
    <rdf:Description rdf:about="http://www.cellml.org/tools/opencell/loadedModels">
        <rdf:_1>
            <rdf:Description rdf:about="tabak_mascagni_bertram_2010.cellml"/>
        </rdf:_1>
    </rdf:Description>
    <rdf:Description rdf:nodeID="n1">
        <rdf:rest>
            <rdf:Description rdf:nodeID="n3"/>
        </rdf:rest>
        <rdf:first>
            <rdf:Description rdf:nodeID="n18"/>
        </rdf:first>
    </rdf:Description>
    <rdf:Description rdf:nodeID="n21">
        <graphname xmlns="http://www.cellml.org/tools/opencell/" xml:lang="en">Figure 7a: a and s against time (seconds)</graphname>
        <traces xmlns="http://www.cellml.org/metadata/graphs/1.0#">
            <rdf:Description rdf:nodeID="n24"/>
        </traces>
        <decoration xmlns="http://www.cellml.org/metadata/graphs/1.0#">
            <rdf:Description rdf:about="http://www.cellml.org/metadata/graphs/1.0#none"/>
        </decoration>
        <scaling xmlns="http://www.cellml.org/metadata/graphs/1.0#y-">
            <rdf:Description rdf:about="http://www.cellml.org/metadata/graphs/1.0#identity"/>
        </scaling>
        <graphname xmlns="http://www.cellml.org/tools/pcenv/" xml:lang="en">Figure 7a: a and s against time (seconds)</graphname>
        <scaling xmlns="http://www.cellml.org/metadata/graphs/1.0#x-">
            <rdf:Description rdf:about="http://www.cellml.org/metadata/graphs/1.0#identity"/>
        </scaling>
    </rdf:Description>
    <rdf:Description rdf:nodeID="n15">
        <variable xmlns="http://www.cellml.org/metadata/graphs/1.0#x-">
            <rdf:Description rdf:nodeID="n25"/>
        </variable>
        <type xmlns="http://www.cellml.org/metadata/graphs/1.0#">
            <rdf:Description rdf:about="http://www.cellml.org/metadata/graphs/1.0#line"/>
        </type>
        <colour xmlns="http://www.cellml.org/metadata/graphs/1.0#" xml:lang="en">#099999</colour>
        <variable xmlns="http://www.cellml.org/metadata/graphs/1.0#y-">
            <rdf:Description rdf:nodeID="n26"/>
        </variable>
    </rdf:Description>
    <rdf:Description rdf:about="http://www.cellml.org/tools/pcenv/splitter/intergraph2">
        <splitterState_collapsedAfter xmlns="http://www.cellml.org/tools/pcenv/" xml:lang="en">true</splitterState_collapsedAfter>
    </rdf:Description>
    <rdf:Description rdf:nodeID="n11">
        <variable xmlns="http://www.cellml.org/metadata/graphs/1.0#">
            <rdf:Description rdf:about="tabak_mascagni_bertram_2010.cellml#s_s"/>
        </variable>
    </rdf:Description>
    <rdf:Description rdf:nodeID="n24">
        <rdf:first>
            <rdf:Description rdf:nodeID="n23"/>
        </rdf:first>
    </rdf:Description>
    <rdf:Description rdf:nodeID="n20">
        <variable xmlns="http://www.cellml.org/metadata/graphs/1.0#">
            <rdf:Description rdf:about="tabak_mascagni_bertram_2010.cellml#a_a"/>
        </variable>
    </rdf:Description>
</rdf:RDF>