[{"data_set_value_component_environment_variable_time":0.0,"data_set_value_component_kinetic_constants_variable_k11":110.0,"data_set_value_component_kinetic_constants_variable_k11_":25.0,"data_set_value_component_kinetic_constants_variable_k71":0.1,"data_set_value_component_kinetic_constants_variable_k72":60.0,"data_set_value_component_kinetic_constants_variable_k12":110.0,"data_set_value_component_kinetic_constants_variable_k12_":0.2,"data_set_value_component_kinetic_constants_variable_k51":7.0,"data_set_value_component_kinetic_constants_variable_k52":0.0,"data_set_value_component_kinetic_constants_variable_k41":60.0,"data_set_value_component_kinetic_constants_variable_k31":500.0,"data_set_value_component_kinetic_constants_variable_k32":50.0,"data_set_value_component_kinetic_constants_variable_k42":70.0,"data_set_value_component_kinetic_constants_variable_k22":100.0,"data_set_value_component_kinetic_constants_variable_k22_":17.0,"data_set_value_component_kinetic_constants_variable_k21":100.0,"data_set_value_component_kinetic_constants_variable_k21_":0.2,"data_set_value_component_PB_variable_PB":0.1,"data_set_value_component_A1_variable_A1":0.1,"data_set_value_component_A2_variable_A2":0.1,"data_set_value_component_PC1_variable_PC1":0.1,"data_set_value_component_PD1_variable_PD1":0.1,"data_set_value_component_PE1_variable_PE1":0.1,"data_set_value_component_PF1_variable_PF1":0.1,"data_set_value_component_PG1_variable_PG1":0.1,"data_set_value_component_PC2_variable_PC2":0.1,"data_set_value_component_PD2_variable_PD2":0.1,"data_set_value_component_PE2_variable_PE2":0.1,"data_set_value_component_PF2_variable_PF2":0.1,"data_set_value_component_kreset1_variable_kreset1":35.0},{"data_set_value_component_environment_variable_time":0.1,"data_set_value_component_kinetic_constants_variable_k11":110.0,"data_set_value_component_kinetic_constants_variable_k11_":25.0,"data_set_value_component_kinetic_constants_variable_k71":0.1,"data_set_value_component_kinetic_constants_variable_k72":60.0,"data_set_value_component_kinetic_constants_variable_k12":110.0,"data_set_value_component_kinetic_constants_variable_k12_":0.2,"data_set_value_component_kinetic_constants_variable_k51":7.0,"data_set_value_component_kinetic_constants_variable_k52":0.0,"data_set_value_component_kinetic_constants_variable_k41":60.0,"data_set_value_component_kinetic_constants_variable_k31":500.0,"data_set_value_component_kinetic_constants_variable_k32":50.0,"data_set_value_component_kinetic_constants_variable_k42":70.0,"data_set_value_component_kinetic_constants_variable_k22":100.0,"data_set_value_component_kinetic_constants_variable_k22_":17.0,"data_set_value_component_kinetic_constants_variable_k21":100.0,"data_set_value_component_kinetic_constants_variable_k21_":0.2,"data_set_value_component_PB_variable_PB":0.8228892969,"data_set_value_component_A1_variable_A1":0.0031580349,"data_set_value_component_A2_variable_A2":0.0008247637,"data_set_value_component_PC1_variable_PC1":0.0035533851,"data_set_value_component_PD1_variable_PD1":0.0007776237,"data_set_value_component_PE1_variable_PE1":0.0131836088,"data_set_value_component_PF1_variable_PF1":0.2833530013,"data_set_value_component_PG1_variable_PG1":0.0604425012,"data_set_value_component_PC2_variable_PC2":0.0053363228,"data_set_value_component_PD2_variable_PD2":0.014926963,"data_set_value_component_PE2_variable_PE2":0.1,"data_set_value_component_PF2_variable_PF2":0.1166253466,"data_set_value_component_kreset1_variable_kreset1":35.0},{"data_set_value_component_environment_variable_time":0.2,"data_set_value_component_kinetic_constants_variable_k11":110.0,"data_set_value_component_kinetic_constants_variable_k11_":25.0,"data_set_value_component_kinetic_constants_variable_k71":0.1,"data_set_value_component_kinetic_constants_variable_k72":60.0,"data_set_value_component_kinetic_constants_variable_k12":110.0,"data_set_value_component_kinetic_constants_variable_k12_":0.2,"data_set_value_component_kinetic_constants_variable_k51":7.0,"data_set_value_component_kinetic_constants_variable_k52":0.0,"data_set_value_component_kinetic_constants_variable_k41":60.0,"data_set_value_component_kinetic_constants_variable_k31":500.0,"data_set_value_component_kinetic_constants_variable_k32":50.0,"data_set_value_component_kinetic_constants_variable_k42":70.0,"data_set_value_component_kinetic_constants_variable_k22":100.0,"data_set_value_component_kinetic_constants_variable_k22_":17.0,"data_set_value_component_kinetic_constants_variable_k21":100.0,"data_set_value_component_kinetic_constants_variable_k21_":0.2,"data_set_value_component_PB_variable_PB":1.6947786794,"data_set_value_component_A1_variable_A1":0.0000013851,"data_set_value_component_A2_variable_A2":0.000000155,"data_set_value_component_PC1_variable_PC1":0.0000053835,"data_set_value_component_PD1_variable_PD1":0.0000012728,"data_set_value_component_PE1_variable_PE1":0.000137998,"data_set_value_component_PF1_variable_PF1":0.1512431024,"data_set_value_component_PG1_variable_PG1":0.0371671553,"data_set_value_component_PC2_variable_PC2":0.0000996273,"data_set_value_component_PD2_variable_PD2":0.0003563817,"data_set_value_component_PE2_variable_PE2":0.1,"data_set_value_component_PF2_variable_PF2":0.1166665637,"data_set_value_component_kreset1_variable_kreset1":35.0},{"data_set_value_component_environment_variable_time":0.3,"data_set_value_component_kinetic_constants_variable_k11":110.0,"data_set_value_component_kinetic_constants_variable_k11_":25.0,"data_set_value_component_kinetic_constants_variable_k71":0.1,"data_set_value_component_kinetic_constants_variable_k72":60.0,"data_set_value_component_kinetic_constants_variable_k12":110.0,"data_set_value_component_kinetic_constants_variable_k12_":0.2,"data_set_value_component_kinetic_constants_variable_k51":7.0,"data_set_value_component_kinetic_constants_variable_k52":0.0,"data_set_value_component_kinetic_constants_variable_k41":60.0,"data_set_value_component_kinetic_constants_variable_k31":500.0,"data_set_value_component_kinetic_constants_variable_k32":50.0,"data_set_value_component_kinetic_constants_variable_k42":70.0,"data_set_value_component_kinetic_constants_variable_k22":100.0,"data_set_value_component_kinetic_constants_variable_k22_":17.0,"data_set_value_component_kinetic_constants_variable_k21":100.0,"data_set_value_component_kinetic_constants_variable_k21_":0.2,"data_set_value_component_PB_variable_PB":2.4902427066,"data_set_value_component_A1_variable_A1":-0.0000004184,"data_set_value_component_A2_variable_A2":-0.0000001454,"data_set_value_component_PC1_variable_PC1":0.00000032,"data_set_value_component_PD1_variable_PD1":0.0000000549,"data_set_value_component_PE1_variable_PE1":0.0000003729,"data_set_value_component_PF1_variable_PF1":0.0744392943,"data_set_value_component_PG1_variable_PG1":0.0186504394,"data_set_value_component_PC2_variable_PC2":0.0000020975,"data_set_value_component_PD2_variable_PD2":0.0000072041,"data_set_value_component_PE2_variable_PE2":0.1,"data_set_value_component_PF2_variable_PF2":0.1166666664,"data_set_value_component_kreset1_variable_kreset1":35.0},{"data_set_value_component_environment_variable_time":0.4,"data_set_value_component_kinetic_constants_variable_k11":110.0,"data_set_value_component_kinetic_constants_variable_k11_":25.0,"data_set_value_component_kinetic_constants_variable_k71":0.1,"data_set_value_component_kinetic_constants_variable_k72":60.0,"data_set_value_component_kinetic_constants_variable_k12":110.0,"data_set_value_component_kinetic_constants_variable_k12_":0.2,"data_set_value_component_kinetic_constants_variable_k51":7.0,"data_set_value_component_kinetic_constants_variable_k52":0.0,"data_set_value_component_kinetic_constants_variable_k41":60.0,"data_set_value_component_kinetic_constants_variable_k31":500.0,"data_set_value_component_kinetic_constants_variable_k32":50.0,"data_set_value_component_kinetic_constants_variable_k42":70.0,"data_set_value_component_kinetic_constants_variable_k22":100.0,"data_set_value_component_kinetic_constants_variable_k22_":17.0,"data_set_value_component_kinetic_constants_variable_k21":100.0,"data_set_value_component_kinetic_constants_variable_k21_":0.2,"data_set_value_component_PB_variable_PB":3.2375540671,"data_set_value_component_A1_variable_A1":0.0000000308,"data_set_value_component_A2_variable_A2":0.000000011,"data_set_value_component_PC1_variable_PC1":-0.0000000113,"data_set_value_component_PD1_variable_PD1":-0.0000000126,"data_set_value_component_PE1_variable_PE1":0.0000000939,"data_set_value_component_PF1_variable_PF1":0.0365977683,"data_set_value_component_PG1_variable_PG1":0.009181439,"data_set_value_component_PC2_variable_PC2":0.0000000374,"data_set_value_component_PD2_variable_PD2":0.0000001663,"data_set_value_component_PE2_variable_PE2":0.1,"data_set_value_component_PF2_variable_PF2":0.1166666667,"data_set_value_component_kreset1_variable_kreset1":35.0},{"data_set_value_component_environment_variable_time":0.5,"data_set_value_component_kinetic_constants_variable_k11":110.0,"data_set_value_component_kinetic_constants_variable_k11_":25.0,"data_set_value_component_kinetic_constants_variable_k71":0.1,"data_set_value_component_kinetic_constants_variable_k72":60.0,"data_set_value_component_kinetic_constants_variable_k12":110.0,"data_set_value_component_kinetic_constants_variable_k12_":0.2,"data_set_value_component_kinetic_constants_variable_k51":7.0,"data_set_value_component_kinetic_constants_variable_k52":0.0,"data_set_value_component_kinetic_constants_variable_k41":60.0,"data_set_value_component_kinetic_constants_variable_k31":500.0,"data_set_value_component_kinetic_constants_variable_k32":50.0,"data_set_value_component_kinetic_constants_variable_k42":70.0,"data_set_value_component_kinetic_constants_variable_k22":100.0,"data_set_value_component_kinetic_constants_variable_k22_":17.0,"data_set_value_component_kinetic_constants_variable_k21":100.0,"data_set_value_component_kinetic_constants_variable_k21_":0.2,"data_set_value_component_PB_variable_PB":3.9608260229,"data_set_value_component_A1_variable_A1":0.0000000121,"data_set_value_component_A2_variable_A2":0.0000000084,"data_set_value_component_PC1_variable_PC1":0.0000000081,"data_set_value_component_PD1_variable_PD1":0.0000000025,"data_set_value_component_PE1_variable_PE1":-0.0000000161,"data_set_value_component_PF1_variable_PF1":0.0179929792,"data_set_value_component_PG1_variable_PG1":0.0045143449,"data_set_value_component_PC2_variable_PC2":0.0000000015,"data_set_value_component_PD2_variable_PD2":-0.0000000026,"data_set_value_component_PE2_variable_PE2":0.1,"data_set_value_component_PF2_variable_PF2":0.1166666667,"data_set_value_component_kreset1_variable_kreset1":35.0},{"data_set_value_component_environment_variable_time":0.6,"data_set_value_component_kinetic_constants_variable_k11":110.0,"data_set_value_component_kinetic_constants_variable_k11_":25.0,"data_set_value_component_kinetic_constants_variable_k71":0.1,"data_set_value_component_kinetic_constants_variable_k72":60.0,"data_set_value_component_kinetic_constants_variable_k12":110.0,"data_set_value_component_kinetic_constants_variable_k12_":0.2,"data_set_value_component_kinetic_constants_variable_k51":7.0,"data_set_value_component_kinetic_constants_variable_k52":0.0,"data_set_value_component_kinetic_constants_variable_k41":60.0,"data_set_value_component_kinetic_constants_variable_k31":500.0,"data_set_value_component_kinetic_constants_variable_k32":50.0,"data_set_value_component_kinetic_constants_variable_k42":70.0,"data_set_value_component_kinetic_constants_variable_k22":100.0,"data_set_value_component_kinetic_constants_variable_k22_":17.0,"data_set_value_component_kinetic_constants_variable_k21":100.0,"data_set_value_component_kinetic_constants_variable_k21_":0.2,"data_set_value_component_PB_variable_PB":4.6722677259,"data_set_value_component_A1_variable_A1":-0.0000001285,"data_set_value_component_A2_variable_A2":-0.0000001097,"data_set_value_component_PC1_variable_PC1":0.0000000986,"data_set_value_component_PD1_variable_PD1":0.0000000108,"data_set_value_component_PE1_variable_PE1":-0.000000034,"data_set_value_component_PF1_variable_PF1":0.0088459997,"data_set_value_component_PG1_variable_PG1":0.0022194244,"data_set_value_component_PC2_variable_PC2":0.0000000787,"data_set_value_component_PD2_variable_PD2":-0.0000000084,"data_set_value_component_PE2_variable_PE2":0.1,"data_set_value_component_PF2_variable_PF2":0.1166666667,"data_set_value_component_kreset1_variable_kreset1":35.0},{"data_set_value_component_environment_variable_time":0.7,"data_set_value_component_kinetic_constants_variable_k11":110.0,"data_set_value_component_kinetic_constants_variable_k11_":25.0,"data_set_value_component_kinetic_constants_variable_k71":0.1,"data_set_value_component_kinetic_constants_variable_k72":60.0,"data_set_value_component_kinetic_constants_variable_k12":110.0,"data_set_value_component_kinetic_constants_variable_k12_":0.2,"data_set_value_component_kinetic_constants_variable_k51":7.0,"data_set_value_component_kinetic_constants_variable_k52":0.0,"data_set_value_component_kinetic_constants_variable_k41":60.0,"data_set_value_component_kinetic_constants_variable_k31":500.0,"data_set_value_component_kinetic_constants_variable_k32":50.0,"data_set_value_component_kinetic_constants_variable_k42":70.0,"data_set_value_component_kinetic_constants_variable_k22":100.0,"data_set_value_component_kinetic_constants_variable_k22_":17.0,"data_set_value_component_kinetic_constants_variable_k21":100.0,"data_set_value_component_kinetic_constants_variable_k21_":0.2,"data_set_value_component_PB_variable_PB":5.3778931009,"data_set_value_component_A1_variable_A1":-0.0000000154,"data_set_value_component_A2_variable_A2":-0.0000000162,"data_set_value_component_PC1_variable_PC1":0.0000000223,"data_set_value_component_PD1_variable_PD1":0.0000000114,"data_set_value_component_PE1_variable_PE1":-0.0000000004,"data_set_value_component_PF1_variable_PF1":0.0043490285,"data_set_value_component_PG1_variable_PG1":0.0010911552,"data_set_value_component_PC2_variable_PC2":0.0000000233,"data_set_value_component_PD2_variable_PD2":0.000000014,"data_set_value_component_PE2_variable_PE2":0.1,"data_set_value_component_PF2_variable_PF2":0.1166666667,"data_set_value_component_kreset1_variable_kreset1":35.0},{"data_set_value_component_environment_variable_time":0.8,"data_set_value_component_kinetic_constants_variable_k11":110.0,"data_set_value_component_kinetic_constants_variable_k11_":25.0,"data_set_value_component_kinetic_constants_variable_k71":0.1,"data_set_value_component_kinetic_constants_variable_k72":60.0,"data_set_value_component_kinetic_constants_variable_k12":110.0,"data_set_value_component_kinetic_constants_variable_k12_":0.2,"data_set_value_component_kinetic_constants_variable_k51":7.0,"data_set_value_component_kinetic_constants_variable_k52":0.0,"data_set_value_component_kinetic_constants_variable_k41":60.0,"data_set_value_component_kinetic_constants_variable_k31":500.0,"data_set_value_component_kinetic_constants_variable_k32":50.0,"data_set_value_component_kinetic_constants_variable_k42":70.0,"data_set_value_component_kinetic_constants_variable_k22":100.0,"data_set_value_component_kinetic_constants_variable_k22_":17.0,"data_set_value_component_kinetic_constants_variable_k21":100.0,"data_set_value_component_kinetic_constants_variable_k21_":0.2,"data_set_value_component_PB_variable_PB":6.0806586798,"data_set_value_component_A1_variable_A1":-0.000000009,"data_set_value_component_A2_variable_A2":-0.00000001,"data_set_value_component_PC1_variable_PC1":0.0000000079,"data_set_value_component_PD1_variable_PD1":0.0000000006,"data_set_value_component_PE1_variable_PE1":0.0000000006,"data_set_value_component_PF1_variable_PF1":0.0021381755,"data_set_value_component_PG1_variable_PG1":0.0005364595,"data_set_value_component_PC2_variable_PC2":0.0000000087,"data_set_value_component_PD2_variable_PD2":0.0000000017,"data_set_value_component_PE2_variable_PE2":0.1,"data_set_value_component_PF2_variable_PF2":0.1166666667,"data_set_value_component_kreset1_variable_kreset1":35.0},{"data_set_value_component_environment_variable_time":0.9,"data_set_value_component_kinetic_constants_variable_k11":110.0,"data_set_value_component_kinetic_constants_variable_k11_":25.0,"data_set_value_component_kinetic_constants_variable_k71":0.1,"data_set_value_component_kinetic_constants_variable_k72":60.0,"data_set_value_component_kinetic_constants_variable_k12":110.0,"data_set_value_component_kinetic_constants_variable_k12_":0.2,"data_set_value_component_kinetic_constants_variable_k51":7.0,"data_set_value_component_kinetic_constants_variable_k52":0.0,"data_set_value_component_kinetic_constants_variable_k41":60.0,"data_set_value_component_kinetic_constants_variable_k31":500.0,"data_set_value_component_kinetic_constants_variable_k32":50.0,"data_set_value_component_kinetic_constants_variable_k42":70.0,"data_set_value_component_kinetic_constants_variable_k22":100.0,"data_set_value_component_kinetic_constants_variable_k22_":17.0,"data_set_value_component_kinetic_constants_variable_k21":100.0,"data_set_value_component_kinetic_constants_variable_k21_":0.2,"data_set_value_component_PB_variable_PB":6.782018214,"data_set_value_component_A1_variable_A1":-0.0000000743,"data_set_value_component_A2_variable_A2":-0.0000000875,"data_set_value_component_PC1_variable_PC1":0.0000000742,"data_set_value_component_PD1_variable_PD1":0.0000000192,"data_set_value_component_PE1_variable_PE1":0.0000000022,"data_set_value_component_PF1_variable_PF1":0.0010511897,"data_set_value_component_PG1_variable_PG1":0.0002637472,"data_set_value_component_PC2_variable_PC2":0.0000000823,"data_set_value_component_PD2_variable_PD2":0.0000000229,"data_set_value_component_PE2_variable_PE2":0.1,"data_set_value_component_PF2_variable_PF2":0.1166666667,"data_set_value_component_kreset1_variable_kreset1":35.0},{"data_set_value_component_environment_variable_time":1.0,"data_set_value_component_kinetic_constants_variable_k11":110.0,"data_set_value_component_kinetic_constants_variable_k11_":25.0,"data_set_value_component_kinetic_constants_variable_k71":0.1,"data_set_value_component_kinetic_constants_variable_k72":60.0,"data_set_value_component_kinetic_constants_variable_k12":110.0,"data_set_value_component_kinetic_constants_variable_k12_":0.2,"data_set_value_component_kinetic_constants_variable_k51":7.0,"data_set_value_component_kinetic_constants_variable_k52":0.0,"data_set_value_component_kinetic_constants_variable_k41":60.0,"data_set_value_component_kinetic_constants_variable_k31":500.0,"data_set_value_component_kinetic_constants_variable_k32":50.0,"data_set_value_component_kinetic_constants_variable_k42":70.0,"data_set_value_component_kinetic_constants_variable_k22":100.0,"data_set_value_component_kinetic_constants_variable_k22_":17.0,"data_set_value_component_kinetic_constants_variable_k21":100.0,"data_set_value_component_kinetic_constants_variable_k21_":0.2,"data_set_value_component_PB_variable_PB":7.4826868593,"data_set_value_component_A1_variable_A1":-0.0000000405,"data_set_value_component_A2_variable_A2":0.0000000411,"data_set_value_component_PC1_variable_PC1":0.0000000351,"data_set_value_component_PD1_variable_PD1":0.0000000013,"data_set_value_component_PE1_variable_PE1":-0.0000000329,"data_set_value_component_PF1_variable_PF1":0.0005168402,"data_set_value_component_PG1_variable_PG1":0.0001296719,"data_set_value_component_PC2_variable_PC2":-0.0000000293,"data_set_value_component_PD2_variable_PD2":-0.0000000558,"data_set_value_component_PE2_variable_PE2":0.1,"data_set_value_component_PF2_variable_PF2":0.1166666667,"data_set_value_component_kreset1_variable_kreset1":35.0}]