[{"gNaT":0.24,"gNaP":0.00011,"galeak":0.0001,"VC":-25,"obsV":-5,"PTsoma":0.42,"offset_pA":61,"NaT_pA":144},{"gNaT":0.24,"gNaP":0.00011,"galeak":0.00008,"VC":-25,"obsV":-3,"PTsoma":0.41,"offset_pA":60,"NaT_pA":144},{"gNaT":0.24,"gNaP":0.00011,"galeak":0.00004,"VC":-25,"obsV":4,"PTsoma":0.39,"offset_pA":55,"NaT_pA":141},{"gNaT":0.24,"gNaP":0.00011,"galeak":0.00001,"VC":-25,"obsV":16,"PTsoma":0.36,"offset_pA":51,"NaT_pA":141},{"gNaT":0.24,"gNaP":0.0,"galeak":0.00012,"VC":-25,"obsV":-1,"PTsoma":0.4,"offset_pA":57,"NaT_pA":144},{"gNaT":0.24,"gNaP":0.00011,"galeak":0.00012,"VC":-25,"obsV":-7,"PTsoma":0.44,"offset_pA":63,"NaT_pA":144},{"gNaT":0.24,"gNaP":0.0002,"galeak":0.00012,"VC":-25,"obsV":-1,"PTsoma":0.47,"offset_pA":69,"NaT_pA":146},{"gNaT":0.24,"gNaP":0.0003,"galeak":0.00012,"VC":-25,"obsV":8,"PTsoma":0.52,"offset_pA":77,"NaT_pA":147},{"gNaT":0.24,"gNaP":0.00011,"galeak":0.00012,"VC":-15,"obsV":-7,"PTsoma":0.38,"offset_pA":54,"NaT_pA":139},{"gNaT":0.24,"gNaP":0.00011,"galeak":0.00012,"VC":-5,"obsV":-6,"PTsoma":0.35,"offset_pA":47,"NaT_pA":133},{"gNaT":0.24,"gNaP":0.00011,"galeak":0.00012,"VC":0,"obsV":-6,"PTsoma":0.34,"offset_pA":45,"NaT_pA":131},{"gNaT":0.24,"gNaP":0.00011,"galeak":0.00012,"VC":-35,"obsV":-7,"PTsoma":0.47,"offset_pA":73,"NaT_pA":153}]