[{"data_set_value_component_environment_variable_time":0.0,"data_set_value_component_serum_PSA_dynamics_variable_p":0.0,"data_set_value_component_serum_PSA_dynamics_variable_Vc":20.0,"data_set_value_component_serum_PSA_dynamics_variable_Vo":20.0,"data_set_value_component_serum_PSA_dynamics_variable_Vh":0.0,"data_set_value_component_serum_PSA_dynamics_variable_beta_h":0.0,"data_set_value_component_serum_PSA_dynamics_variable_beta_c":1.721,"data_set_value_component_serum_PSA_dynamics_variable_gamma":1.2896,"data_set_value_component_serum_PSA_dynamics_variable_rho":0.0655},{"data_set_value_component_environment_variable_time":0.1,"data_set_value_component_serum_PSA_dynamics_variable_p":3.2401274226,"data_set_value_component_serum_PSA_dynamics_variable_Vc":20.1314299632,"data_set_value_component_serum_PSA_dynamics_variable_Vo":20.0,"data_set_value_component_serum_PSA_dynamics_variable_Vh":0.0,"data_set_value_component_serum_PSA_dynamics_variable_beta_h":0.0,"data_set_value_component_serum_PSA_dynamics_variable_beta_c":1.721,"data_set_value_component_serum_PSA_dynamics_variable_gamma":1.2896,"data_set_value_component_serum_PSA_dynamics_variable_rho":0.0655},{"data_set_value_component_environment_variable_time":0.2,"data_set_value_component_serum_PSA_dynamics_variable_p":6.1095225388,"data_set_value_component_serum_PSA_dynamics_variable_Vc":20.2637236182,"data_set_value_component_serum_PSA_dynamics_variable_Vo":20.0,"data_set_value_component_serum_PSA_dynamics_variable_Vh":0.0,"data_set_value_component_serum_PSA_dynamics_variable_beta_h":0.0,"data_set_value_component_serum_PSA_dynamics_variable_beta_c":1.721,"data_set_value_component_serum_PSA_dynamics_variable_gamma":1.2896,"data_set_value_component_serum_PSA_dynamics_variable_rho":0.0655},{"data_set_value_component_environment_variable_time":0.3,"data_set_value_component_serum_PSA_dynamics_variable_p":8.6531798163,"data_set_value_component_serum_PSA_dynamics_variable_Vc":20.3968866408,"data_set_value_component_serum_PSA_dynamics_variable_Vo":20.0,"data_set_value_component_serum_PSA_dynamics_variable_Vh":0.0,"data_set_value_component_serum_PSA_dynamics_variable_beta_h":0.0,"data_set_value_component_serum_PSA_dynamics_variable_beta_c":1.721,"data_set_value_component_serum_PSA_dynamics_variable_gamma":1.2896,"data_set_value_component_serum_PSA_dynamics_variable_rho":0.0655},{"data_set_value_component_environment_variable_time":0.4,"data_set_value_component_serum_PSA_dynamics_variable_p":10.9106519896,"data_set_value_component_serum_PSA_dynamics_variable_Vc":20.5309247438,"data_set_value_component_serum_PSA_dynamics_variable_Vo":20.0,"data_set_value_component_serum_PSA_dynamics_variable_Vh":0.0,"data_set_value_component_serum_PSA_dynamics_variable_beta_h":0.0,"data_set_value_component_serum_PSA_dynamics_variable_beta_c":1.721,"data_set_value_component_serum_PSA_dynamics_variable_gamma":1.2896,"data_set_value_component_serum_PSA_dynamics_variable_rho":0.0655},{"data_set_value_component_environment_variable_time":0.5,"data_set_value_component_serum_PSA_dynamics_variable_p":12.9167060892,"data_set_value_component_serum_PSA_dynamics_variable_Vc":20.665843678,"data_set_value_component_serum_PSA_dynamics_variable_Vo":20.0,"data_set_value_component_serum_PSA_dynamics_variable_Vh":0.0,"data_set_value_component_serum_PSA_dynamics_variable_beta_h":0.0,"data_set_value_component_serum_PSA_dynamics_variable_beta_c":1.721,"data_set_value_component_serum_PSA_dynamics_variable_gamma":1.2896,"data_set_value_component_serum_PSA_dynamics_variable_rho":0.0655},{"data_set_value_component_environment_variable_time":0.6,"data_set_value_component_serum_PSA_dynamics_variable_p":14.7019002355,"data_set_value_component_serum_PSA_dynamics_variable_Vc":20.8016492318,"data_set_value_component_serum_PSA_dynamics_variable_Vo":20.0,"data_set_value_component_serum_PSA_dynamics_variable_Vh":0.0,"data_set_value_component_serum_PSA_dynamics_variable_beta_h":0.0,"data_set_value_component_serum_PSA_dynamics_variable_beta_c":1.721,"data_set_value_component_serum_PSA_dynamics_variable_gamma":1.2896,"data_set_value_component_serum_PSA_dynamics_variable_rho":0.0655},{"data_set_value_component_environment_variable_time":0.7,"data_set_value_component_serum_PSA_dynamics_variable_p":16.2931045159,"data_set_value_component_serum_PSA_dynamics_variable_Vc":20.9383472315,"data_set_value_component_serum_PSA_dynamics_variable_Vo":20.0,"data_set_value_component_serum_PSA_dynamics_variable_Vh":0.0,"data_set_value_component_serum_PSA_dynamics_variable_beta_h":0.0,"data_set_value_component_serum_PSA_dynamics_variable_beta_c":1.721,"data_set_value_component_serum_PSA_dynamics_variable_gamma":1.2896,"data_set_value_component_serum_PSA_dynamics_variable_rho":0.0655},{"data_set_value_component_environment_variable_time":0.8,"data_set_value_component_serum_PSA_dynamics_variable_p":17.7139331937,"data_set_value_component_serum_PSA_dynamics_variable_Vc":21.0759435418,"data_set_value_component_serum_PSA_dynamics_variable_Vo":20.0,"data_set_value_component_serum_PSA_dynamics_variable_Vh":0.0,"data_set_value_component_serum_PSA_dynamics_variable_beta_h":0.0,"data_set_value_component_serum_PSA_dynamics_variable_beta_c":1.721,"data_set_value_component_serum_PSA_dynamics_variable_gamma":1.2896,"data_set_value_component_serum_PSA_dynamics_variable_rho":0.0655},{"data_set_value_component_environment_variable_time":0.9,"data_set_value_component_serum_PSA_dynamics_variable_p":18.9851462589,"data_set_value_component_serum_PSA_dynamics_variable_Vc":21.2144440661,"data_set_value_component_serum_PSA_dynamics_variable_Vo":20.0,"data_set_value_component_serum_PSA_dynamics_variable_Vh":0.0,"data_set_value_component_serum_PSA_dynamics_variable_beta_h":0.0,"data_set_value_component_serum_PSA_dynamics_variable_beta_c":1.721,"data_set_value_component_serum_PSA_dynamics_variable_gamma":1.2896,"data_set_value_component_serum_PSA_dynamics_variable_rho":0.0655},{"data_set_value_component_environment_variable_time":1.0,"data_set_value_component_serum_PSA_dynamics_variable_p":20.1249906885,"data_set_value_component_serum_PSA_dynamics_variable_Vc":21.3538547463,"data_set_value_component_serum_PSA_dynamics_variable_Vo":20.0,"data_set_value_component_serum_PSA_dynamics_variable_Vh":0.0,"data_set_value_component_serum_PSA_dynamics_variable_beta_h":0.0,"data_set_value_component_serum_PSA_dynamics_variable_beta_c":1.721,"data_set_value_component_serum_PSA_dynamics_variable_gamma":1.2896,"data_set_value_component_serum_PSA_dynamics_variable_rho":0.0655}]