[{"data_set_value_component_environment_variable_time":0.0,"data_set_value_component_Cdc13T_variable_Cdc13T":0.2,"data_set_value_component_Cdc13T_variable_k1":0.03,"data_set_value_component_preMPF_variable_preMPF":0.0,"data_set_value_component_preMPF_variable_kwee":1.2562727804,"data_set_value_component_preMPF_variable_kwee_":0.15,"data_set_value_component_preMPF_variable_kwee__":1.3,"data_set_value_component_preMPF_variable_Vawee":0.25,"data_set_value_component_preMPF_variable_Viwee":1.0,"data_set_value_component_preMPF_variable_Jawee":0.01,"data_set_value_component_preMPF_variable_Jiwee":0.01,"data_set_value_component_preMPF_variable_k25":0.2382171625,"data_set_value_component_preMPF_variable_k25_":0.05,"data_set_value_component_preMPF_variable_k25__":5.0,"data_set_value_component_preMPF_variable_Va25":1.0,"data_set_value_component_preMPF_variable_Vi25":0.25,"data_set_value_component_preMPF_variable_Ja25":0.01,"data_set_value_component_preMPF_variable_Ji25":0.01,"data_set_value_component_Ste9_variable_Ste9":1.0,"data_set_value_component_Ste9_variable_k3_":1.0,"data_set_value_component_Ste9_variable_k3__":10.0,"data_set_value_component_Ste9_variable_k4":35.0,"data_set_value_component_Ste9_variable_k4_":2.0,"data_set_value_component_Ste9_variable_J3":0.01,"data_set_value_component_Ste9_variable_J4":0.01,"data_set_value_component_Slp1T_variable_Slp1T":0.0,"data_set_value_component_Slp1T_variable_k5_":0.005,"data_set_value_component_Slp1T_variable_k5__":0.3,"data_set_value_component_Slp1T_variable_J5":0.3,"data_set_value_component_Slp1_variable_Slp1":2.2,"data_set_value_component_Slp1_variable_k7":1.0,"data_set_value_component_Slp1_variable_k8":0.25,"data_set_value_component_Slp1_variable_J7":0.001,"data_set_value_component_Slp1_variable_J8":0.001,"data_set_value_component_IEP_variable_IEP":0.0,"data_set_value_component_IEP_variable_k9":0.1,"data_set_value_component_IEP_variable_k10":0.04,"data_set_value_component_IEP_variable_J9":0.01,"data_set_value_component_IEP_variable_J10":0.01,"data_set_value_component_Rum1T_variable_Rum1T":0.0,"data_set_value_component_Rum1T_variable_k11":0.1,"data_set_value_component_Rum1T_variable_k12":0.01,"data_set_value_component_Rum1T_variable_k12_":1.0,"data_set_value_component_Rum1T_variable_k12__":3.0,"data_set_value_component_SK_variable_SK":0.0,"data_set_value_component_SK_variable_k13":0.1,"data_set_value_component_SK_variable_k14":0.1,"data_set_value_component_M_variable_M":1.0,"data_set_value_component_M_variable_mu":0.005,"data_set_value_component_Trimer_variable_Trimer":0.0,"data_set_value_component_Trimer_variable_sum":0.201,"data_set_value_component_Trimer_variable_Kdiss":0.001,"data_set_value_component_MPF_variable_MPF":0.2,"data_set_value_component_TF_variable_TF":0.8803808143,"data_set_value_component_TF_variable_k15":1.5,"data_set_value_component_TF_variable_k16_":1.0,"data_set_value_component_TF_variable_k16__":2.0,"data_set_value_component_TF_variable_J15":0.01,"data_set_value_component_TF_variable_J16":0.01,"data_set_value_component_kinetic_parameters_variable_k2_":0.03,"data_set_value_component_kinetic_parameters_variable_k2__":1.0,"data_set_value_component_kinetic_parameters_variable_k2___":0.1,"data_set_value_component_kinetic_parameters_variable_k6":0.1},{"data_set_value_component_environment_variable_time":0.1,"data_set_value_component_Cdc13T_variable_Cdc13T":0.1794257564,"data_set_value_component_Cdc13T_variable_k1":0.03,"data_set_value_component_preMPF_variable_preMPF":0.0211323563,"data_set_value_component_preMPF_variable_kwee":1.2832474305,"data_set_value_component_preMPF_variable_kwee_":0.15,"data_set_value_component_preMPF_variable_kwee__":1.3,"data_set_value_component_preMPF_variable_Vawee":0.25,"data_set_value_component_preMPF_variable_Viwee":1.0,"data_set_value_component_preMPF_variable_Jawee":0.01,"data_set_value_component_preMPF_variable_Jiwee":0.01,"data_set_value_component_preMPF_variable_k25":0.1221088861,"data_set_value_component_preMPF_variable_k25_":0.05,"data_set_value_component_preMPF_variable_k25__":5.0,"data_set_value_component_preMPF_variable_Va25":1.0,"data_set_value_component_preMPF_variable_Vi25":0.25,"data_set_value_component_preMPF_variable_Ja25":0.01,"data_set_value_component_preMPF_variable_Ji25":0.01,"data_set_value_component_Ste9_variable_Ste9":0.99698675,"data_set_value_component_Ste9_variable_k3_":1.0,"data_set_value_component_Ste9_variable_k3__":10.0,"data_set_value_component_Ste9_variable_k4":35.0,"data_set_value_component_Ste9_variable_k4_":2.0,"data_set_value_component_Ste9_variable_J3":0.01,"data_set_value_component_Ste9_variable_J4":0.01,"data_set_value_component_Slp1T_variable_Slp1T":0.0035982098,"data_set_value_component_Slp1T_variable_k5_":0.005,"data_set_value_component_Slp1T_variable_k5__":0.3,"data_set_value_component_Slp1T_variable_J5":0.3,"data_set_value_component_Slp1_variable_Slp1":2.1533251743,"data_set_value_component_Slp1_variable_k7":1.0,"data_set_value_component_Slp1_variable_k8":0.25,"data_set_value_component_Slp1_variable_J7":0.001,"data_set_value_component_Slp1_variable_J8":0.001,"data_set_value_component_IEP_variable_IEP":0.0014305738,"data_set_value_component_IEP_variable_k9":0.1,"data_set_value_component_IEP_variable_k10":0.04,"data_set_value_component_IEP_variable_J9":0.01,"data_set_value_component_IEP_variable_J10":0.01,"data_set_value_component_Rum1T_variable_Rum1T":0.009748246,"data_set_value_component_Rum1T_variable_k11":0.1,"data_set_value_component_Rum1T_variable_k12":0.01,"data_set_value_component_Rum1T_variable_k12_":1.0,"data_set_value_component_Rum1T_variable_k12__":3.0,"data_set_value_component_SK_variable_SK":0.0091300945,"data_set_value_component_SK_variable_k13":0.1,"data_set_value_component_SK_variable_k14":0.1,"data_set_value_component_M_variable_M":1.000500125,"data_set_value_component_M_variable_mu":0.005,"data_set_value_component_Trimer_variable_Trimer":0.0096911501,"data_set_value_component_Trimer_variable_sum":0.1901740025,"data_set_value_component_Trimer_variable_Kdiss":0.001,"data_set_value_component_MPF_variable_MPF":0.1497436516,"data_set_value_component_TF_variable_TF":0.9401779002,"data_set_value_component_TF_variable_k15":1.5,"data_set_value_component_TF_variable_k16_":1.0,"data_set_value_component_TF_variable_k16__":2.0,"data_set_value_component_TF_variable_J15":0.01,"data_set_value_component_TF_variable_J16":0.01,"data_set_value_component_kinetic_parameters_variable_k2_":0.03,"data_set_value_component_kinetic_parameters_variable_k2__":1.0,"data_set_value_component_kinetic_parameters_variable_k2___":0.1,"data_set_value_component_kinetic_parameters_variable_k6":0.1},{"data_set_value_component_environment_variable_time":0.2,"data_set_value_component_Cdc13T_variable_Cdc13T":0.1613172,"data_set_value_component_Cdc13T_variable_k1":0.03,"data_set_value_component_preMPF_variable_preMPF":0.0354725109,"data_set_value_component_preMPF_variable_kwee":1.2909797144,"data_set_value_component_preMPF_variable_kwee_":0.15,"data_set_value_component_preMPF_variable_kwee__":1.3,"data_set_value_component_preMPF_variable_Vawee":0.25,"data_set_value_component_preMPF_variable_Viwee":1.0,"data_set_value_component_preMPF_variable_Jawee":0.01,"data_set_value_component_preMPF_variable_Jiwee":0.01,"data_set_value_component_preMPF_variable_k25":0.0888264467,"data_set_value_component_preMPF_variable_k25_":0.05,"data_set_value_component_preMPF_variable_k25__":5.0,"data_set_value_component_preMPF_variable_Va25":1.0,"data_set_value_component_preMPF_variable_Vi25":0.25,"data_set_value_component_preMPF_variable_Ja25":0.01,"data_set_value_component_preMPF_variable_Ji25":0.01,"data_set_value_component_Ste9_variable_Ste9":0.9978603642,"data_set_value_component_Ste9_variable_k3_":1.0,"data_set_value_component_Ste9_variable_k3__":10.0,"data_set_value_component_Ste9_variable_k4":35.0,"data_set_value_component_Ste9_variable_k4_":2.0,"data_set_value_component_Ste9_variable_J3":0.01,"data_set_value_component_Ste9_variable_J4":0.01,"data_set_value_component_Slp1T_variable_Slp1T":0.0051007947,"data_set_value_component_Slp1T_variable_k5_":0.005,"data_set_value_component_Slp1T_variable_k5__":0.3,"data_set_value_component_Slp1T_variable_J5":0.3,"data_set_value_component_Slp1_variable_Slp1":2.1072160429,"data_set_value_component_Slp1_variable_k7":1.0,"data_set_value_component_Slp1_variable_k8":0.25,"data_set_value_component_Slp1_variable_J7":0.001,"data_set_value_component_Slp1_variable_J8":0.001,"data_set_value_component_IEP_variable_IEP":0.0020999802,"data_set_value_component_IEP_variable_k9":0.1,"data_set_value_component_IEP_variable_k10":0.04,"data_set_value_component_IEP_variable_J9":0.01,"data_set_value_component_IEP_variable_J10":0.01,"data_set_value_component_Rum1T_variable_Rum1T":0.0191597105,"data_set_value_component_Rum1T_variable_k11":0.1,"data_set_value_component_Rum1T_variable_k12":0.01,"data_set_value_component_Rum1T_variable_k12_":1.0,"data_set_value_component_Rum1T_variable_k12__":3.0,"data_set_value_component_SK_variable_SK":0.0184992049,"data_set_value_component_SK_variable_k13":0.1,"data_set_value_component_SK_variable_k14":0.1,"data_set_value_component_M_variable_M":1.0010005002,"data_set_value_component_M_variable_mu":0.005,"data_set_value_component_Trimer_variable_Trimer":0.0190259988,"data_set_value_component_Trimer_variable_sum":0.1814769105,"data_set_value_component_Trimer_variable_Kdiss":0.001,"data_set_value_component_MPF_variable_MPF":0.1110023729,"data_set_value_component_TF_variable_TF":0.9585984958,"data_set_value_component_TF_variable_k15":1.5,"data_set_value_component_TF_variable_k16_":1.0,"data_set_value_component_TF_variable_k16__":2.0,"data_set_value_component_TF_variable_J15":0.01,"data_set_value_component_TF_variable_J16":0.01,"data_set_value_component_kinetic_parameters_variable_k2_":0.03,"data_set_value_component_kinetic_parameters_variable_k2__":1.0,"data_set_value_component_kinetic_parameters_variable_k2___":0.1,"data_set_value_component_kinetic_parameters_variable_k6":0.1},{"data_set_value_component_environment_variable_time":0.3,"data_set_value_component_Cdc13T_variable_Cdc13T":0.1453781267,"data_set_value_component_Cdc13T_variable_k1":0.03,"data_set_value_component_preMPF_variable_preMPF":0.0447192818,"data_set_value_component_preMPF_variable_kwee":1.2945533492,"data_set_value_component_preMPF_variable_kwee_":0.15,"data_set_value_component_preMPF_variable_kwee__":1.3,"data_set_value_component_preMPF_variable_Vawee":0.25,"data_set_value_component_preMPF_variable_Viwee":1.0,"data_set_value_component_preMPF_variable_Jawee":0.01,"data_set_value_component_preMPF_variable_Jiwee":0.01,"data_set_value_component_preMPF_variable_k25":0.0734442796,"data_set_value_component_preMPF_variable_k25_":0.05,"data_set_value_component_preMPF_variable_k25__":5.0,"data_set_value_component_preMPF_variable_Va25":1.0,"data_set_value_component_preMPF_variable_Vi25":0.25,"data_set_value_component_preMPF_variable_Ja25":0.01,"data_set_value_component_preMPF_variable_Ji25":0.01,"data_set_value_component_Ste9_variable_Ste9":0.9984672947,"data_set_value_component_Ste9_variable_k3_":1.0,"data_set_value_component_Ste9_variable_k3__":10.0,"data_set_value_component_Ste9_variable_k4":35.0,"data_set_value_component_Ste9_variable_k4_":2.0,"data_set_value_component_Ste9_variable_J3":0.01,"data_set_value_component_Ste9_variable_J4":0.01,"data_set_value_component_Slp1T_variable_Slp1T":0.0058640319,"data_set_value_component_Slp1T_variable_k5_":0.005,"data_set_value_component_Slp1T_variable_k5__":0.3,"data_set_value_component_Slp1T_variable_J5":0.3,"data_set_value_component_Slp1_variable_Slp1":2.0616080431,"data_set_value_component_Slp1_variable_k7":1.0,"data_set_value_component_Slp1_variable_k8":0.25,"data_set_value_component_Slp1_variable_J7":0.001,"data_set_value_component_Slp1_variable_J8":0.001,"data_set_value_component_IEP_variable_IEP":0.0023138858,"data_set_value_component_IEP_variable_k9":0.1,"data_set_value_component_IEP_variable_k10":0.04,"data_set_value_component_IEP_variable_J9":0.01,"data_set_value_component_IEP_variable_J10":0.01,"data_set_value_component_Rum1T_variable_Rum1T":0.0284057328,"data_set_value_component_Rum1T_variable_k11":0.1,"data_set_value_component_Rum1T_variable_k12":0.01,"data_set_value_component_Rum1T_variable_k12_":1.0,"data_set_value_component_Rum1T_variable_k12__":3.0,"data_set_value_component_SK_variable_SK":0.0279012519,"data_set_value_component_SK_variable_k13":0.1,"data_set_value_component_SK_variable_k14":0.1,"data_set_value_component_M_variable_M":1.0015011256,"data_set_value_component_M_variable_mu":0.005,"data_set_value_component_Trimer_variable_Trimer":0.0281654394,"data_set_value_component_Trimer_variable_sum":0.1747838595,"data_set_value_component_Trimer_variable_Kdiss":0.001,"data_set_value_component_MPF_variable_MPF":0.0811572826,"data_set_value_component_TF_variable_TF":0.9673018007,"data_set_value_component_TF_variable_k15":1.5,"data_set_value_component_TF_variable_k16_":1.0,"data_set_value_component_TF_variable_k16__":2.0,"data_set_value_component_TF_variable_J15":0.01,"data_set_value_component_TF_variable_J16":0.01,"data_set_value_component_kinetic_parameters_variable_k2_":0.03,"data_set_value_component_kinetic_parameters_variable_k2__":1.0,"data_set_value_component_kinetic_parameters_variable_k2___":0.1,"data_set_value_component_kinetic_parameters_variable_k6":0.1},{"data_set_value_component_environment_variable_time":0.4,"data_set_value_component_Cdc13T_variable_Cdc13T":0.1313467611,"data_set_value_component_Cdc13T_variable_k1":0.03,"data_set_value_component_preMPF_variable_preMPF":0.0502293899,"data_set_value_component_preMPF_variable_kwee":1.2965593494,"data_set_value_component_preMPF_variable_kwee_":0.15,"data_set_value_component_preMPF_variable_kwee__":1.3,"data_set_value_component_preMPF_variable_Vawee":0.25,"data_set_value_component_preMPF_variable_Viwee":1.0,"data_set_value_component_preMPF_variable_Jawee":0.01,"data_set_value_component_preMPF_variable_Jiwee":0.01,"data_set_value_component_preMPF_variable_k25":0.0648097569,"data_set_value_component_preMPF_variable_k25_":0.05,"data_set_value_component_preMPF_variable_k25__":5.0,"data_set_value_component_preMPF_variable_Va25":1.0,"data_set_value_component_preMPF_variable_Vi25":0.25,"data_set_value_component_preMPF_variable_Ja25":0.01,"data_set_value_component_preMPF_variable_Ji25":0.01,"data_set_value_component_Ste9_variable_Ste9":0.9989028082,"data_set_value_component_Ste9_variable_k3_":1.0,"data_set_value_component_Ste9_variable_k3__":10.0,"data_set_value_component_Ste9_variable_k4":35.0,"data_set_value_component_Ste9_variable_k4_":2.0,"data_set_value_component_Ste9_variable_J3":0.01,"data_set_value_component_Ste9_variable_J4":0.01,"data_set_value_component_Slp1T_variable_Slp1T":0.00639174,"data_set_value_component_Slp1T_variable_k5_":0.005,"data_set_value_component_Slp1T_variable_k5__":0.3,"data_set_value_component_Slp1T_variable_J5":0.3,"data_set_value_component_Slp1_variable_Slp1":2.0164604239,"data_set_value_component_Slp1_variable_k7":1.0,"data_set_value_component_Slp1_variable_k8":0.25,"data_set_value_component_Slp1_variable_J7":0.001,"data_set_value_component_Slp1_variable_J8":0.001,"data_set_value_component_IEP_variable_IEP":0.002250665,"data_set_value_component_IEP_variable_k9":0.1,"data_set_value_component_IEP_variable_k10":0.04,"data_set_value_component_IEP_variable_J9":0.01,"data_set_value_component_IEP_variable_J10":0.01,"data_set_value_component_Rum1T_variable_Rum1T":0.0375851254,"data_set_value_component_Rum1T_variable_k11":0.1,"data_set_value_component_Rum1T_variable_k12":0.01,"data_set_value_component_Rum1T_variable_k12_":1.0,"data_set_value_component_Rum1T_variable_k12__":3.0,"data_set_value_component_SK_variable_SK":0.0372751255,"data_set_value_component_SK_variable_k13":0.1,"data_set_value_component_SK_variable_k14":0.1,"data_set_value_component_M_variable_M":1.0020020013,"data_set_value_component_M_variable_mu":0.005,"data_set_value_component_Trimer_variable_Trimer":0.0371901437,"data_set_value_component_Trimer_variable_sum":0.1699318866,"data_set_value_component_Trimer_variable_Kdiss":0.001,"data_set_value_component_MPF_variable_MPF":0.0581494148,"data_set_value_component_TF_variable_TF":0.9722426485,"data_set_value_component_TF_variable_k15":1.5,"data_set_value_component_TF_variable_k16_":1.0,"data_set_value_component_TF_variable_k16__":2.0,"data_set_value_component_TF_variable_J15":0.01,"data_set_value_component_TF_variable_J16":0.01,"data_set_value_component_kinetic_parameters_variable_k2_":0.03,"data_set_value_component_kinetic_parameters_variable_k2__":1.0,"data_set_value_component_kinetic_parameters_variable_k2___":0.1,"data_set_value_component_kinetic_parameters_variable_k6":0.1},{"data_set_value_component_environment_variable_time":0.5,"data_set_value_component_Cdc13T_variable_Cdc13T":0.118992397,"data_set_value_component_Cdc13T_variable_k1":0.03,"data_set_value_component_preMPF_variable_preMPF":0.0530396194,"data_set_value_component_preMPF_variable_kwee":1.2978101332,"data_set_value_component_preMPF_variable_kwee_":0.15,"data_set_value_component_preMPF_variable_kwee__":1.3,"data_set_value_component_preMPF_variable_Vawee":0.25,"data_set_value_component_preMPF_variable_Viwee":1.0,"data_set_value_component_preMPF_variable_Jawee":0.01,"data_set_value_component_preMPF_variable_Jiwee":0.01,"data_set_value_component_preMPF_variable_k25":0.0594259485,"data_set_value_component_preMPF_variable_k25_":0.05,"data_set_value_component_preMPF_variable_k25__":5.0,"data_set_value_component_preMPF_variable_Va25":1.0,"data_set_value_component_preMPF_variable_Vi25":0.25,"data_set_value_component_preMPF_variable_Ja25":0.01,"data_set_value_component_preMPF_variable_Ji25":0.01,"data_set_value_component_Ste9_variable_Ste9":0.9992224305,"data_set_value_component_Ste9_variable_k3_":1.0,"data_set_value_component_Ste9_variable_k3__":10.0,"data_set_value_component_Ste9_variable_k4":35.0,"data_set_value_component_Ste9_variable_k4_":2.0,"data_set_value_component_Ste9_variable_J3":0.01,"data_set_value_component_Ste9_variable_J4":0.01,"data_set_value_component_Slp1T_variable_Slp1T":0.0068479968,"data_set_value_component_Slp1T_variable_k5_":0.005,"data_set_value_component_Slp1T_variable_k5__":0.3,"data_set_value_component_Slp1T_variable_J5":0.3,"data_set_value_component_Slp1_variable_Slp1":1.9717472432,"data_set_value_component_Slp1_variable_k7":1.0,"data_set_value_component_Slp1_variable_k8":0.25,"data_set_value_component_Slp1_variable_J7":0.001,"data_set_value_component_Slp1_variable_J8":0.001,"data_set_value_component_IEP_variable_IEP":0.0020273363,"data_set_value_component_IEP_variable_k9":0.1,"data_set_value_component_IEP_variable_k10":0.04,"data_set_value_component_IEP_variable_J9":0.01,"data_set_value_component_IEP_variable_J10":0.01,"data_set_value_component_Rum1T_variable_Rum1T":0.046750977,"data_set_value_component_Rum1T_variable_k11":0.1,"data_set_value_component_Rum1T_variable_k12":0.01,"data_set_value_component_Rum1T_variable_k12_":1.0,"data_set_value_component_Rum1T_variable_k12__":3.0,"data_set_value_component_SK_variable_SK":0.0465947793,"data_set_value_component_SK_variable_k13":0.1,"data_set_value_component_SK_variable_k14":0.1,"data_set_value_component_M_variable_M":1.0025031276,"data_set_value_component_M_variable_mu":0.005,"data_set_value_component_Trimer_variable_Trimer":0.0461181318,"data_set_value_component_Trimer_variable_sum":0.166743374,"data_set_value_component_Trimer_variable_Kdiss":0.001,"data_set_value_component_MPF_variable_MPF":0.0403913218,"data_set_value_component_TF_variable_TF":0.9753465316,"data_set_value_component_TF_variable_k15":1.5,"data_set_value_component_TF_variable_k16_":1.0,"data_set_value_component_TF_variable_k16__":2.0,"data_set_value_component_TF_variable_J15":0.01,"data_set_value_component_TF_variable_J16":0.01,"data_set_value_component_kinetic_parameters_variable_k2_":0.03,"data_set_value_component_kinetic_parameters_variable_k2__":1.0,"data_set_value_component_kinetic_parameters_variable_k2___":0.1,"data_set_value_component_kinetic_parameters_variable_k6":0.1},{"data_set_value_component_environment_variable_time":0.6,"data_set_value_component_Cdc13T_variable_Cdc13T":0.1081121019,"data_set_value_component_Cdc13T_variable_k1":0.03,"data_set_value_component_preMPF_variable_preMPF":0.0539327258,"data_set_value_component_preMPF_variable_kwee":1.2986419563,"data_set_value_component_preMPF_variable_kwee_":0.15,"data_set_value_component_preMPF_variable_kwee__":1.3,"data_set_value_component_preMPF_variable_Vawee":0.25,"data_set_value_component_preMPF_variable_Viwee":1.0,"data_set_value_component_preMPF_variable_Jawee":0.01,"data_set_value_component_preMPF_variable_Jiwee":0.01,"data_set_value_component_preMPF_variable_k25":0.0558454925,"data_set_value_component_preMPF_variable_k25_":0.05,"data_set_value_component_preMPF_variable_k25__":5.0,"data_set_value_component_preMPF_variable_Va25":1.0,"data_set_value_component_preMPF_variable_Vi25":0.25,"data_set_value_component_preMPF_variable_Ja25":0.01,"data_set_value_component_preMPF_variable_Ji25":0.01,"data_set_value_component_Ste9_variable_Ste9":0.9994610591,"data_set_value_component_Ste9_variable_k3_":1.0,"data_set_value_component_Ste9_variable_k3__":10.0,"data_set_value_component_Ste9_variable_k4":35.0,"data_set_value_component_Ste9_variable_k4_":2.0,"data_set_value_component_Ste9_variable_J3":0.01,"data_set_value_component_Ste9_variable_J4":0.01,"data_set_value_component_Slp1T_variable_Slp1T":0.0072823505,"data_set_value_component_Slp1T_variable_k5_":0.005,"data_set_value_component_Slp1T_variable_k5__":0.3,"data_set_value_component_Slp1T_variable_J5":0.3,"data_set_value_component_Slp1_variable_Slp1":1.9274524564,"data_set_value_component_Slp1_variable_k7":1.0,"data_set_value_component_Slp1_variable_k8":0.25,"data_set_value_component_Slp1_variable_J7":0.001,"data_set_value_component_Slp1_variable_J8":0.001,"data_set_value_component_IEP_variable_IEP":0.0017237207,"data_set_value_component_IEP_variable_k9":0.1,"data_set_value_component_IEP_variable_k10":0.04,"data_set_value_component_IEP_variable_J9":0.01,"data_set_value_component_IEP_variable_J10":0.01,"data_set_value_component_Rum1T_variable_Rum1T":0.0559272404,"data_set_value_component_Rum1T_variable_k11":0.1,"data_set_value_component_Rum1T_variable_k12":0.01,"data_set_value_component_Rum1T_variable_k12_":1.0,"data_set_value_component_Rum1T_variable_k12__":3.0,"data_set_value_component_SK_variable_SK":0.0558469996,"data_set_value_component_SK_variable_k13":0.1,"data_set_value_component_SK_variable_k14":0.1,"data_set_value_component_M_variable_M":1.0030045045,"data_set_value_component_M_variable_mu":0.005,"data_set_value_component_Trimer_variable_Trimer":0.054895685,"data_set_value_component_Trimer_variable_sum":0.1650393424,"data_set_value_component_Trimer_variable_Kdiss":0.001,"data_set_value_component_MPF_variable_MPF":0.0266689133,"data_set_value_component_TF_variable_TF":0.9774233878,"data_set_value_component_TF_variable_k15":1.5,"data_set_value_component_TF_variable_k16_":1.0,"data_set_value_component_TF_variable_k16__":2.0,"data_set_value_component_TF_variable_J15":0.01,"data_set_value_component_TF_variable_J16":0.01,"data_set_value_component_kinetic_parameters_variable_k2_":0.03,"data_set_value_component_kinetic_parameters_variable_k2__":1.0,"data_set_value_component_kinetic_parameters_variable_k2___":0.1,"data_set_value_component_kinetic_parameters_variable_k6":0.1},{"data_set_value_component_environment_variable_time":0.7,"data_set_value_component_Cdc13T_variable_Cdc13T":0.0985277619,"data_set_value_component_Cdc13T_variable_k1":0.03,"data_set_value_component_preMPF_variable_preMPF":0.0534935864,"data_set_value_component_preMPF_variable_kwee":1.2992171971,"data_set_value_component_preMPF_variable_kwee_":0.15,"data_set_value_component_preMPF_variable_kwee__":1.3,"data_set_value_component_preMPF_variable_Vawee":0.25,"data_set_value_component_preMPF_variable_Viwee":1.0,"data_set_value_component_preMPF_variable_Jawee":0.01,"data_set_value_component_preMPF_variable_Jiwee":0.01,"data_set_value_component_preMPF_variable_k25":0.053369456,"data_set_value_component_preMPF_variable_k25_":0.05,"data_set_value_component_preMPF_variable_k25__":5.0,"data_set_value_component_preMPF_variable_Va25":1.0,"data_set_value_component_preMPF_variable_Vi25":0.25,"data_set_value_component_preMPF_variable_Ja25":0.01,"data_set_value_component_preMPF_variable_Ji25":0.01,"data_set_value_component_Ste9_variable_Ste9":0.9996407174,"data_set_value_component_Ste9_variable_k3_":1.0,"data_set_value_component_Ste9_variable_k3__":10.0,"data_set_value_component_Ste9_variable_k4":35.0,"data_set_value_component_Ste9_variable_k4_":2.0,"data_set_value_component_Ste9_variable_J3":0.01,"data_set_value_component_Ste9_variable_J4":0.01,"data_set_value_component_Slp1T_variable_Slp1T":0.007708334,"data_set_value_component_Slp1T_variable_k5_":0.005,"data_set_value_component_Slp1T_variable_k5__":0.3,"data_set_value_component_Slp1T_variable_J5":0.3,"data_set_value_component_Slp1_variable_Slp1":1.8835668048,"data_set_value_component_Slp1_variable_k7":1.0,"data_set_value_component_Slp1_variable_k8":0.25,"data_set_value_component_Slp1_variable_J7":0.001,"data_set_value_component_Slp1_variable_J8":0.001,"data_set_value_component_IEP_variable_IEP":0.0013938083,"data_set_value_component_IEP_variable_k9":0.1,"data_set_value_component_IEP_variable_k10":0.04,"data_set_value_component_IEP_variable_J9":0.01,"data_set_value_component_IEP_variable_J10":0.01,"data_set_value_component_Rum1T_variable_Rum1T":0.0651187083,"data_set_value_component_Rum1T_variable_k11":0.1,"data_set_value_component_Rum1T_variable_k12":0.01,"data_set_value_component_Rum1T_variable_k12_":1.0,"data_set_value_component_Rum1T_variable_k12__":3.0,"data_set_value_component_SK_variable_SK":0.0650244439,"data_set_value_component_SK_variable_k13":0.1,"data_set_value_component_SK_variable_k14":0.1,"data_set_value_component_M_variable_M":1.0035061322,"data_set_value_component_M_variable_mu":0.005,"data_set_value_component_Trimer_variable_Trimer":0.0633202235,"data_set_value_component_Trimer_variable_sum":0.1646464702,"data_set_value_component_Trimer_variable_Kdiss":0.001,"data_set_value_component_MPF_variable_MPF":0.0160923422,"data_set_value_component_TF_variable_TF":0.97886825,"data_set_value_component_TF_variable_k15":1.5,"data_set_value_component_TF_variable_k16_":1.0,"data_set_value_component_TF_variable_k16__":2.0,"data_set_value_component_TF_variable_J15":0.01,"data_set_value_component_TF_variable_J16":0.01,"data_set_value_component_kinetic_parameters_variable_k2_":0.03,"data_set_value_component_kinetic_parameters_variable_k2__":1.0,"data_set_value_component_kinetic_parameters_variable_k2___":0.1,"data_set_value_component_kinetic_parameters_variable_k6":0.1},{"data_set_value_component_environment_variable_time":0.8,"data_set_value_component_Cdc13T_variable_Cdc13T":0.0900830448,"data_set_value_component_Cdc13T_variable_k1":0.03,"data_set_value_component_preMPF_variable_preMPF":0.0521567146,"data_set_value_component_preMPF_variable_kwee":1.2996153947,"data_set_value_component_preMPF_variable_kwee_":0.15,"data_set_value_component_preMPF_variable_kwee__":1.3,"data_set_value_component_preMPF_variable_Vawee":0.25,"data_set_value_component_preMPF_variable_Viwee":1.0,"data_set_value_component_preMPF_variable_Jawee":0.01,"data_set_value_component_preMPF_variable_Jiwee":0.01,"data_set_value_component_preMPF_variable_k25":0.0516554752,"data_set_value_component_preMPF_variable_k25_":0.05,"data_set_value_component_preMPF_variable_k25__":5.0,"data_set_value_component_preMPF_variable_Va25":1.0,"data_set_value_component_preMPF_variable_Vi25":0.25,"data_set_value_component_preMPF_variable_Ja25":0.01,"data_set_value_component_preMPF_variable_Ji25":0.01,"data_set_value_component_Ste9_variable_Ste9":0.9997727746,"data_set_value_component_Ste9_variable_k3_":1.0,"data_set_value_component_Ste9_variable_k3__":10.0,"data_set_value_component_Ste9_variable_k4":35.0,"data_set_value_component_Ste9_variable_k4_":2.0,"data_set_value_component_Ste9_variable_J3":0.01,"data_set_value_component_Ste9_variable_J4":0.01,"data_set_value_component_Slp1T_variable_Slp1T":0.0081292472,"data_set_value_component_Slp1T_variable_k5_":0.005,"data_set_value_component_Slp1T_variable_k5__":0.3,"data_set_value_component_Slp1T_variable_J5":0.3,"data_set_value_component_Slp1_variable_Slp1":1.8400855278,"data_set_value_component_Slp1_variable_k7":1.0,"data_set_value_component_Slp1_variable_k8":0.25,"data_set_value_component_Slp1_variable_J7":0.001,"data_set_value_component_Slp1_variable_J8":0.001,"data_set_value_component_IEP_variable_IEP":0.0010734186,"data_set_value_component_IEP_variable_k9":0.1,"data_set_value_component_IEP_variable_k10":0.04,"data_set_value_component_IEP_variable_J9":0.01,"data_set_value_component_IEP_variable_J10":0.01,"data_set_value_component_Rum1T_variable_Rum1T":0.0743157661,"data_set_value_component_Rum1T_variable_k11":0.1,"data_set_value_component_Rum1T_variable_k12":0.01,"data_set_value_component_Rum1T_variable_k12_":1.0,"data_set_value_component_Rum1T_variable_k12__":3.0,"data_set_value_component_SK_variable_SK":0.0741226782,"data_set_value_component_SK_variable_k13":0.1,"data_set_value_component_SK_variable_k14":0.1,"data_set_value_component_M_variable_M":1.0040080107,"data_set_value_component_M_variable_mu":0.005,"data_set_value_component_Trimer_variable_Trimer":0.0706743826,"data_set_value_component_Trimer_variable_sum":0.1653988109,"data_set_value_component_Trimer_variable_Kdiss":0.001,"data_set_value_component_MPF_variable_MPF":0.0081713416,"data_set_value_component_TF_variable_TF":0.9798759464,"data_set_value_component_TF_variable_k15":1.5,"data_set_value_component_TF_variable_k16_":1.0,"data_set_value_component_TF_variable_k16__":2.0,"data_set_value_component_TF_variable_J15":0.01,"data_set_value_component_TF_variable_J16":0.01,"data_set_value_component_kinetic_parameters_variable_k2_":0.03,"data_set_value_component_kinetic_parameters_variable_k2__":1.0,"data_set_value_component_kinetic_parameters_variable_k2___":0.1,"data_set_value_component_kinetic_parameters_variable_k6":0.1},{"data_set_value_component_environment_variable_time":0.9,"data_set_value_component_Cdc13T_variable_Cdc13T":0.0826408288,"data_set_value_component_Cdc13T_variable_k1":0.03,"data_set_value_component_preMPF_variable_preMPF":0.0502420356,"data_set_value_component_preMPF_variable_kwee":1.2998514477,"data_set_value_component_preMPF_variable_kwee_":0.15,"data_set_value_component_preMPF_variable_kwee__":1.3,"data_set_value_component_preMPF_variable_Vawee":0.25,"data_set_value_component_preMPF_variable_Viwee":1.0,"data_set_value_component_preMPF_variable_Jawee":0.01,"data_set_value_component_preMPF_variable_Jiwee":0.01,"data_set_value_component_preMPF_variable_k25":0.0506394206,"data_set_value_component_preMPF_variable_k25_":0.05,"data_set_value_component_preMPF_variable_k25__":5.0,"data_set_value_component_preMPF_variable_Va25":1.0,"data_set_value_component_preMPF_variable_Vi25":0.25,"data_set_value_component_preMPF_variable_Ja25":0.01,"data_set_value_component_preMPF_variable_Ji25":0.01,"data_set_value_component_Ste9_variable_Ste9":0.999852005,"data_set_value_component_Ste9_variable_k3_":1.0,"data_set_value_component_Ste9_variable_k3__":10.0,"data_set_value_component_Ste9_variable_k4":35.0,"data_set_value_component_Ste9_variable_k4_":2.0,"data_set_value_component_Ste9_variable_J3":0.01,"data_set_value_component_Ste9_variable_J4":0.01,"data_set_value_component_Slp1T_variable_Slp1T":0.0085458791,"data_set_value_component_Slp1T_variable_k5_":0.005,"data_set_value_component_Slp1T_variable_k5__":0.3,"data_set_value_component_Slp1T_variable_J5":0.3,"data_set_value_component_Slp1_variable_Slp1":1.7970068727,"data_set_value_component_Slp1_variable_k7":1.0,"data_set_value_component_Slp1_variable_k8":0.25,"data_set_value_component_Slp1_variable_J7":0.001,"data_set_value_component_Slp1_variable_J8":0.001,"data_set_value_component_IEP_variable_IEP":0.0007879555,"data_set_value_component_IEP_variable_k9":0.1,"data_set_value_component_IEP_variable_k10":0.04,"data_set_value_component_IEP_variable_J9":0.01,"data_set_value_component_IEP_variable_J10":0.01,"data_set_value_component_Rum1T_variable_Rum1T":0.0834886256,"data_set_value_component_Rum1T_variable_k11":0.1,"data_set_value_component_Rum1T_variable_k12":0.01,"data_set_value_component_Rum1T_variable_k12_":1.0,"data_set_value_component_Rum1T_variable_k12__":3.0,"data_set_value_component_SK_variable_SK":0.0831384491,"data_set_value_component_SK_variable_k13":0.1,"data_set_value_component_SK_variable_k14":0.1,"data_set_value_component_M_variable_M":1.0045101402,"data_set_value_component_M_variable_mu":0.005,"data_set_value_component_Trimer_variable_Trimer":0.0744271992,"data_set_value_component_Trimer_variable_sum":0.1671294544,"data_set_value_component_Trimer_variable_Kdiss":0.001,"data_set_value_component_MPF_variable_MPF":0.0032200994,"data_set_value_component_TF_variable_TF":0.9804837177,"data_set_value_component_TF_variable_k15":1.5,"data_set_value_component_TF_variable_k16_":1.0,"data_set_value_component_TF_variable_k16__":2.0,"data_set_value_component_TF_variable_J15":0.01,"data_set_value_component_TF_variable_J16":0.01,"data_set_value_component_kinetic_parameters_variable_k2_":0.03,"data_set_value_component_kinetic_parameters_variable_k2__":1.0,"data_set_value_component_kinetic_parameters_variable_k2___":0.1,"data_set_value_component_kinetic_parameters_variable_k6":0.1},{"data_set_value_component_environment_variable_time":1.0,"data_set_value_component_Cdc13T_variable_Cdc13T":0.0760809142,"data_set_value_component_Cdc13T_variable_k1":0.03,"data_set_value_component_preMPF_variable_preMPF":0.0479822621,"data_set_value_component_preMPF_variable_kwee":1.2999390248,"data_set_value_component_preMPF_variable_kwee_":0.15,"data_set_value_component_preMPF_variable_kwee__":1.3,"data_set_value_component_preMPF_variable_Vawee":0.25,"data_set_value_component_preMPF_variable_Viwee":1.0,"data_set_value_component_preMPF_variable_Jawee":0.01,"data_set_value_component_preMPF_variable_Jiwee":0.01,"data_set_value_component_preMPF_variable_k25":0.0502624587,"data_set_value_component_preMPF_variable_k25_":0.05,"data_set_value_component_preMPF_variable_k25__":5.0,"data_set_value_component_preMPF_variable_Va25":1.0,"data_set_value_component_preMPF_variable_Vi25":0.25,"data_set_value_component_preMPF_variable_Ja25":0.01,"data_set_value_component_preMPF_variable_Ji25":0.01,"data_set_value_component_Ste9_variable_Ste9":0.9998751932,"data_set_value_component_Ste9_variable_k3_":1.0,"data_set_value_component_Ste9_variable_k3__":10.0,"data_set_value_component_Ste9_variable_k4":35.0,"data_set_value_component_Ste9_variable_k4_":2.0,"data_set_value_component_Ste9_variable_J3":0.01,"data_set_value_component_Ste9_variable_J4":0.01,"data_set_value_component_Slp1T_variable_Slp1T":0.0089583545,"data_set_value_component_Slp1T_variable_k5_":0.005,"data_set_value_component_Slp1T_variable_k5__":0.3,"data_set_value_component_Slp1T_variable_J5":0.3,"data_set_value_component_Slp1_variable_Slp1":1.7543314092,"data_set_value_component_Slp1_variable_k7":1.0,"data_set_value_component_Slp1_variable_k8":0.25,"data_set_value_component_Slp1_variable_J7":0.001,"data_set_value_component_Slp1_variable_J8":0.001,"data_set_value_component_IEP_variable_IEP":0.0005582258,"data_set_value_component_IEP_variable_k9":0.1,"data_set_value_component_IEP_variable_k10":0.04,"data_set_value_component_IEP_variable_J9":0.01,"data_set_value_component_IEP_variable_J10":0.01,"data_set_value_component_Rum1T_variable_Rum1T":0.0925741797,"data_set_value_component_Rum1T_variable_k11":0.1,"data_set_value_component_Rum1T_variable_k12":0.01,"data_set_value_component_Rum1T_variable_k12_":1.0,"data_set_value_component_Rum1T_variable_k12__":3.0,"data_set_value_component_SK_variable_SK":0.0920686218,"data_set_value_component_SK_variable_k13":0.1,"data_set_value_component_SK_variable_k14":0.1,"data_set_value_component_M_variable_M":1.0050125209,"data_set_value_component_M_variable_mu":0.005,"data_set_value_component_Trimer_variable_Trimer":0.0724750372,"data_set_value_component_Trimer_variable_sum":0.169655094,"data_set_value_component_Trimer_variable_Kdiss":0.001,"data_set_value_component_MPF_variable_MPF":0.0013317438,"data_set_value_component_TF_variable_TF":0.980726414,"data_set_value_component_TF_variable_k15":1.5,"data_set_value_component_TF_variable_k16_":1.0,"data_set_value_component_TF_variable_k16__":2.0,"data_set_value_component_TF_variable_J15":0.01,"data_set_value_component_TF_variable_J16":0.01,"data_set_value_component_kinetic_parameters_variable_k2_":0.03,"data_set_value_component_kinetic_parameters_variable_k2__":1.0,"data_set_value_component_kinetic_parameters_variable_k2___":0.1,"data_set_value_component_kinetic_parameters_variable_k6":0.1}]