[{"data_set_value_component_environment_variable_time":0.0,"data_set_value_component_uninfected_variable_s":10.0,"data_set_value_component_uninfected_variable_r":0.03,"data_set_value_component_uninfected_variable_T_max":1500.0,"data_set_value_component_uninfected_variable_mu_T":0.02,"data_set_value_component_uninfected_variable_T":1000.0,"data_set_value_component_latently_infected_variable_k_1":0.000024,"data_set_value_component_latently_infected_variable_T_1":0.0,"data_set_value_component_actively_infected_variable_k_2":0.003,"data_set_value_component_actively_infected_variable_mu_b":0.24,"data_set_value_component_actively_infected_variable_T_2":0.0,"data_set_value_component_free_virus_particle_variable_mu_V":2.4,"data_set_value_component_free_virus_particle_variable_N":1400.0,"data_set_value_component_free_virus_particle_variable_V":0.001,"data_set_value_component_T_cell_population_variable_T_tot":1000.0},{"data_set_value_component_environment_variable_time":0.1,"data_set_value_component_uninfected_variable_s":10.0,"data_set_value_component_uninfected_variable_r":0.03,"data_set_value_component_uninfected_variable_T_max":1500.0,"data_set_value_component_uninfected_variable_mu_T":0.02,"data_set_value_component_uninfected_variable_T":999.9999978692,"data_set_value_component_latently_infected_variable_k_1":0.000024,"data_set_value_component_latently_infected_variable_T_1":0.0000021294,"data_set_value_component_actively_infected_variable_k_2":0.003,"data_set_value_component_actively_infected_variable_mu_b":0.24,"data_set_value_component_actively_infected_variable_T_2":0.0000000003,"data_set_value_component_free_virus_particle_variable_mu_V":2.4,"data_set_value_component_free_virus_particle_variable_N":1400.0,"data_set_value_component_free_virus_particle_variable_V":0.0007846827,"data_set_value_component_T_cell_population_variable_T_tot":999.9999999989},{"data_set_value_component_environment_variable_time":0.2,"data_set_value_component_uninfected_variable_s":10.0,"data_set_value_component_uninfected_variable_r":0.03,"data_set_value_component_uninfected_variable_T_max":1500.0,"data_set_value_component_uninfected_variable_mu_T":0.02,"data_set_value_component_uninfected_variable_T":999.9999961969,"data_set_value_component_latently_infected_variable_k_1":0.000024,"data_set_value_component_latently_infected_variable_T_1":0.0000037978,"data_set_value_component_actively_infected_variable_k_2":0.003,"data_set_value_component_actively_infected_variable_mu_b":0.24,"data_set_value_component_actively_infected_variable_T_2":0.0000000012,"data_set_value_component_free_virus_particle_variable_mu_V":2.4,"data_set_value_component_free_virus_particle_variable_N":1400.0,"data_set_value_component_free_virus_particle_variable_V":0.0006155048,"data_set_value_component_T_cell_population_variable_T_tot":999.9999999959},{"data_set_value_component_environment_variable_time":0.3,"data_set_value_component_uninfected_variable_s":10.0,"data_set_value_component_uninfected_variable_r":0.03,"data_set_value_component_uninfected_variable_T_max":1500.0,"data_set_value_component_uninfected_variable_mu_T":0.02,"data_set_value_component_uninfected_variable_T":999.9999948891,"data_set_value_component_latently_infected_variable_k_1":0.000024,"data_set_value_component_latently_infected_variable_T_1":0.0000050998,"data_set_value_component_actively_infected_variable_k_2":0.003,"data_set_value_component_actively_infected_variable_mu_b":0.24,"data_set_value_component_actively_infected_variable_T_2":0.0000000025,"data_set_value_component_free_virus_particle_variable_mu_V":2.4,"data_set_value_component_free_virus_particle_variable_N":1400.0,"data_set_value_component_free_virus_particle_variable_V":0.0004830251,"data_set_value_component_T_cell_population_variable_T_tot":999.9999999914},{"data_set_value_component_environment_variable_time":0.4,"data_set_value_component_uninfected_variable_s":10.0,"data_set_value_component_uninfected_variable_r":0.03,"data_set_value_component_uninfected_variable_T_max":1500.0,"data_set_value_component_uninfected_variable_mu_T":0.02,"data_set_value_component_uninfected_variable_T":999.9999938658,"data_set_value_component_latently_infected_variable_k_1":0.000024,"data_set_value_component_latently_infected_variable_T_1":0.0000061158,"data_set_value_component_actively_infected_variable_k_2":0.003,"data_set_value_component_actively_infected_variable_mu_b":0.24,"data_set_value_component_actively_infected_variable_T_2":0.0000000041,"data_set_value_component_free_virus_particle_variable_mu_V":2.4,"data_set_value_component_free_virus_particle_variable_N":1400.0,"data_set_value_component_free_virus_particle_variable_V":0.0003792084,"data_set_value_component_T_cell_population_variable_T_tot":999.9999999857},{"data_set_value_component_environment_variable_time":0.5,"data_set_value_component_uninfected_variable_s":10.0,"data_set_value_component_uninfected_variable_r":0.03,"data_set_value_component_uninfected_variable_T_max":1500.0,"data_set_value_component_uninfected_variable_mu_T":0.02,"data_set_value_component_uninfected_variable_T":999.9999930647,"data_set_value_component_latently_infected_variable_k_1":0.000024,"data_set_value_component_latently_infected_variable_T_1":0.0000069085,"data_set_value_component_actively_infected_variable_k_2":0.003,"data_set_value_component_actively_infected_variable_mu_b":0.24,"data_set_value_component_actively_infected_variable_T_2":0.000000006,"data_set_value_component_free_virus_particle_variable_mu_V":2.4,"data_set_value_component_free_virus_particle_variable_N":1400.0,"data_set_value_component_free_virus_particle_variable_V":0.0002977951,"data_set_value_component_T_cell_population_variable_T_tot":999.9999999791},{"data_set_value_component_environment_variable_time":0.6,"data_set_value_component_uninfected_variable_s":10.0,"data_set_value_component_uninfected_variable_r":0.03,"data_set_value_component_uninfected_variable_T_max":1500.0,"data_set_value_component_uninfected_variable_mu_T":0.02,"data_set_value_component_uninfected_variable_T":999.9999924376,"data_set_value_component_latently_infected_variable_k_1":0.000024,"data_set_value_component_latently_infected_variable_T_1":0.0000075263,"data_set_value_component_actively_infected_variable_k_2":0.003,"data_set_value_component_actively_infected_variable_mu_b":0.24,"data_set_value_component_actively_infected_variable_T_2":0.000000008,"data_set_value_component_free_virus_particle_variable_mu_V":2.4,"data_set_value_component_free_virus_particle_variable_N":1400.0,"data_set_value_component_free_virus_particle_variable_V":0.0002339544,"data_set_value_component_T_cell_population_variable_T_tot":999.9999999718},{"data_set_value_component_environment_variable_time":0.7,"data_set_value_component_uninfected_variable_s":10.0,"data_set_value_component_uninfected_variable_r":0.03,"data_set_value_component_uninfected_variable_T_max":1500.0,"data_set_value_component_uninfected_variable_mu_T":0.02,"data_set_value_component_uninfected_variable_T":999.9999919467,"data_set_value_component_latently_infected_variable_k_1":0.000024,"data_set_value_component_latently_infected_variable_T_1":0.0000080072,"data_set_value_component_actively_infected_variable_k_2":0.003,"data_set_value_component_actively_infected_variable_mu_b":0.24,"data_set_value_component_actively_infected_variable_T_2":0.0000000101,"data_set_value_component_free_virus_particle_variable_mu_V":2.4,"data_set_value_component_free_virus_particle_variable_N":1400.0,"data_set_value_component_free_virus_particle_variable_V":0.0001838767,"data_set_value_component_T_cell_population_variable_T_tot":999.9999999639},{"data_set_value_component_environment_variable_time":0.8,"data_set_value_component_uninfected_variable_s":10.0,"data_set_value_component_uninfected_variable_r":0.03,"data_set_value_component_uninfected_variable_T_max":1500.0,"data_set_value_component_uninfected_variable_mu_T":0.02,"data_set_value_component_uninfected_variable_T":999.9999915625,"data_set_value_component_latently_infected_variable_k_1":0.000024,"data_set_value_component_latently_infected_variable_T_1":0.0000083809,"data_set_value_component_actively_infected_variable_k_2":0.003,"data_set_value_component_actively_infected_variable_mu_b":0.24,"data_set_value_component_actively_infected_variable_T_2":0.0000000123,"data_set_value_component_free_virus_particle_variable_mu_V":2.4,"data_set_value_component_free_virus_particle_variable_N":1400.0,"data_set_value_component_free_virus_particle_variable_V":0.0001446065,"data_set_value_component_T_cell_population_variable_T_tot":999.9999999556},{"data_set_value_component_environment_variable_time":0.9,"data_set_value_component_uninfected_variable_s":10.0,"data_set_value_component_uninfected_variable_r":0.03,"data_set_value_component_uninfected_variable_T_max":1500.0,"data_set_value_component_uninfected_variable_mu_T":0.02,"data_set_value_component_uninfected_variable_T":999.9999912617,"data_set_value_component_latently_infected_variable_k_1":0.000024,"data_set_value_component_latently_infected_variable_T_1":0.0000086707,"data_set_value_component_actively_infected_variable_k_2":0.003,"data_set_value_component_actively_infected_variable_mu_b":0.24,"data_set_value_component_actively_infected_variable_T_2":0.0000000145,"data_set_value_component_free_virus_particle_variable_mu_V":2.4,"data_set_value_component_free_virus_particle_variable_N":1400.0,"data_set_value_component_free_virus_particle_variable_V":0.0001138066,"data_set_value_component_T_cell_population_variable_T_tot":999.9999999469},{"data_set_value_component_environment_variable_time":1.0,"data_set_value_component_uninfected_variable_s":10.0,"data_set_value_component_uninfected_variable_r":0.03,"data_set_value_component_uninfected_variable_T_max":1500.0,"data_set_value_component_uninfected_variable_mu_T":0.02,"data_set_value_component_uninfected_variable_T":999.9999910265,"data_set_value_component_latently_infected_variable_k_1":0.000024,"data_set_value_component_latently_infected_variable_T_1":0.0000088947,"data_set_value_component_actively_infected_variable_k_2":0.003,"data_set_value_component_actively_infected_variable_mu_b":0.24,"data_set_value_component_actively_infected_variable_T_2":0.0000000168,"data_set_value_component_free_virus_particle_variable_mu_V":2.4,"data_set_value_component_free_virus_particle_variable_N":1400.0,"data_set_value_component_free_virus_particle_variable_V":0.0000896641,"data_set_value_component_T_cell_population_variable_T_tot":999.9999999379}]