[{"data_set_value_component_environment_variable_time":0.0,"data_set_value_component_membrane_variable_V":-61.0,"data_set_value_component_membrane_variable_Cm":6158.0,"data_set_value_component_K_current_variable_i_K":17.55,"data_set_value_component_K_current_variable_V_K":-70.0,"data_set_value_component_K_current_variable_g_K":3900.0,"data_set_value_component_K_channel_n_gate_variable_n":0.0005,"data_set_value_component_K_channel_n_gate_variable_n_infinity":0.0004679567,"data_set_value_component_K_channel_n_gate_variable_tau_n":9.0857462734,"data_set_value_component_K_channel_n_gate_variable_Vn":-15.0,"data_set_value_component_K_channel_n_gate_variable_Sn":6.0,"data_set_value_component_K_channel_n_gate_variable_lambda_n":1.85,"data_set_value_component_K_ATP_current_variable_i_K_ATP":1350.0,"data_set_value_component_K_ATP_current_variable_g_K_ATP":150.0,"data_set_value_component_fast_Ca_current_variable_i_Ca_f":-548.7020358916,"data_set_value_component_fast_Ca_current_variable_V_Ca":100.0,"data_set_value_component_fast_Ca_current_variable_g_Ca_f":810.0,"data_set_value_component_fast_Ca_channel_m_gate_variable_m_f_infinity":0.004207515,"data_set_value_component_fast_Ca_channel_m_gate_variable_Vm_f":-20.0,"data_set_value_component_fast_Ca_channel_m_gate_variable_Sm_f":7.5,"data_set_value_component_slow_Ca_current_variable_i_Ca_s":-793.8813162702,"data_set_value_component_slow_Ca_current_variable_g_Ca_s":510.0,"data_set_value_component_slow_Ca_channel_m_gate_variable_m_s_infinity":0.0109869426,"data_set_value_component_slow_Ca_channel_m_gate_variable_Vm_s":-16.0,"data_set_value_component_slow_Ca_channel_m_gate_variable_Sm_s":10.0,"data_set_value_component_slow_Ca_channel_j_gate_variable_jm":0.12,"data_set_value_component_slow_Ca_channel_j_gate_variable_jm_infinity":0.01798621,"data_set_value_component_slow_Ca_channel_j_gate_variable_Vj":-53.0,"data_set_value_component_slow_Ca_channel_j_gate_variable_tau_j":8145.055720852,"data_set_value_component_slow_Ca_channel_j_gate_variable_Sj":2.0,"data_set_value_component_Ca_current_total_variable_i_Ca":-1342.5833521618,"data_set_value_component_K_Ca_current_variable_i_K_Ca":3.4548944338,"data_set_value_component_K_Ca_current_variable_g_K_Ca":1200.0,"data_set_value_component_K_Ca_current_variable_kdkca":0.55,"data_set_value_component_CRAC_current_variable_i_CRAC":-5.8148994036,"data_set_value_component_CRAC_current_variable_g_CRAC":75.0,"data_set_value_component_CRAC_current_variable_V_CRAC":0.0,"data_set_value_component_CRAC_r_gate_variable_r_infinity":0.0012710163,"data_set_value_component_CRAC_r_gate_variable_Ca_er_bar":40.0,"data_set_value_component_CRAC_r_gate_variable_sloper":3.0,"data_set_value_component_leak_current_variable_i_leak":0.0,"data_set_value_component_leak_current_variable_g_leak":0.0,"data_set_value_component_ER_parameters_variable_J_er_p":0.1437623762,"data_set_value_component_ER_parameters_variable_IP3":0.0,"data_set_value_component_ER_parameters_variable_kerp":0.09,"data_set_value_component_ER_parameters_variable_verp":0.24,"data_set_value_component_ER_parameters_variable_dact":0.35,"data_set_value_component_ER_parameters_variable_dinh":0.4,"data_set_value_component_ER_parameters_variable_dip3":0.2,"data_set_value_component_ER_parameters_variable_a_infinity":0.2391304348,"data_set_value_component_ER_parameters_variable_b_infinity":0.0,"data_set_value_component_ER_parameters_variable_h_infinity":0.7843137255,"data_set_value_component_ER_parameters_variable_O":0.0,"data_set_value_component_Ca_equations_variable_Ca_er":60.0,"data_set_value_component_Ca_equations_variable_Ca_i":0.11,"data_set_value_component_Ca_equations_variable_J_er_tot":0.0359076238,"data_set_value_component_Ca_equations_variable_J_er_IP3":0.0,"data_set_value_component_Ca_equations_variable_J_er_leak":0.17967,"data_set_value_component_Ca_equations_variable_perl":0.003,"data_set_value_component_Ca_equations_variable_lambda_er":250.0,"data_set_value_component_Ca_equations_variable_sigma_er":1.0,"data_set_value_component_Ca_membrane_flux_variable_kmp":0.35,"data_set_value_component_Ca_membrane_flux_variable_vmp":0.08,"data_set_value_component_Ca_membrane_flux_variable_gamma":0.000003607,"data_set_value_component_Ca_membrane_flux_variable_J_mem_tot":-0.0000234898,"data_set_value_component_Ca_membrane_flux_variable_Jmp":0.007191679,"data_set_value_component_Ca_membrane_flux_variable_f":0.01},{"data_set_value_component_environment_variable_time":0.1,"data_set_value_component_membrane_variable_V":-61.0003666121,"data_set_value_component_membrane_variable_Cm":6158.0,"data_set_value_component_K_current_variable_i_K":17.5269156929,"data_set_value_component_K_current_variable_V_K":-70.0,"data_set_value_component_K_current_variable_g_K":3900.0,"data_set_value_component_K_channel_n_gate_variable_n":0.0004993627,"data_set_value_component_K_channel_n_gate_variable_n_infinity":0.0004679281,"data_set_value_component_K_channel_n_gate_variable_tau_n":9.0857465331,"data_set_value_component_K_channel_n_gate_variable_Vn":-15.0,"data_set_value_component_K_channel_n_gate_variable_Sn":6.0,"data_set_value_component_K_channel_n_gate_variable_lambda_n":1.85,"data_set_value_component_K_ATP_current_variable_i_K_ATP":1349.9450081844,"data_set_value_component_K_ATP_current_variable_g_K_ATP":150.0,"data_set_value_component_fast_Ca_current_variable_i_Ca_f":-548.6765773346,"data_set_value_component_fast_Ca_current_variable_V_Ca":100.0,"data_set_value_component_fast_Ca_current_variable_g_Ca_f":810.0,"data_set_value_component_fast_Ca_channel_m_gate_variable_m_f_infinity":0.0042073102,"data_set_value_component_fast_Ca_channel_m_gate_variable_Vm_f":-20.0,"data_set_value_component_fast_Ca_channel_m_gate_variable_Sm_f":7.5,"data_set_value_component_slow_Ca_current_variable_i_Ca_s":-793.8554695678,"data_set_value_component_slow_Ca_current_variable_g_Ca_s":510.0,"data_set_value_component_slow_Ca_channel_m_gate_variable_m_s_infinity":0.0109865443,"data_set_value_component_slow_Ca_channel_m_gate_variable_Vm_s":-16.0,"data_set_value_component_slow_Ca_channel_m_gate_variable_Sm_s":10.0,"data_set_value_component_slow_Ca_channel_j_gate_variable_jm":0.1199987474,"data_set_value_component_slow_Ca_channel_j_gate_variable_jm_infinity":0.0179829726,"data_set_value_component_slow_Ca_channel_j_gate_variable_Vj":-53.0,"data_set_value_component_slow_Ca_channel_j_gate_variable_tau_j":8144.4686139762,"data_set_value_component_slow_Ca_channel_j_gate_variable_Sj":2.0,"data_set_value_component_Ca_current_total_variable_i_Ca":-1342.5320469024,"data_set_value_component_K_Ca_current_variable_i_K_Ca":3.4566388301,"data_set_value_component_K_Ca_current_variable_g_K_Ca":1200.0,"data_set_value_component_K_Ca_current_variable_kdkca":0.55,"data_set_value_component_CRAC_current_variable_i_CRAC":-5.814962144,"data_set_value_component_CRAC_current_variable_g_CRAC":75.0,"data_set_value_component_CRAC_current_variable_V_CRAC":0.0,"data_set_value_component_CRAC_r_gate_variable_r_infinity":0.0012710223,"data_set_value_component_CRAC_r_gate_variable_Ca_er_bar":40.0,"data_set_value_component_CRAC_r_gate_variable_sloper":3.0,"data_set_value_component_leak_current_variable_i_leak":0.0,"data_set_value_component_leak_current_variable_g_leak":0.0,"data_set_value_component_ER_parameters_variable_J_er_p":0.143774959,"data_set_value_component_ER_parameters_variable_IP3":0.0,"data_set_value_component_ER_parameters_variable_kerp":0.09,"data_set_value_component_ER_parameters_variable_verp":0.24,"data_set_value_component_ER_parameters_variable_dact":0.35,"data_set_value_component_ER_parameters_variable_dinh":0.4,"data_set_value_component_ER_parameters_variable_dip3":0.2,"data_set_value_component_ER_parameters_variable_a_infinity":0.2391502926,"data_set_value_component_ER_parameters_variable_b_infinity":0.0,"data_set_value_component_ER_parameters_variable_h_infinity":0.7842952626,"data_set_value_component_ER_parameters_variable_O":0.0,"data_set_value_component_Ca_equations_variable_Ca_er":59.9999856432,"data_set_value_component_Ca_equations_variable_Ca_i":0.1100120058,"data_set_value_component_Ca_equations_variable_J_er_tot":0.035894962,"data_set_value_component_Ca_equations_variable_J_er_IP3":0.0,"data_set_value_component_Ca_equations_variable_J_er_leak":0.1796699209,"data_set_value_component_Ca_equations_variable_perl":0.003,"data_set_value_component_Ca_equations_variable_lambda_er":250.0,"data_set_value_component_Ca_equations_variable_sigma_er":1.0,"data_set_value_component_Ca_membrane_flux_variable_kmp":0.35,"data_set_value_component_Ca_membrane_flux_variable_vmp":0.08,"data_set_value_component_Ca_membrane_flux_variable_gamma":0.000003607,"data_set_value_component_Ca_membrane_flux_variable_J_mem_tot":-0.0000235059,"data_set_value_component_Ca_membrane_flux_variable_Jmp":0.0071931078,"data_set_value_component_Ca_membrane_flux_variable_f":0.01},{"data_set_value_component_environment_variable_time":0.2,"data_set_value_component_membrane_variable_V":-61.0007328184,"data_set_value_component_membrane_variable_Cm":6158.0,"data_set_value_component_K_current_variable_i_K":17.5042655783,"data_set_value_component_K_current_variable_V_K":-70.0,"data_set_value_component_K_current_variable_g_K":3900.0,"data_set_value_component_K_channel_n_gate_variable_n":0.0004987376,"data_set_value_component_K_channel_n_gate_variable_n_infinity":0.0004678996,"data_set_value_component_K_channel_n_gate_variable_tau_n":9.0857467926,"data_set_value_component_K_channel_n_gate_variable_Vn":-15.0,"data_set_value_component_K_channel_n_gate_variable_Sn":6.0,"data_set_value_component_K_channel_n_gate_variable_lambda_n":1.85,"data_set_value_component_K_ATP_current_variable_i_K_ATP":1349.8900772369,"data_set_value_component_K_ATP_current_variable_g_K_ATP":150.0,"data_set_value_component_fast_Ca_current_variable_i_Ca_f":-548.6511481276,"data_set_value_component_fast_Ca_current_variable_V_Ca":100.0,"data_set_value_component_fast_Ca_current_variable_g_Ca_f":810.0,"data_set_value_component_fast_Ca_channel_m_gate_variable_m_f_infinity":0.0042071057,"data_set_value_component_fast_Ca_channel_m_gate_variable_Vm_f":-20.0,"data_set_value_component_fast_Ca_channel_m_gate_variable_Sm_f":7.5,"data_set_value_component_slow_Ca_current_variable_i_Ca_s":-793.8296536528,"data_set_value_component_slow_Ca_current_variable_g_Ca_s":510.0,"data_set_value_component_slow_Ca_channel_m_gate_variable_m_s_infinity":0.0109861464,"data_set_value_component_slow_Ca_channel_m_gate_variable_Vm_s":-16.0,"data_set_value_component_slow_Ca_channel_m_gate_variable_Sm_s":10.0,"data_set_value_component_slow_Ca_channel_j_gate_variable_jm":0.1199974947,"data_set_value_component_slow_Ca_channel_j_gate_variable_jm_infinity":0.0179797393,"data_set_value_component_slow_Ca_channel_j_gate_variable_Vj":-53.0,"data_set_value_component_slow_Ca_channel_j_gate_variable_tau_j":8143.8822047949,"data_set_value_component_slow_Ca_channel_j_gate_variable_Sj":2.0,"data_set_value_component_Ca_current_total_variable_i_Ca":-1342.4808017803,"data_set_value_component_K_Ca_current_variable_i_K_Ca":3.4583829817,"data_set_value_component_K_Ca_current_variable_g_K_Ca":1200.0,"data_set_value_component_K_Ca_current_variable_kdkca":0.55,"data_set_value_component_CRAC_current_variable_i_CRAC":-5.8150248361,"data_set_value_component_CRAC_current_variable_g_CRAC":75.0,"data_set_value_component_CRAC_current_variable_V_CRAC":0.0,"data_set_value_component_CRAC_r_gate_variable_r_infinity":0.0012710284,"data_set_value_component_CRAC_r_gate_variable_Ca_er_bar":40.0,"data_set_value_component_CRAC_r_gate_variable_sloper":3.0,"data_set_value_component_leak_current_variable_i_leak":0.0,"data_set_value_component_leak_current_variable_g_leak":0.0,"data_set_value_component_ER_parameters_variable_J_er_p":0.1437875326,"data_set_value_component_ER_parameters_variable_IP3":0.0,"data_set_value_component_ER_parameters_variable_kerp":0.09,"data_set_value_component_ER_parameters_variable_verp":0.24,"data_set_value_component_ER_parameters_variable_dact":0.35,"data_set_value_component_ER_parameters_variable_dinh":0.4,"data_set_value_component_ER_parameters_variable_dip3":0.2,"data_set_value_component_ER_parameters_variable_a_infinity":0.2391701382,"data_set_value_component_ER_parameters_variable_b_infinity":0.0,"data_set_value_component_ER_parameters_variable_h_infinity":0.784276811,"data_set_value_component_ER_parameters_variable_O":0.0,"data_set_value_component_Ca_equations_variable_Ca_er":59.9999712916,"data_set_value_component_Ca_equations_variable_Ca_i":0.1100240048,"data_set_value_component_Ca_equations_variable_J_er_tot":0.0358823092,"data_set_value_component_Ca_equations_variable_J_er_IP3":0.0,"data_set_value_component_Ca_equations_variable_J_er_leak":0.1796698419,"data_set_value_component_Ca_equations_variable_perl":0.003,"data_set_value_component_Ca_equations_variable_lambda_er":250.0,"data_set_value_component_Ca_equations_variable_sigma_er":1.0,"data_set_value_component_Ca_membrane_flux_variable_kmp":0.35,"data_set_value_component_Ca_membrane_flux_variable_vmp":0.08,"data_set_value_component_Ca_membrane_flux_variable_gamma":0.000003607,"data_set_value_component_Ca_membrane_flux_variable_J_mem_tot":-0.0000235221,"data_set_value_component_Ca_membrane_flux_variable_Jmp":0.0071945359,"data_set_value_component_Ca_membrane_flux_variable_f":0.01},{"data_set_value_component_environment_variable_time":0.3,"data_set_value_component_membrane_variable_V":-61.0010987595,"data_set_value_component_membrane_variable_Cm":6158.0,"data_set_value_component_K_current_variable_i_K":17.4818997978,"data_set_value_component_K_current_variable_V_K":-70.0,"data_set_value_component_K_current_variable_g_K":3900.0,"data_set_value_component_K_channel_n_gate_variable_n":0.0004981206,"data_set_value_component_K_channel_n_gate_variable_n_infinity":0.0004678711,"data_set_value_component_K_channel_n_gate_variable_tau_n":9.0857470519,"data_set_value_component_K_channel_n_gate_variable_Vn":-15.0,"data_set_value_component_K_channel_n_gate_variable_Sn":6.0,"data_set_value_component_K_channel_n_gate_variable_lambda_n":1.85,"data_set_value_component_K_ATP_current_variable_i_K_ATP":1349.8351860677,"data_set_value_component_K_ATP_current_variable_g_K_ATP":150.0,"data_set_value_component_fast_Ca_current_variable_i_Ca_f":-548.6257385041,"data_set_value_component_fast_Ca_current_variable_V_Ca":100.0,"data_set_value_component_fast_Ca_current_variable_g_Ca_f":810.0,"data_set_value_component_fast_Ca_channel_m_gate_variable_m_f_infinity":0.0042069013,"data_set_value_component_fast_Ca_channel_m_gate_variable_Vm_f":-20.0,"data_set_value_component_fast_Ca_channel_m_gate_variable_Sm_f":7.5,"data_set_value_component_slow_Ca_current_variable_i_Ca_s":-793.8038581409,"data_set_value_component_slow_Ca_current_variable_g_Ca_s":510.0,"data_set_value_component_slow_Ca_channel_m_gate_variable_m_s_infinity":0.0109857488,"data_set_value_component_slow_Ca_channel_m_gate_variable_Vm_s":-16.0,"data_set_value_component_slow_Ca_channel_m_gate_variable_Sm_s":10.0,"data_set_value_component_slow_Ca_channel_j_gate_variable_jm":0.1199962419,"data_set_value_component_slow_Ca_channel_j_gate_variable_jm_infinity":0.017976509,"data_set_value_component_slow_Ca_channel_j_gate_variable_Vj":-53.0,"data_set_value_component_slow_Ca_channel_j_gate_variable_tau_j":8143.2962680319,"data_set_value_component_slow_Ca_channel_j_gate_variable_Sj":2.0,"data_set_value_component_Ca_current_total_variable_i_Ca":-1342.429596645,"data_set_value_component_K_Ca_current_variable_i_K_Ca":3.4601272045,"data_set_value_component_K_Ca_current_variable_g_K_Ca":1200.0,"data_set_value_component_K_Ca_current_variable_kdkca":0.55,"data_set_value_component_CRAC_current_variable_i_CRAC":-5.8150874969,"data_set_value_component_CRAC_current_variable_g_CRAC":75.0,"data_set_value_component_CRAC_current_variable_V_CRAC":0.0,"data_set_value_component_CRAC_r_gate_variable_r_infinity":0.0012710345,"data_set_value_component_CRAC_r_gate_variable_Ca_er_bar":40.0,"data_set_value_component_CRAC_r_gate_variable_sloper":3.0,"data_set_value_component_leak_current_variable_i_leak":0.0,"data_set_value_component_leak_current_variable_g_leak":0.0,"data_set_value_component_ER_parameters_variable_J_er_p":0.1438000997,"data_set_value_component_ER_parameters_variable_IP3":0.0,"data_set_value_component_ER_parameters_variable_kerp":0.09,"data_set_value_component_ER_parameters_variable_verp":0.24,"data_set_value_component_ER_parameters_variable_dact":0.35,"data_set_value_component_ER_parameters_variable_dinh":0.4,"data_set_value_component_ER_parameters_variable_dip3":0.2,"data_set_value_component_ER_parameters_variable_a_infinity":0.2391899754,"data_set_value_component_ER_parameters_variable_b_infinity":0.0,"data_set_value_component_ER_parameters_variable_h_infinity":0.7842583671,"data_set_value_component_ER_parameters_variable_O":0.0,"data_set_value_component_Ca_equations_variable_Ca_er":59.9999569434,"data_set_value_component_Ca_equations_variable_Ca_i":0.1100359993,"data_set_value_component_Ca_equations_variable_J_er_tot":0.0358696631,"data_set_value_component_Ca_equations_variable_J_er_IP3":0.0,"data_set_value_component_Ca_equations_variable_J_er_leak":0.1796697628,"data_set_value_component_Ca_equations_variable_perl":0.003,"data_set_value_component_Ca_equations_variable_lambda_er":250.0,"data_set_value_component_Ca_equations_variable_sigma_er":1.0,"data_set_value_component_Ca_membrane_flux_variable_kmp":0.35,"data_set_value_component_Ca_membrane_flux_variable_vmp":0.08,"data_set_value_component_Ca_membrane_flux_variable_gamma":0.000003607,"data_set_value_component_Ca_membrane_flux_variable_J_mem_tot":-0.0000235382,"data_set_value_component_Ca_membrane_flux_variable_Jmp":0.0071959635,"data_set_value_component_Ca_membrane_flux_variable_f":0.01},{"data_set_value_component_environment_variable_time":0.4,"data_set_value_component_membrane_variable_V":-61.0014644047,"data_set_value_component_membrane_variable_Cm":6158.0,"data_set_value_component_K_current_variable_i_K":17.4598501062,"data_set_value_component_K_current_variable_V_K":-70.0,"data_set_value_component_K_current_variable_g_K":3900.0,"data_set_value_component_K_channel_n_gate_variable_n":0.0004975126,"data_set_value_component_K_channel_n_gate_variable_n_infinity":0.0004678426,"data_set_value_component_K_channel_n_gate_variable_tau_n":9.0857473109,"data_set_value_component_K_channel_n_gate_variable_Vn":-15.0,"data_set_value_component_K_channel_n_gate_variable_Sn":6.0,"data_set_value_component_K_channel_n_gate_variable_lambda_n":1.85,"data_set_value_component_K_ATP_current_variable_i_K_ATP":1349.780339291,"data_set_value_component_K_ATP_current_variable_g_K_ATP":150.0,"data_set_value_component_fast_Ca_current_variable_i_Ca_f":-548.6003505974,"data_set_value_component_fast_Ca_current_variable_V_Ca":100.0,"data_set_value_component_fast_Ca_current_variable_g_Ca_f":810.0,"data_set_value_component_fast_Ca_channel_m_gate_variable_m_f_infinity":0.004206697,"data_set_value_component_fast_Ca_channel_m_gate_variable_Vm_f":-20.0,"data_set_value_component_fast_Ca_channel_m_gate_variable_Sm_f":7.5,"data_set_value_component_slow_Ca_current_variable_i_Ca_s":-793.7780853028,"data_set_value_component_slow_Ca_current_variable_g_Ca_s":510.0,"data_set_value_component_slow_Ca_channel_m_gate_variable_m_s_infinity":0.0109853515,"data_set_value_component_slow_Ca_channel_m_gate_variable_Vm_s":-16.0,"data_set_value_component_slow_Ca_channel_m_gate_variable_Sm_s":10.0,"data_set_value_component_slow_Ca_channel_j_gate_variable_jm":0.119994989,"data_set_value_component_slow_Ca_channel_j_gate_variable_jm_infinity":0.0179732819,"data_set_value_component_slow_Ca_channel_j_gate_variable_Vj":-53.0,"data_set_value_component_slow_Ca_channel_j_gate_variable_tau_j":8142.7108528281,"data_set_value_component_slow_Ca_channel_j_gate_variable_Sj":2.0,"data_set_value_component_Ca_current_total_variable_i_Ca":-1342.3784359002,"data_set_value_component_K_Ca_current_variable_i_K_Ca":3.4618714147,"data_set_value_component_K_Ca_current_variable_g_K_Ca":1200.0,"data_set_value_component_K_Ca_current_variable_kdkca":0.55,"data_set_value_component_CRAC_current_variable_i_CRAC":-5.8151501225,"data_set_value_component_CRAC_current_variable_g_CRAC":75.0,"data_set_value_component_CRAC_current_variable_V_CRAC":0.0,"data_set_value_component_CRAC_r_gate_variable_r_infinity":0.0012710406,"data_set_value_component_CRAC_r_gate_variable_Ca_er_bar":40.0,"data_set_value_component_CRAC_r_gate_variable_sloper":3.0,"data_set_value_component_leak_current_variable_i_leak":0.0,"data_set_value_component_leak_current_variable_g_leak":0.0,"data_set_value_component_ER_parameters_variable_J_er_p":0.1438126596,"data_set_value_component_ER_parameters_variable_IP3":0.0,"data_set_value_component_ER_parameters_variable_kerp":0.09,"data_set_value_component_ER_parameters_variable_verp":0.24,"data_set_value_component_ER_parameters_variable_dact":0.35,"data_set_value_component_ER_parameters_variable_dinh":0.4,"data_set_value_component_ER_parameters_variable_dip3":0.2,"data_set_value_component_ER_parameters_variable_a_infinity":0.2392098031,"data_set_value_component_ER_parameters_variable_b_infinity":0.0,"data_set_value_component_ER_parameters_variable_h_infinity":0.7842399318,"data_set_value_component_ER_parameters_variable_O":0.0,"data_set_value_component_Ca_equations_variable_Ca_er":59.9999425989,"data_set_value_component_Ca_equations_variable_Ca_i":0.1100479888,"data_set_value_component_Ca_equations_variable_J_er_tot":0.0358570242,"data_set_value_component_Ca_equations_variable_J_er_IP3":0.0,"data_set_value_component_Ca_equations_variable_J_er_leak":0.1796696838,"data_set_value_component_Ca_equations_variable_perl":0.003,"data_set_value_component_Ca_equations_variable_lambda_er":250.0,"data_set_value_component_Ca_equations_variable_sigma_er":1.0,"data_set_value_component_Ca_membrane_flux_variable_kmp":0.35,"data_set_value_component_Ca_membrane_flux_variable_vmp":0.08,"data_set_value_component_Ca_membrane_flux_variable_gamma":0.000003607,"data_set_value_component_Ca_membrane_flux_variable_J_mem_tot":-0.0000235543,"data_set_value_component_Ca_membrane_flux_variable_Jmp":0.0071973907,"data_set_value_component_Ca_membrane_flux_variable_f":0.01},{"data_set_value_component_environment_variable_time":0.5,"data_set_value_component_membrane_variable_V":-61.0018296326,"data_set_value_component_membrane_variable_Cm":6158.0,"data_set_value_component_K_current_variable_i_K":17.4382419186,"data_set_value_component_K_current_variable_V_K":-70.0,"data_set_value_component_K_current_variable_g_K":3900.0,"data_set_value_component_K_channel_n_gate_variable_n":0.000496917,"data_set_value_component_K_channel_n_gate_variable_n_infinity":0.0004678141,"data_set_value_component_K_channel_n_gate_variable_tau_n":9.0857475697,"data_set_value_component_K_channel_n_gate_variable_Vn":-15.0,"data_set_value_component_K_channel_n_gate_variable_Sn":6.0,"data_set_value_component_K_channel_n_gate_variable_lambda_n":1.85,"data_set_value_component_K_ATP_current_variable_i_K_ATP":1349.725555116,"data_set_value_component_K_ATP_current_variable_g_K_ATP":150.0,"data_set_value_component_fast_Ca_current_variable_i_Ca_f":-548.5749928328,"data_set_value_component_fast_Ca_current_variable_V_Ca":100.0,"data_set_value_component_fast_Ca_current_variable_g_Ca_f":810.0,"data_set_value_component_fast_Ca_channel_m_gate_variable_m_f_infinity":0.0042064931,"data_set_value_component_fast_Ca_channel_m_gate_variable_Vm_f":-20.0,"data_set_value_component_fast_Ca_channel_m_gate_variable_Sm_f":7.5,"data_set_value_component_slow_Ca_current_variable_i_Ca_s":-793.7523441045,"data_set_value_component_slow_Ca_current_variable_g_Ca_s":510.0,"data_set_value_component_slow_Ca_channel_m_gate_variable_m_s_infinity":0.0109849547,"data_set_value_component_slow_Ca_channel_m_gate_variable_Vm_s":-16.0,"data_set_value_component_slow_Ca_channel_m_gate_variable_Sm_s":10.0,"data_set_value_component_slow_Ca_channel_j_gate_variable_jm":0.119993736,"data_set_value_component_slow_Ca_channel_j_gate_variable_jm_infinity":0.017970059,"data_set_value_component_slow_Ca_channel_j_gate_variable_Vj":-53.0,"data_set_value_component_slow_Ca_channel_j_gate_variable_tau_j":8142.1261534005,"data_set_value_component_slow_Ca_channel_j_gate_variable_Sj":2.0,"data_set_value_component_Ca_current_total_variable_i_Ca":-1342.3273369373,"data_set_value_component_K_Ca_current_variable_i_K_Ca":3.4636152829,"data_set_value_component_K_Ca_current_variable_g_K_Ca":1200.0,"data_set_value_component_K_Ca_current_variable_kdkca":0.55,"data_set_value_component_CRAC_current_variable_i_CRAC":-5.8152126979,"data_set_value_component_CRAC_current_variable_g_CRAC":75.0,"data_set_value_component_CRAC_current_variable_V_CRAC":0.0,"data_set_value_component_CRAC_r_gate_variable_r_infinity":0.0012710466,"data_set_value_component_CRAC_r_gate_variable_Ca_er_bar":40.0,"data_set_value_component_CRAC_r_gate_variable_sloper":3.0,"data_set_value_component_leak_current_variable_i_leak":0.0,"data_set_value_component_leak_current_variable_g_leak":0.0,"data_set_value_component_ER_parameters_variable_J_er_p":0.1438252098,"data_set_value_component_ER_parameters_variable_IP3":0.0,"data_set_value_component_ER_parameters_variable_kerp":0.09,"data_set_value_component_ER_parameters_variable_verp":0.24,"data_set_value_component_ER_parameters_variable_dact":0.35,"data_set_value_component_ER_parameters_variable_dinh":0.4,"data_set_value_component_ER_parameters_variable_dip3":0.2,"data_set_value_component_ER_parameters_variable_a_infinity":0.2392296176,"data_set_value_component_ER_parameters_variable_b_infinity":0.0,"data_set_value_component_ER_parameters_variable_h_infinity":0.7842215089,"data_set_value_component_ER_parameters_variable_O":0.0,"data_set_value_component_Ca_equations_variable_Ca_er":59.9999282602,"data_set_value_component_Ca_equations_variable_Ca_i":0.1100599709,"data_set_value_component_Ca_equations_variable_J_er_tot":0.0358443951,"data_set_value_component_Ca_equations_variable_J_er_IP3":0.0,"data_set_value_component_Ca_equations_variable_J_er_leak":0.1796696049,"data_set_value_component_Ca_equations_variable_perl":0.003,"data_set_value_component_Ca_equations_variable_lambda_er":250.0,"data_set_value_component_Ca_equations_variable_sigma_er":1.0,"data_set_value_component_Ca_membrane_flux_variable_kmp":0.35,"data_set_value_component_Ca_membrane_flux_variable_vmp":0.08,"data_set_value_component_Ca_membrane_flux_variable_gamma":0.000003607,"data_set_value_component_Ca_membrane_flux_variable_J_mem_tot":-0.0000235704,"data_set_value_component_Ca_membrane_flux_variable_Jmp":0.007198817,"data_set_value_component_Ca_membrane_flux_variable_f":0.01},{"data_set_value_component_environment_variable_time":0.6,"data_set_value_component_membrane_variable_V":-61.0021945203,"data_set_value_component_membrane_variable_Cm":6158.0,"data_set_value_component_K_current_variable_i_K":17.4169953907,"data_set_value_component_K_current_variable_V_K":-70.0,"data_set_value_component_K_current_variable_g_K":3900.0,"data_set_value_component_K_channel_n_gate_variable_n":0.0004963317,"data_set_value_component_K_channel_n_gate_variable_n_infinity":0.0004677857,"data_set_value_component_K_channel_n_gate_variable_tau_n":9.0857478282,"data_set_value_component_K_channel_n_gate_variable_Vn":-15.0,"data_set_value_component_K_channel_n_gate_variable_Sn":6.0,"data_set_value_component_K_channel_n_gate_variable_lambda_n":1.85,"data_set_value_component_K_ATP_current_variable_i_K_ATP":1349.6708219615,"data_set_value_component_K_ATP_current_variable_g_K_ATP":150.0,"data_set_value_component_fast_Ca_current_variable_i_Ca_f":-548.5496598461,"data_set_value_component_fast_Ca_current_variable_V_Ca":100.0,"data_set_value_component_fast_Ca_current_variable_g_Ca_f":810.0,"data_set_value_component_fast_Ca_channel_m_gate_variable_m_f_infinity":0.0042062893,"data_set_value_component_fast_Ca_channel_m_gate_variable_Vm_f":-20.0,"data_set_value_component_fast_Ca_channel_m_gate_variable_Sm_f":7.5,"data_set_value_component_slow_Ca_current_variable_i_Ca_s":-793.7266288394,"data_set_value_component_slow_Ca_current_variable_g_Ca_s":510.0,"data_set_value_component_slow_Ca_channel_m_gate_variable_m_s_infinity":0.0109845583,"data_set_value_component_slow_Ca_channel_m_gate_variable_Vm_s":-16.0,"data_set_value_component_slow_Ca_channel_m_gate_variable_Sm_s":10.0,"data_set_value_component_slow_Ca_channel_j_gate_variable_jm":0.1199924829,"data_set_value_component_slow_Ca_channel_j_gate_variable_jm_infinity":0.0179668396,"data_set_value_component_slow_Ca_channel_j_gate_variable_Vj":-53.0,"data_set_value_component_slow_Ca_channel_j_gate_variable_tau_j":8141.5420459934,"data_set_value_component_slow_Ca_channel_j_gate_variable_Sj":2.0,"data_set_value_component_Ca_current_total_variable_i_Ca":-1342.2762886855,"data_set_value_component_K_Ca_current_variable_i_K_Ca":3.4653590174,"data_set_value_component_K_Ca_current_variable_g_K_Ca":1200.0,"data_set_value_component_K_Ca_current_variable_kdkca":0.55,"data_set_value_component_CRAC_current_variable_i_CRAC":-5.8152752327,"data_set_value_component_CRAC_current_variable_g_CRAC":75.0,"data_set_value_component_CRAC_current_variable_V_CRAC":0.0,"data_set_value_component_CRAC_r_gate_variable_r_infinity":0.0012710527,"data_set_value_component_CRAC_r_gate_variable_Ca_er_bar":40.0,"data_set_value_component_CRAC_r_gate_variable_sloper":3.0,"data_set_value_component_leak_current_variable_i_leak":0.0,"data_set_value_component_leak_current_variable_g_leak":0.0,"data_set_value_component_ER_parameters_variable_J_er_p":0.1438377518,"data_set_value_component_ER_parameters_variable_IP3":0.0,"data_set_value_component_ER_parameters_variable_kerp":0.09,"data_set_value_component_ER_parameters_variable_verp":0.24,"data_set_value_component_ER_parameters_variable_dact":0.35,"data_set_value_component_ER_parameters_variable_dinh":0.4,"data_set_value_component_ER_parameters_variable_dip3":0.2,"data_set_value_component_ER_parameters_variable_a_infinity":0.2392494212,"data_set_value_component_ER_parameters_variable_b_infinity":0.0,"data_set_value_component_ER_parameters_variable_h_infinity":0.7842030959,"data_set_value_component_ER_parameters_variable_O":0.0,"data_set_value_component_Ca_equations_variable_Ca_er":59.9999139259,"data_set_value_component_Ca_equations_variable_Ca_i":0.110071947,"data_set_value_component_Ca_equations_variable_J_er_tot":0.0358317741,"data_set_value_component_Ca_equations_variable_J_er_IP3":0.0,"data_set_value_component_Ca_equations_variable_J_er_leak":0.1796695259,"data_set_value_component_Ca_equations_variable_perl":0.003,"data_set_value_component_Ca_equations_variable_lambda_er":250.0,"data_set_value_component_Ca_equations_variable_sigma_er":1.0,"data_set_value_component_Ca_membrane_flux_variable_kmp":0.35,"data_set_value_component_Ca_membrane_flux_variable_vmp":0.08,"data_set_value_component_Ca_membrane_flux_variable_gamma":0.000003607,"data_set_value_component_Ca_membrane_flux_variable_J_mem_tot":-0.0000235865,"data_set_value_component_Ca_membrane_flux_variable_Jmp":0.0072002428,"data_set_value_component_Ca_membrane_flux_variable_f":0.01},{"data_set_value_component_environment_variable_time":0.7,"data_set_value_component_membrane_variable_V":-61.0025590678,"data_set_value_component_membrane_variable_Cm":6158.0,"data_set_value_component_K_current_variable_i_K":17.3961104766,"data_set_value_component_K_current_variable_V_K":-70.0,"data_set_value_component_K_current_variable_g_K":3900.0,"data_set_value_component_K_channel_n_gate_variable_n":0.0004957566,"data_set_value_component_K_channel_n_gate_variable_n_infinity":0.0004677573,"data_set_value_component_K_channel_n_gate_variable_tau_n":9.0857480864,"data_set_value_component_K_channel_n_gate_variable_Vn":-15.0,"data_set_value_component_K_channel_n_gate_variable_Sn":6.0,"data_set_value_component_K_channel_n_gate_variable_lambda_n":1.85,"data_set_value_component_K_ATP_current_variable_i_K_ATP":1349.6161398273,"data_set_value_component_K_ATP_current_variable_g_K_ATP":150.0,"data_set_value_component_fast_Ca_current_variable_i_Ca_f":-548.5243516339,"data_set_value_component_fast_Ca_current_variable_V_Ca":100.0,"data_set_value_component_fast_Ca_current_variable_g_Ca_f":810.0,"data_set_value_component_fast_Ca_channel_m_gate_variable_m_f_infinity":0.0042060857,"data_set_value_component_fast_Ca_channel_m_gate_variable_Vm_f":-20.0,"data_set_value_component_fast_Ca_channel_m_gate_variable_Sm_f":7.5,"data_set_value_component_slow_Ca_current_variable_i_Ca_s":-793.7009395051,"data_set_value_component_slow_Ca_current_variable_g_Ca_s":510.0,"data_set_value_component_slow_Ca_channel_m_gate_variable_m_s_infinity":0.0109841622,"data_set_value_component_slow_Ca_channel_m_gate_variable_Vm_s":-16.0,"data_set_value_component_slow_Ca_channel_m_gate_variable_Sm_s":10.0,"data_set_value_component_slow_Ca_channel_j_gate_variable_jm":0.1199912297,"data_set_value_component_slow_Ca_channel_j_gate_variable_jm_infinity":0.0179636239,"data_set_value_component_slow_Ca_channel_j_gate_variable_Vj":-53.0,"data_set_value_component_slow_Ca_channel_j_gate_variable_tau_j":8140.9585304712,"data_set_value_component_slow_Ca_channel_j_gate_variable_Sj":2.0,"data_set_value_component_Ca_current_total_variable_i_Ca":-1342.225291139,"data_set_value_component_K_Ca_current_variable_i_K_Ca":3.4671026175,"data_set_value_component_K_Ca_current_variable_g_K_Ca":1200.0,"data_set_value_component_K_Ca_current_variable_kdkca":0.55,"data_set_value_component_CRAC_current_variable_i_CRAC":-5.8153377268,"data_set_value_component_CRAC_current_variable_g_CRAC":75.0,"data_set_value_component_CRAC_current_variable_V_CRAC":0.0,"data_set_value_component_CRAC_r_gate_variable_r_infinity":0.0012710587,"data_set_value_component_CRAC_r_gate_variable_Ca_er_bar":40.0,"data_set_value_component_CRAC_r_gate_variable_sloper":3.0,"data_set_value_component_leak_current_variable_i_leak":0.0,"data_set_value_component_leak_current_variable_g_leak":0.0,"data_set_value_component_ER_parameters_variable_J_er_p":0.1438502858,"data_set_value_component_ER_parameters_variable_IP3":0.0,"data_set_value_component_ER_parameters_variable_kerp":0.09,"data_set_value_component_ER_parameters_variable_verp":0.24,"data_set_value_component_ER_parameters_variable_dact":0.35,"data_set_value_component_ER_parameters_variable_dinh":0.4,"data_set_value_component_ER_parameters_variable_dip3":0.2,"data_set_value_component_ER_parameters_variable_a_infinity":0.239269214,"data_set_value_component_ER_parameters_variable_b_infinity":0.0,"data_set_value_component_ER_parameters_variable_h_infinity":0.7841846929,"data_set_value_component_ER_parameters_variable_O":0.0,"data_set_value_component_Ca_equations_variable_Ca_er":59.9998995961,"data_set_value_component_Ca_equations_variable_Ca_i":0.1100839172,"data_set_value_component_Ca_equations_variable_J_er_tot":0.0358191612,"data_set_value_component_Ca_equations_variable_J_er_IP3":0.0,"data_set_value_component_Ca_equations_variable_J_er_leak":0.179669447,"data_set_value_component_Ca_equations_variable_perl":0.003,"data_set_value_component_Ca_equations_variable_lambda_er":250.0,"data_set_value_component_Ca_equations_variable_sigma_er":1.0,"data_set_value_component_Ca_membrane_flux_variable_kmp":0.35,"data_set_value_component_Ca_membrane_flux_variable_vmp":0.08,"data_set_value_component_Ca_membrane_flux_variable_gamma":0.000003607,"data_set_value_component_Ca_membrane_flux_variable_J_mem_tot":-0.0000236026,"data_set_value_component_Ca_membrane_flux_variable_Jmp":0.0072016679,"data_set_value_component_Ca_membrane_flux_variable_f":0.01},{"data_set_value_component_environment_variable_time":0.8,"data_set_value_component_membrane_variable_V":-61.0029232579,"data_set_value_component_membrane_variable_Cm":6158.0,"data_set_value_component_K_current_variable_i_K":17.3755948402,"data_set_value_component_K_current_variable_V_K":-70.0,"data_set_value_component_K_current_variable_g_K":3900.0,"data_set_value_component_K_channel_n_gate_variable_n":0.000495192,"data_set_value_component_K_channel_n_gate_variable_n_infinity":0.0004677289,"data_set_value_component_K_channel_n_gate_variable_tau_n":9.0857483443,"data_set_value_component_K_channel_n_gate_variable_Vn":-15.0,"data_set_value_component_K_channel_n_gate_variable_Sn":6.0,"data_set_value_component_K_channel_n_gate_variable_lambda_n":1.85,"data_set_value_component_K_ATP_current_variable_i_K_ATP":1349.5615113188,"data_set_value_component_K_ATP_current_variable_g_K_ATP":150.0,"data_set_value_component_fast_Ca_current_variable_i_Ca_f":-548.4990693986,"data_set_value_component_fast_Ca_current_variable_V_Ca":100.0,"data_set_value_component_fast_Ca_current_variable_g_Ca_f":810.0,"data_set_value_component_fast_Ca_channel_m_gate_variable_m_f_infinity":0.0042058823,"data_set_value_component_fast_Ca_channel_m_gate_variable_Vm_f":-20.0,"data_set_value_component_fast_Ca_channel_m_gate_variable_Sm_f":7.5,"data_set_value_component_slow_Ca_current_variable_i_Ca_s":-793.6752773959,"data_set_value_component_slow_Ca_current_variable_g_Ca_s":510.0,"data_set_value_component_slow_Ca_channel_m_gate_variable_m_s_infinity":0.0109837666,"data_set_value_component_slow_Ca_channel_m_gate_variable_Vm_s":-16.0,"data_set_value_component_slow_Ca_channel_m_gate_variable_Sm_s":10.0,"data_set_value_component_slow_Ca_channel_j_gate_variable_jm":0.1199899763,"data_set_value_component_slow_Ca_channel_j_gate_variable_jm_infinity":0.0179604118,"data_set_value_component_slow_Ca_channel_j_gate_variable_Vj":-53.0,"data_set_value_component_slow_Ca_channel_j_gate_variable_tau_j":8140.3756344959,"data_set_value_component_slow_Ca_channel_j_gate_variable_Sj":2.0,"data_set_value_component_Ca_current_total_variable_i_Ca":-1342.1743467945,"data_set_value_component_K_Ca_current_variable_i_K_Ca":3.4688458906,"data_set_value_component_K_Ca_current_variable_g_K_Ca":1200.0,"data_set_value_component_K_Ca_current_variable_kdkca":0.55,"data_set_value_component_CRAC_current_variable_i_CRAC":-5.8154001767,"data_set_value_component_CRAC_current_variable_g_CRAC":75.0,"data_set_value_component_CRAC_current_variable_V_CRAC":0.0,"data_set_value_component_CRAC_r_gate_variable_r_infinity":0.0012710648,"data_set_value_component_CRAC_r_gate_variable_Ca_er_bar":40.0,"data_set_value_component_CRAC_r_gate_variable_sloper":3.0,"data_set_value_component_leak_current_variable_i_leak":0.0,"data_set_value_component_leak_current_variable_g_leak":0.0,"data_set_value_component_ER_parameters_variable_J_er_p":0.1438628103,"data_set_value_component_ER_parameters_variable_IP3":0.0,"data_set_value_component_ER_parameters_variable_kerp":0.09,"data_set_value_component_ER_parameters_variable_verp":0.24,"data_set_value_component_ER_parameters_variable_dact":0.35,"data_set_value_component_ER_parameters_variable_dinh":0.4,"data_set_value_component_ER_parameters_variable_dip3":0.2,"data_set_value_component_ER_parameters_variable_a_infinity":0.2392889939,"data_set_value_component_ER_parameters_variable_b_infinity":0.0,"data_set_value_component_ER_parameters_variable_h_infinity":0.7841663018,"data_set_value_component_ER_parameters_variable_O":0.0,"data_set_value_component_Ca_equations_variable_Ca_er":59.9998852717,"data_set_value_component_Ca_equations_variable_Ca_i":0.1100958803,"data_set_value_component_Ca_equations_variable_J_er_tot":0.0358065578,"data_set_value_component_Ca_equations_variable_J_er_IP3":0.0,"data_set_value_component_Ca_equations_variable_J_er_leak":0.1796693682,"data_set_value_component_Ca_equations_variable_perl":0.003,"data_set_value_component_Ca_equations_variable_lambda_er":250.0,"data_set_value_component_Ca_equations_variable_sigma_er":1.0,"data_set_value_component_Ca_membrane_flux_variable_kmp":0.35,"data_set_value_component_Ca_membrane_flux_variable_vmp":0.08,"data_set_value_component_Ca_membrane_flux_variable_gamma":0.000003607,"data_set_value_component_Ca_membrane_flux_variable_J_mem_tot":-0.0000236187,"data_set_value_component_Ca_membrane_flux_variable_Jmp":0.0072030923,"data_set_value_component_Ca_membrane_flux_variable_f":0.01},{"data_set_value_component_environment_variable_time":0.9,"data_set_value_component_membrane_variable_V":-61.0032870973,"data_set_value_component_membrane_variable_Cm":6158.0,"data_set_value_component_K_current_variable_i_K":17.3554453636,"data_set_value_component_K_current_variable_V_K":-70.0,"data_set_value_component_K_current_variable_g_K":3900.0,"data_set_value_component_K_channel_n_gate_variable_n":0.0004946378,"data_set_value_component_K_channel_n_gate_variable_n_infinity":0.0004677005,"data_set_value_component_K_channel_n_gate_variable_tau_n":9.085748602,"data_set_value_component_K_channel_n_gate_variable_Vn":-15.0,"data_set_value_component_K_channel_n_gate_variable_Sn":6.0,"data_set_value_component_K_channel_n_gate_variable_lambda_n":1.85,"data_set_value_component_K_ATP_current_variable_i_K_ATP":1349.5069353981,"data_set_value_component_K_ATP_current_variable_g_K_ATP":150.0,"data_set_value_component_fast_Ca_current_variable_i_Ca_f":-548.4738126566,"data_set_value_component_fast_Ca_current_variable_V_Ca":100.0,"data_set_value_component_fast_Ca_current_variable_g_Ca_f":810.0,"data_set_value_component_fast_Ca_channel_m_gate_variable_m_f_infinity":0.0042056791,"data_set_value_component_fast_Ca_channel_m_gate_variable_Vm_f":-20.0,"data_set_value_component_fast_Ca_channel_m_gate_variable_Sm_f":7.5,"data_set_value_component_slow_Ca_current_variable_i_Ca_s":-793.6496419927,"data_set_value_component_slow_Ca_current_variable_g_Ca_s":510.0,"data_set_value_component_slow_Ca_channel_m_gate_variable_m_s_infinity":0.0109833714,"data_set_value_component_slow_Ca_channel_m_gate_variable_Vm_s":-16.0,"data_set_value_component_slow_Ca_channel_m_gate_variable_Sm_s":10.0,"data_set_value_component_slow_Ca_channel_j_gate_variable_jm":0.1199887229,"data_set_value_component_slow_Ca_channel_j_gate_variable_jm_infinity":0.0179572034,"data_set_value_component_slow_Ca_channel_j_gate_variable_Vj":-53.0,"data_set_value_component_slow_Ca_channel_j_gate_variable_tau_j":8139.7933468541,"data_set_value_component_slow_Ca_channel_j_gate_variable_Sj":2.0,"data_set_value_component_Ca_current_total_variable_i_Ca":-1342.1234546493,"data_set_value_component_K_Ca_current_variable_i_K_Ca":3.470588912,"data_set_value_component_K_Ca_current_variable_g_K_Ca":1200.0,"data_set_value_component_K_Ca_current_variable_kdkca":0.55,"data_set_value_component_CRAC_current_variable_i_CRAC":-5.8154625839,"data_set_value_component_CRAC_current_variable_g_CRAC":75.0,"data_set_value_component_CRAC_current_variable_V_CRAC":0.0,"data_set_value_component_CRAC_r_gate_variable_r_infinity":0.0012710709,"data_set_value_component_CRAC_r_gate_variable_Ca_er_bar":40.0,"data_set_value_component_CRAC_r_gate_variable_sloper":3.0,"data_set_value_component_leak_current_variable_i_leak":0.0,"data_set_value_component_leak_current_variable_g_leak":0.0,"data_set_value_component_ER_parameters_variable_J_er_p":0.143875326,"data_set_value_component_ER_parameters_variable_IP3":0.0,"data_set_value_component_ER_parameters_variable_kerp":0.09,"data_set_value_component_ER_parameters_variable_verp":0.24,"data_set_value_component_ER_parameters_variable_dact":0.35,"data_set_value_component_ER_parameters_variable_dinh":0.4,"data_set_value_component_ER_parameters_variable_dip3":0.2,"data_set_value_component_ER_parameters_variable_a_infinity":0.2393087617,"data_set_value_component_ER_parameters_variable_b_infinity":0.0,"data_set_value_component_ER_parameters_variable_h_infinity":0.7841479218,"data_set_value_component_ER_parameters_variable_O":0.0,"data_set_value_component_Ca_equations_variable_Ca_er":59.9998709524,"data_set_value_component_Ca_equations_variable_Ca_i":0.1101078366,"data_set_value_component_Ca_equations_variable_J_er_tot":0.0357939634,"data_set_value_component_Ca_equations_variable_J_er_IP3":0.0,"data_set_value_component_Ca_equations_variable_J_er_leak":0.1796692893,"data_set_value_component_Ca_equations_variable_perl":0.003,"data_set_value_component_Ca_equations_variable_lambda_er":250.0,"data_set_value_component_Ca_equations_variable_sigma_er":1.0,"data_set_value_component_Ca_membrane_flux_variable_kmp":0.35,"data_set_value_component_Ca_membrane_flux_variable_vmp":0.08,"data_set_value_component_Ca_membrane_flux_variable_gamma":0.000003607,"data_set_value_component_Ca_membrane_flux_variable_J_mem_tot":-0.0000236348,"data_set_value_component_Ca_membrane_flux_variable_Jmp":0.007204516,"data_set_value_component_Ca_membrane_flux_variable_f":0.01},{"data_set_value_component_environment_variable_time":1.0,"data_set_value_component_membrane_variable_V":-61.0036505901,"data_set_value_component_membrane_variable_Cm":6158.0,"data_set_value_component_K_current_variable_i_K":17.3356602819,"data_set_value_component_K_current_variable_V_K":-70.0,"data_set_value_component_K_current_variable_g_K":3900.0,"data_set_value_component_K_channel_n_gate_variable_n":0.0004940939,"data_set_value_component_K_channel_n_gate_variable_n_infinity":0.0004676722,"data_set_value_component_K_channel_n_gate_variable_tau_n":9.0857488595,"data_set_value_component_K_channel_n_gate_variable_Vn":-15.0,"data_set_value_component_K_channel_n_gate_variable_Sn":6.0,"data_set_value_component_K_channel_n_gate_variable_lambda_n":1.85,"data_set_value_component_K_ATP_current_variable_i_K_ATP":1349.4524114847,"data_set_value_component_K_ATP_current_variable_g_K_ATP":150.0,"data_set_value_component_fast_Ca_current_variable_i_Ca_f":-548.4485811357,"data_set_value_component_fast_Ca_current_variable_V_Ca":100.0,"data_set_value_component_fast_Ca_current_variable_g_Ca_f":810.0,"data_set_value_component_fast_Ca_channel_m_gate_variable_m_f_infinity":0.0042054762,"data_set_value_component_fast_Ca_channel_m_gate_variable_Vm_f":-20.0,"data_set_value_component_fast_Ca_channel_m_gate_variable_Sm_f":7.5,"data_set_value_component_slow_Ca_current_variable_i_Ca_s":-793.6240330041,"data_set_value_component_slow_Ca_current_variable_g_Ca_s":510.0,"data_set_value_component_slow_Ca_channel_m_gate_variable_m_s_infinity":0.0109829765,"data_set_value_component_slow_Ca_channel_m_gate_variable_Vm_s":-16.0,"data_set_value_component_slow_Ca_channel_m_gate_variable_Sm_s":10.0,"data_set_value_component_slow_Ca_channel_j_gate_variable_jm":0.1199874693,"data_set_value_component_slow_Ca_channel_j_gate_variable_jm_infinity":0.0179539987,"data_set_value_component_slow_Ca_channel_j_gate_variable_Vj":-53.0,"data_set_value_component_slow_Ca_channel_j_gate_variable_tau_j":8139.2116612107,"data_set_value_component_slow_Ca_channel_j_gate_variable_Sj":2.0,"data_set_value_component_Ca_current_total_variable_i_Ca":-1342.0726141397,"data_set_value_component_K_Ca_current_variable_i_K_Ca":3.4723317239,"data_set_value_component_K_Ca_current_variable_g_K_Ca":1200.0,"data_set_value_component_K_Ca_current_variable_kdkca":0.55,"data_set_value_component_CRAC_current_variable_i_CRAC":-5.8155249491,"data_set_value_component_CRAC_current_variable_g_CRAC":75.0,"data_set_value_component_CRAC_current_variable_V_CRAC":0.0,"data_set_value_component_CRAC_r_gate_variable_r_infinity":0.0012710769,"data_set_value_component_CRAC_r_gate_variable_Ca_er_bar":40.0,"data_set_value_component_CRAC_r_gate_variable_sloper":3.0,"data_set_value_component_leak_current_variable_i_leak":0.0,"data_set_value_component_leak_current_variable_g_leak":0.0,"data_set_value_component_ER_parameters_variable_J_er_p":0.143887833,"data_set_value_component_ER_parameters_variable_IP3":0.0,"data_set_value_component_ER_parameters_variable_kerp":0.09,"data_set_value_component_ER_parameters_variable_verp":0.24,"data_set_value_component_ER_parameters_variable_dact":0.35,"data_set_value_component_ER_parameters_variable_dinh":0.4,"data_set_value_component_ER_parameters_variable_dip3":0.2,"data_set_value_component_ER_parameters_variable_a_infinity":0.2393285179,"data_set_value_component_ER_parameters_variable_b_infinity":0.0,"data_set_value_component_ER_parameters_variable_h_infinity":0.7841295526,"data_set_value_component_ER_parameters_variable_O":0.0,"data_set_value_component_Ca_equations_variable_Ca_er":59.999856638,"data_set_value_component_Ca_equations_variable_Ca_i":0.1101197866,"data_set_value_component_Ca_equations_variable_J_er_tot":0.0357813775,"data_set_value_component_Ca_equations_variable_J_er_IP3":0.0,"data_set_value_component_Ca_equations_variable_J_er_leak":0.1796692106,"data_set_value_component_Ca_equations_variable_perl":0.003,"data_set_value_component_Ca_equations_variable_lambda_er":250.0,"data_set_value_component_Ca_equations_variable_sigma_er":1.0,"data_set_value_component_Ca_membrane_flux_variable_kmp":0.35,"data_set_value_component_Ca_membrane_flux_variable_vmp":0.08,"data_set_value_component_Ca_membrane_flux_variable_gamma":0.000003607,"data_set_value_component_Ca_membrane_flux_variable_J_mem_tot":-0.0000236508,"data_set_value_component_Ca_membrane_flux_variable_Jmp":0.007205939,"data_set_value_component_Ca_membrane_flux_variable_f":0.01}]