[{"R_EX_h2_e":0.0,"R_EX_h2o_e":5.9485304686,"R_EX_his__L_e":0.0,"R_EX_ile__L_e":0.0,"R_EX_lac__D_e":0.0,"R_EX_murein4p3p_e":0.0,"R_EX_murein4p4p_e":0.0,"R_EX_murein4px4p_e":0.0,"R_EX_k_e":-0.0429109949,"R_EX_murein4px4px4p_e":0.0,"R_EX_alaala_e":0.0,"R_EX_murein5p3p_e":0.0,"R_EX_murein5p4p_e":0.0,"R_EX_murein5p5p_e":0.0,"R_EX_murein5p5p5p_e":0.0,"R_EX_lac__L_e":0.0,"R_EX_leu__L_e":0.0,"R_EX_lys__L_e":0.0,"R_EX_alltn_e":0.0,"R_EX_malt_e":0.0,"R_EX_murein5px3p_e":0.0,"R_EX_murein5px4p_e":0.0,"R_EX_malthx_e":0.0,"R_EX_murein5px4px4p_e":0.0,"R_EX_arab__L_e":0.0,"R_EX_malttr_e":0.0,"R_EX_man_e":0.0,"R_EX_araban__L_e":0.0,"R_EX_met__L_e":0.0,"R_EX_mg2_e":-0.0019069658,"R_EX_mn2_e":-0.0001519557,"R_EX_na1_e":0.0,"R_EX_nh4_e":-1.7031871023,"R_EX_ni2_e":-0.0000709276,"R_EX_no2_e":0.0,"R_EX_no3_e":0.0,"R_EX_pi_e":-0.2600635819,"R_EX_pro__L_e":0.0,"R_EX_mobd_e":-0.0000015712,"R_EX_xan_e":0.0,"R_EX_xyl__D_e":0.0,"R_EX_ptrc_e":0.0,"R_EX_arg__L_e":0.0,"R_EX_pydxn_e":0.0,"R_EX_pyr_e":0.0,"R_EX_zn2_e":-0.0000747434,"R_BIOMASS_Cl_DSM_WT_46p666M1":0.2244545421,"R_EX_rib__D_e":0.0,"R_DM_mththf_c":0.0005005336,"R_5HBZIDMT":0.0000500534,"R_5HBZIDS2":0.0000500534,"R_DM_succ_c":0.0283829502,"R_ABUTD":0.0,"R_ACACT1r":0.0,"R_EX_ac_e":9.2960276533,"R_EX_ala__D_e":0.0,"R_EX_asn__L_e":0.0,"R_EX_asp__L_e":0.0,"R_EX_ribflv_e":-0.0001001067,"R_EX_rmn_e":0.0,"R_EX_ser__D_e":0.0,"R_EX_btd_RR_e":0.0,"R_EX_ser__L_e":0.0,"R_EX_btn_e":-0.0000004489,"R_EX_so4_e":-0.0423844246,"R_EX_btoh_e":0.0,"R_EX_spmd_e":0.0,"R_EX_taur_e":0.0,"R_3OAS161":0.1134649134,"R_3OAS180":0.0,"R_EX_thm_e":-0.0000500534,"R_EX_but_e":0.0,"R_EX_trp__L_e":0.0,"R_EX_uaagmda_e":0.0,"R_3OAS181":0.0043580094,"R_3OAS60":0.2126617005,"R_3OAS80":0.2126617005,"R_3OAS100":0.2126617005,"R_3OAS120":0.0991967871,"R_3OAS121":0.1134649134,"R_EX_udcpdp_e":0.0,"R_EX_udcpp_e":0.0,"R_3OAS140":0.0991967871,"R_EX_ura_e":0.0,"R_EX_ca2_e":-0.0011442693,"R_EX_val__L_e":0.0,"R_3OAR100":0.2126617005,"R_3OAR120":0.0991967871,"R_3OAR121":0.1134649134,"R_EX_citr__L_e":0.0,"R_3OAR140":0.0991967871,"R_3OAR141":0.1134649134,"R_3OAR160":0.0745099298,"R_EX_cl_e":-0.0011442693,"R_3OAR161":0.1134649134,"R_3OAR180":0.0,"R_EX_co_e":0.0,"R_3OAR181":0.0043580094,"R_3OAS141":0.1134649134,"R_EX_co2_e":1.6457390284,"R_3OAS160":0.0745099298,"R_ACBIPGT":0.0000500534,"R_4HTHRS":0.0,"R_EX_cobalt2_e":-0.0000556647,"R_EX_csn_e":0.0,"R_ACt2r":-9.2960276533,"R_ABFA":0.0,"R_ABTA":0.0,"R_ACGK":0.0497766104,"R_EX_cu2_e":-0.0001557715,"R_ACGS":0.0,"R_ACALD":0.0,"R_ACHBS":0.0488909128,"R_APSR":0.0414309417,"R_EX_cys__L_e":0.0,"R_ACCOAC":1.4683100135,"R_ACLS":0.147134217,"R_ADOCBIK":0.0,"R_EX_etoh_e":0.0,"R_ACPS1":0.0,"R_ACKr":-9.3461786539,"R_EX_fe2_e":-0.0031024107,"R_ADA":0.0,"R_ADCL":0.0,"R_EX_fol_e":-0.0002002135,"R_ACLDC":0.0,"R_ADCPS2":0.0000500534,"R_EX_for_e":0.0,"R_ADCPS1":0.0,"R_ACOTA":-0.0497766104,"R_EX_fru_e":-5.0,"R_ACOAD1z":0.0,"R_ACONTa":0.1823242001,"R_ACONTb":0.1823242001,"R_EX_gal_e":0.0,"R_ACOATA":0.2126617005,"R_ADCYRS":0.0000500534,"R_ADCS":0.0,"R_EX_galctn__D_e":0.0,"R_ADD":0.0,"R_ADK1":0.3643810749,"R_ACONT":0.0,"R_EX_galur_e":0.0,"R_EX_glc__D_e":0.0,"R_EX_glcn_e":0.0,"R_ASNt2r":0.0,"R_EX_glcur_e":0.0,"R_ASP1DC":0.0001070648,"R_EX_gln__L_e":0.0,"R_ASPt2r":0.0,"R_EX_glu__L_e":0.0,"R_ATPM":0.45,"R_ADK2":0.0000500534,"R_EX_gly_e":0.0,"R_ADMDC":0.0,"R_ADOCBLS":0.0000500534,"R_BTDt_RR":0.0,"R_BTOHt":0.0,"R_EX_glyb_e":0.0,"R_ADPRDP":0.0,"R_EX_glyc_e":0.0,"R_ADPT":0.0005005336,"R_BUTKr":0.0,"R_ADSL1r":0.0351576617,"R_EX_h_e":10.5373512774,"R_ADSL2r":0.0367964043,"R_BUTt":0.0,"R_ADSS":0.0351576617,"R_CYRDAR":0.0000250267,"R_AHCYSNS":0.0005005336,"R_AGPAT120":0.0,"R_AGPR":-0.0497766104,"R_CYSabc":0.0,"R_AHSERL2":0.0259126035,"R_AIRCr":0.0367964043,"R_Cuabc":0.0001557715,"R_AICART":0.0527389615,"R_ALAALAr":0.006376978,"R_ALAR":0.0929771517,"R_ALATA_L":-0.1857989809,"R_CA2abc":0.0011442693,"R_CITRt2r":0.0,"R_CLt3r_2":0.0005721346,"R_CO2t":-1.6457390284,"R_ALCD2y":0.0,"R_DHPTDCs2":0.0005005336,"R_AMMQLT8":0.0,"R_COabc":0.0000556647,"R_DHPPDA":0.0,"R_COt":0.0,"R_ALCD4y":0.0,"R_ALLTN":0.0,"R_CYSSADS":0.0,"R_CYRDAAT":0.0000500534,"R_ALLTNt2r":0.0,"R_METt2r":0.0,"R_AMAA":0.0,"R_ASP4DC":0.0,"R_DGK1":0.0,"R_ANPRT":0.0095655792,"R_CTPS2":0.0,"R_APRAUR":0.0,"R_ASPO2":0.0,"R_CYRDAS":0.0000500534,"R_ASPCT":0.0283829502,"R_ASPK":0.090037695,"R_ACAFDOR":-0.0915819423,"R_ANS":0.0,"R_ASPO2y":0.0005115319,"R_CYSDS":0.0,"R_ASPR":0.0,"R_ATPPRT":0.0159425572,"R_ASPT":0.0,"R_BACCL":0.0,"R_BTDD_RR":0.0,"R_ANS2":0.0095655792,"R_ARABR":0.0,"R_ARAI":0.0,"R_CYSTL":0.0,"R_ARBabc":0.0,"R_ARBt2r":0.0,"R_BTNt2i":0.0000004489,"R_CYSTS":0.0,"R_CBIAT":0.0,"R_CYSS":0.0155183381,"R_CBLAT":0.0,"R_ARGDr":0.0,"R_ARGN":0.0,"R_CYTD":0.0,"R_ARGDC":0.0,"R_CDPMEK":0.000135795,"R_CBMKr":0.0781595607,"R_ARGSL":0.0497766104,"R_ARGSS":0.0497766104,"R_CBPS":0.0,"R_ASAD":-0.090037695,"R_CHORS":0.0639978258,"R_DCYTD":0.0,"R_CHORM":0.0543821932,"R_CITL":0.0,"R_ARGt2r":0.0,"R_ASNS1":0.0405652205,"R_CODH4":0.0,"R_CYTDK2":0.0,"R_CODH_ACS":3.3209596705,"R_CPC2MT":0.0000500534,"R_CLPNS120":0.0,"R_CLPNS140":0.0005990692,"R_ECOAH1":0.0,"R_CYTK1":0.1931738838,"R_CLPNS160":0.0018084302,"R_CPC3MT":0.0000500534,"R_CYTK2":0.0,"R_D_LACt2":0.0,"R_CPC4MT":0.0000500534,"R_ETOHt":0.0,"R_DAGK120":0.0,"R_FOLt":0.0002002135,"R_CPC6MT":0.0000500534,"R_CPC5MT":0.0000500534,"R_DAPDC":0.0577481135,"R_CPC8MM":0.0000500534,"R_CPC6R":0.0000500534,"R_G3PCT":0.0866001737,"R_DAPE":0.0641250915,"R_CPPPGOAN2":0.0,"R_CS":0.1823242001,"R_DSERt2":0.0,"R_CSND":0.0,"R_G5SADs":0.0371995246,"R_DALAt2r":0.006376978,"R_FOLR2":0.0002002135,"R_CTPS1":0.01202807,"R_LDAPAT":-0.0641250915,"R_CSNt2":0.0,"R_DASYN120":0.0,"R_FRTT":0.0,"R_DASYN140":0.0123434286,"R_DURAD":0.0,"R_DURIPP":0.0,"R_DUTPDP":0.0,"R_GLCt2":0.0,"R_GLNabc":0.0,"R_GLUabc":0.0,"R_DXPRIi":0.000135795,"R_DASYN160":0.0372549649,"R_DXPS":0.000135795,"R_EAR100x":0.0991967871,"R_DASYN161":0.054553452,"R_ENO":9.1509460023,"R_GPDDA1":0.0,"R_GPDDA2":0.0,"R_DASYN180":0.0,"R_GPDDA4":0.0,"R_FACOAL140":0.0,"R_FACOAL160":0.0,"R_DASYN181":0.0021790047,"R_DB4PS":0.0,"R_FACOAL180":0.0,"R_H2Ot":-5.9594546711,"R_DCMPDA":0.0,"R_FBA":4.9012162841,"R_DDPA":0.0639978258,"R_FBA3":0.0,"R_FBP":0.0987837159,"R_H2td":0.0,"R_HACD1":0.0,"R_DDPGA":0.0,"R_HCO3E":1.8791868468,"R_FDH7":-4.8099055297,"R_FORt2":0.0,"R_DHAD2":0.0488909128,"R_G1PTT":0.0,"R_HISt2r":0.0,"R_GTPCII":0.0,"R_GK1":0.0176313532,"R_FE2abc":0.0031024107,"R_FGLU":0.0,"R_FMNAT":0.0000500534,"R_FRD2":0.0283829502,"R_DHAD1":0.147134217,"R_FRNDPR2r":3.4271848796,"R_GK2":0.0,"R_DHAK":0.0051613322,"R_HPPK":0.0,"R_FRUK":5.0,"R_FUM":0.0933477262,"R_GRTT":0.000012345,"R_FRUpts":5.0,"R_DHFR":0.0067468791,"R_FTHFLi":3.2121874283,"R_DHDPRy":0.0641250915,"R_G1PACT":0.0162179629,"R_G3PAT140":0.0123434286,"R_GLCURt2r":0.0,"R_GF6PTA":0.0162179629,"R_GHMT2r":0.2315746891,"R_DHDPS":0.0641250915,"R_GLCNt2r":0.0,"R_G1SAT":0.0004004269,"R_G3PAT181":0.0021790047,"R_GLNS":0.2086356594,"R_DHFS":0.0,"R_GLCRD":0.0,"R_G3PAT120":0.0,"R_G3PAT160":0.0372549649,"R_G3PAT161":0.054553452,"R_GLU5K":0.0371995246,"R_GLUDy":-1.4405672077,"R_GLUPRT":0.0368464576,"R_GLUR":-0.006376978,"R_G3PAT180":0.0,"R_G3PD2":-0.2218351576,"R_G5SD":0.0371995246,"R_GLUTRR":0.0004004269,"R_GALCTD":0.0,"R_DHNAOT4":0.0,"R_GALCTNt2r":0.0,"R_GLUSy":0.0,"R_GLUTRS":0.0004004269,"R_GLUt2r":0.0,"R_GAPD":9.5213451524,"R_DHNPA_1":0.0,"R_GALUi":0.0,"R_GALURt2r":0.0,"R_GLUt4":0.0,"R_GLYCDx":0.0051613322,"R_GALabc":0.0,"R_DHORTS":-0.0283829502,"R_GCCb":0.0,"R_GARFT":0.0368464576,"R_GLYBt2r":0.0,"R_GMPS2":0.0175812998,"R_GLYCK":0.0,"R_GLYCt":0.0,"R_GND":0.0,"R_GCCa":0.0,"R_METR":3.3209596705,"R_DHORD5":0.0283829502,"R_GNK":0.0,"R_DHPS":0.0,"R_GTPCI":0.0,"R_GTPDPK":0.0,"R_GUAD":0.0,"R_HCITS":0.0,"R_MGSA":0.0,"R_DHPS2":0.0,"R_KAS15":0.0,"R_IPDPS":0.00012345,"R_HAMR":0.0,"R_IMPC":-0.0527389615,"R_DHQTi":0.0639978258,"R_HXPRT":0.0,"R_GUAPRT":0.0,"R_LYSDC":0.0,"R_DHQS":0.0639978258,"R_ICDHx":0.1823242001,"R_HYDFDN2r":0.0,"R_HEX1":0.0,"R_HETZK":0.0,"R_HISTD":0.0159425572,"R_HYDFDi":0.0,"R_DMATT":0.000012345,"R_IGPDH":0.0159425572,"R_IG3PS":0.0159425572,"R_HISDr":0.0,"R_HISTP":0.0159425572,"R_IGPS":0.0095655792,"R_DMPPS":0.000012345,"R_ILETRS":0.0,"R_HMBS":0.0000500534,"R_HMPK1":0.0,"R_HSK":0.0,"R_DPCOAK":0.0001070648,"R_HSDy":-0.0259126035,"R_HSST":0.0,"R_HSTPT":0.0159425572,"R_ILEt2r":0.0,"R_ILETA":-0.0488909128,"R_LEUTA":-0.0758164797,"R_HXAND":0.0,"R_DPR":0.0001070648,"R_METS":0.0264131372,"R_LEUt2r":0.0,"R_IMPD":0.0175812998,"R_DRPA":0.0,"R_IPPS":0.0758164797,"R_METTRS":0.0,"R_IPMD":0.0758164797,"R_DTMPK":0.0065466656,"R_IZPN":0.0,"R_IPPMIa":-0.0758164797,"R_MNabc":0.0,"R_MOHMT":0.0001070648,"R_PBUTT":0.0,"R_MTHTHFSs":0.0005005336,"R_NDPK1":0.0912787042,"R_NDPK2":0.0380542475,"R_IPPMIb":-0.0758164797,"R_KARA1":-0.147134217,"R_KARA2":0.0488909128,"R_Kabc":0.0429109949,"R_LCARS":0.0,"R_LDH_D":0.0,"R_LEUTRS":0.0,"R_NDPK3":0.1902326314,"R_NDPK4":0.0065466656,"R_NDPK5":0.0029412523,"R_MALTHXabc":0.0,"R_LYSt2r":0.0,"R_MALTTRabc":0.0,"R_MALTabc":0.0,"R_NDPK6":0.0,"R_NDPK7":0.0029412523,"R_NDPK8":0.0,"R_NIabc":0.0000709276,"R_MAN1PT2":0.0,"R_PDX5PO2":0.0,"R_MAN6PI":0.0,"R_MANpts":0.0,"R_OMCDC":0.0758164797,"R_PANTS":0.0001070648,"R_MDH":0.0933477262,"R_PGPP120":0.0,"R_MCTP1Bex":0.0,"R_MTAN":0.0,"R_MPTG2ex":0.0001811348,"R_PGPP140":0.0033551465,"R_PGPP160":0.0101271645,"R_ORNDC":0.0,"R_NADK":0.0001003312,"R_MECDPDH2":0.000135795,"R_MCTP1Aex":0.0014674838,"R_MCTP2Aex":0.0001811348,"R_MGt5":-0.0019069658,"R_MNt2":0.0001519557,"R_ME1":0.0,"R_PGPP161":0.0148297116,"R_ME2":0.0,"R_MDDCP1ex":0.0014674838,"R_MDDCP2ex":0.0001811348,"R_MTHFD":-3.1225519558,"R_MTHFC":-3.1225519558,"R_MTHFR5":3.3474228611,"R_NADS1":0.0005115319,"R_MDDCP3ex":0.001449303,"R_MDDCP4ex":0.001449303,"R_MECDPS":0.000135795,"R_MEPCT":0.000135795,"R_METAT":0.000550587,"R_PGPP180":0.0,"R_NADS2":0.0,"R_PGPP181":0.0005921111,"R_NAPRT":0.0000500534,"R_PHETRS":0.0,"R_NAt3_2":0.0,"R_PC20M":0.0,"R_NFORGLUAH":0.0,"R_PYDXNK":0.0,"R_PC17M":0.0,"R_PYDXNtr":0.0,"R_NH4t":1.7031871023,"R_NNAM":0.0,"R_PC11M":0.0,"R_NIT1b":0.0,"R_NNATr":0.0005115319,"R_PYRt2":0.0,"R_NNDMBRT":0.0000500534,"R_PC6AR":0.0,"R_RBK":0.0,"R_NO2t2r":0.0,"R_PC6YM":0.0,"R_NNDPR":0.0005115319,"R_SADT2":0.0414309417,"R_SDPTA":0.0,"R_PUNP1":0.0,"R_NO3t2":0.0,"R_NTPP1":0.0,"R_NTPP10":0.0,"R_PC8XM":0.0,"R_NTPP2":0.0,"R_SERt2r":0.0,"R_RBFK":0.0000500534,"R_NTPP3":0.0,"R_PNP":0.0,"R_NTPP4":0.0,"R_NTPP5":0.0,"R_NTRARf":0.0,"R_PSD160":0.0271278004,"R_PSD161":0.0397237404,"R_PSD180":0.0,"R_OCTDPS":0.0,"R_PSD181":0.0015868936,"R_OBTFL":0.0,"R_PMPK":0.0,"R_NTRIR5":0.0,"R_PSD140":0.0089882821,"R_OMPDC":0.0283829502,"R_PSERT":0.37039915,"R_PAPPT3":0.006376978,"R_PSSA120":0.0,"R_PSP_L":0.3703490967,"R_OCBT":0.0497766104,"R_ORPT":-0.0283829502,"R_P5CR":0.0,"R_PSSA140":0.0089882821,"R_PC":0.4108768333,"R_PSSA160":0.0271278004,"R_PSSA161":0.0397237404,"R_PSSA180":0.0,"R_PTA2":0.0,"R_PTAr":9.3461786539,"R_P5CRx":0.0371995246,"R_PTPATi":0.0001070648,"R_STPT2":0.0000500534,"R_PGAMT":-0.0162179629,"R_SULabc":0.0,"R_PYK":4.0165733728,"R_PTRCabc":0.0,"R_PGI":0.0,"R_PGCD":0.37039915,"R_PYNP1":0.0,"R_PFK":0.0,"R_QULNS":0.0005115319,"R_RBFSa":0.0,"R_RBK_L1":0.0,"R_T2DECAI":0.1134649134,"R_TECAS_CL":0.0034640069,"R_RBP4E":0.0,"R_PFK_2":0.0,"R_RHCCE":0.0005005336,"R_THMt2":0.0000500534,"R_RIBFLVt2":0.0001001067,"R_PFK_3":0.0,"R_TMDS":0.0065466656,"R_RIBabc":0.0,"R_RMI":0.0,"R_TMPK":0.0000500534,"R_PGK":-9.5213451524,"R_RMK":0.0,"R_PGM":-9.1509460023,"R_RMNt":0.0,"R_RMPA":0.0,"R_RNDR1":0.0,"R_RNDR2":0.0029412523,"R_RNDR3":0.0029412523,"R_RNDR4":0.0065466656,"R_UDCPPtexi":0.006376978,"R_PGMT":0.0,"R_SHSL2r":0.0,"R_THRD_L":0.0488909128,"R_RNTR2":0.0,"R_RNF":1.1933090734,"R_RNTR3":0.0,"R_RNTR4":0.0,"R_THFGLUS":0.0,"R_PGSA120":0.0,"R_TMK":0.0000500534,"R_RNTR1":0.0065466656,"R_RPE":-0.082565753,"R_RPI":-0.082565753,"R_UAGDP":0.0162179629,"R_RZ5PP":0.0000500534,"R_PGSA140":0.0033551465,"R_TYRTA":-0.0232054573,"R_SDPDS":0.0,"R_PGSA160":0.0101271645,"R_SERAT":0.0155183381,"R_SHKK":0.0639978258,"R_PGSA161":0.0148297116,"R_SHK3Dr":0.0639978258,"R_SPMS":0.0,"R_SELNPS":0.0,"R_SERD_L":0.0,"R_SERTRS":0.0,"R_PHETA1":-0.0311767359,"R_SHCHCC":0.0000500534,"R_SHCHF":0.0,"R_SHCHD2":0.0,"R_SO4t2":0.0423844246,"R_SPODM":0.0,"R_SSALx":0.0,"R_PIabc":0.0,"R_UAAGDS":0.006376978,"R_XYLabc":0.0,"R_PIt2r":0.2664405599,"R_TAURabc":0.0,"R_PNTK":0.0001070648,"R_SULR3":0.0414309417,"R_3HAD100":0.2126617005,"R_TALA":-0.0092839636,"R_3HAD120":0.0991967871,"R_THDPS":0.0,"R_PLPS":0.0000500534,"R_TDPDRE":0.0,"R_TDPDRR":0.0,"R_TDPGDH":0.0,"R_THRA":-0.0916319956,"R_3HAD121":0.1134649134,"R_3HAD140":0.0991967871,"R_3HAD141":0.1134649134,"R_3HAD160":0.0745099298,"R_PPA":0.6200114551,"R_3HAD161":0.1134649134,"R_3HAD180":0.0,"R_THRPDC":0.0000500534,"R_POR":0.0,"R_TMN":0.0,"R_TKT1":-0.0092839636,"R_TPI":4.6840309268,"R_3HAD181":0.0043580094,"R_3HAD40":0.2126617005,"R_3HAD60":0.2126617005,"R_3HAD80":0.2126617005,"R_3OAR40":0.2126617005,"R_3OAR60":0.2126617005,"R_TMPPP":0.0,"R_TRPt2r":0.0,"R_TRDR":0.0604067776,"R_TRPS2":0.0095655792,"R_TRPS1":0.0,"R_3OAR80":0.2126617005,"R_KAS14":0.2126617005,"R_TRPS3":0.0095655792,"R_PPBNGS":0.0002002135,"R_TRSARr":0.0,"R_THRS":0.0,"R_UAAGMDt":0.006376978,"R_PTRCTA":0.0,"R_UAMAGS":0.006376978,"R_ALCD4":0.0,"R_PPNCL2":0.0001070648,"R_BTCOARx":0.0,"R_UAGCVT":0.006376978,"R_UAG2E":0.0034640069,"R_UAG2EMA":0.0,"R_URAt2":0.0,"R_UAGPT3":0.006376978,"R_PPCDC":0.0001070648,"R_UAMAS":0.006376978,"R_UAPGR":0.006376978,"R_UDPG4E":0.0,"R_ORNTAC":0.0497766104,"R_PPAKr":0.0,"R_DADA":0.0,"R_DADK":0.0,"R_UDCPDPS":0.000012345,"R_UDCPDP":0.0,"R_UDCPDPex":0.006376978,"R_AGPAT140":0.0123434286,"R_UDPGALM":0.0,"R_AGPAT160":0.0372549649,"R_PPCK":0.0,"R_AGPAT161":0.054553452,"R_UDPGD":0.0,"R_UGMDDS":0.006376978,"R_ALCD2x":0.0,"R_PPDK":0.0,"R_URIK2":0.0,"R_UMPK":0.0347599282,"R_PPM":0.0,"R_AGPAT180":0.0,"R_PPM2":0.0,"R_AGPAT181":0.0021790047,"R_URIK3":0.0,"R_URIK1":0.0,"R_PPND":0.0232054573,"R_HSERTA":0.0259126035,"R_PRAGSr":0.0368464576,"R_PPNDH":0.0311767359,"R_XAND":0.0,"R_VALt2r":0.0,"R_ASPTA":-0.3219003593,"R_VALTA":-0.0712106725,"R_PRAIi":0.0095655792,"R_MCOATA":1.4683030555,"R_URIDK2r":-0.0065466656,"R_ATPS4r":0.2107289681,"R_CLPNS161":0.0026481147,"R_CLPNS180":0.0,"R_CLPNS181":0.0001057181,"R_CYSTGL":0.0,"R_UPP3MT":0.0000500534,"R_UPP3S":0.0000500534,"R_PRAIS":0.0368464576,"R_URCN":0.0,"R_UPPRT":0.0,"R_VALTRS":0.0,"R_DAGK140":0.0,"R_DAGK160":0.0,"R_PRAMPC":0.0159425572,"R_DAGK161":0.0,"R_DAGK180":0.0,"R_DAGK181":0.0,"R_XPPT":0.0,"R_XANt2":0.0,"R_XYLI1":0.0,"R_GLYt2r":0.0,"R_XYLI2":0.0,"R_PRASCSi":0.0367964043,"R_PRATPP":0.0159425572,"R_XYLt2":0.0,"R_XYLK":0.0,"R_ZNabc":0.0000747434,"R_EDA":0.0,"R_PUNP2":0.0,"R_PUNP3":0.0,"R_PUNP4":0.0,"R_EAR161x":0.1134649134,"R_EAR180x":0.0,"R_EAR181x":0.0043580094,"R_PUNP5":0.0,"R_PRFGS":0.0368464576,"R_PUNP6":0.0,"R_PUNP7":0.0,"R_EAR40x":0.2126617005,"R_EAR60x":0.2126617005,"R_PRMICI":0.0159425572,"R_EAR80x":0.2126617005,"R_SPMDabc":0.0,"R_MOBDabc":0.0000015712,"R_EAR120x":0.0991967871,"R_EAR121x":0.1134649134,"R_EAR140x":0.0991967871,"R_EAR141x":0.1134649134,"R_PROt4":0.0,"R_EAR160x":0.0745099298,"R_HYDFDN":0.0,"R_MPTGex":0.0030979216,"R_PRPPS":0.0917996632,"R_GCCc":0.0,"R_PSCVT":0.0639978258,"R_GLYCL":0.0,"R_PSD120":0.0,"R_MDDCP5ex":0.0,"R_NTPP6":0.0,"R_NTPP7":0.0,"R_NTPP8":0.0,"R_HYD2":0.0,"R_NTPP9":0.0,"R_TKT2":-0.0732817894,"R_PFL":8.0220429046,"R_PGSA180":0.0,"R_PGSA181":0.0005921111,"R_PSSA181":0.0015868936}]