[{"data_set_value_component_environment_variable_time":0.0,"data_set_value_component_intracellular_ion_concentrations_variable_Ca_i":0.216,"data_set_value_component_intracellular_ion_concentrations_variable_mtime":0.0,"data_set_value_component_crossbridges_variable_xb":0.00046,"data_set_value_component_crossbridges_variable_k_xb":0.1,"data_set_value_component_crossbridges_variable_nperm":5.0,"data_set_value_component_crossbridges_variable_perm50":0.35,"data_set_value_component_crossbridges_variable_permtot":0.0213980644,"data_set_value_component_troponin_variable_TRPN":0.0752,"data_set_value_component_troponin_variable_Ca_50ref":0.8,"data_set_value_component_troponin_variable_beta_1":-1.5,"data_set_value_component_troponin_variable_k_off":0.1,"data_set_value_component_troponin_variable_n_TRPN":2.0,"data_set_value_component_troponin_variable_Ca_50":0.8,"data_set_value_component_Myofilaments_variable_lambda":1.0,"data_set_value_component_Myofilaments_variable_dlambdadt":0.0,"data_set_value_component_filament_overlap_variable_overlap":1.0,"data_set_value_component_filament_overlap_variable_beta_0":1.65,"data_set_value_component_filament_overlap_variable_lambda_m":1.0,"data_set_value_component_filament_overlap_variable_lambda_s":0.87,"data_set_value_component_isometric_tension_variable_T_ref":120.0,"data_set_value_component_isometric_tension_variable_T_0":0.0552,"data_set_value_component_dynamic_stiffness_variable_Q":0.0,"data_set_value_component_dynamic_stiffness_variable_a":0.35,"data_set_value_component_dynamic_stiffness_variable_Q_1":0.0,"data_set_value_component_dynamic_stiffness_variable_Q_2":0.0,"data_set_value_component_dynamic_stiffness_variable_A_1":-29.0,"data_set_value_component_dynamic_stiffness_variable_A_2":116.0,"data_set_value_component_dynamic_stiffness_variable_alpha_1":0.1,"data_set_value_component_dynamic_stiffness_variable_alpha_2":0.5,"data_set_value_component_dynamic_stiffness_variable_Tension":0.0552},{"data_set_value_component_environment_variable_time":0.1,"data_set_value_component_intracellular_ion_concentrations_variable_Ca_i":0.216,"data_set_value_component_intracellular_ion_concentrations_variable_mtime":0.1,"data_set_value_component_crossbridges_variable_xb":0.0004586138,"data_set_value_component_crossbridges_variable_k_xb":0.1,"data_set_value_component_crossbridges_variable_nperm":5.0,"data_set_value_component_crossbridges_variable_perm50":0.35,"data_set_value_component_crossbridges_variable_permtot":0.0213431207,"data_set_value_component_troponin_variable_TRPN":0.0751227041,"data_set_value_component_troponin_variable_Ca_50ref":0.8,"data_set_value_component_troponin_variable_beta_1":-1.5,"data_set_value_component_troponin_variable_k_off":0.1,"data_set_value_component_troponin_variable_n_TRPN":2.0,"data_set_value_component_troponin_variable_Ca_50":0.8,"data_set_value_component_Myofilaments_variable_lambda":1.0,"data_set_value_component_Myofilaments_variable_dlambdadt":0.0,"data_set_value_component_filament_overlap_variable_overlap":1.0,"data_set_value_component_filament_overlap_variable_beta_0":1.65,"data_set_value_component_filament_overlap_variable_lambda_m":1.0,"data_set_value_component_filament_overlap_variable_lambda_s":0.87,"data_set_value_component_isometric_tension_variable_T_ref":120.0,"data_set_value_component_isometric_tension_variable_T_0":0.0550336513,"data_set_value_component_dynamic_stiffness_variable_Q":0.0,"data_set_value_component_dynamic_stiffness_variable_a":0.35,"data_set_value_component_dynamic_stiffness_variable_Q_1":0.0,"data_set_value_component_dynamic_stiffness_variable_Q_2":0.0,"data_set_value_component_dynamic_stiffness_variable_A_1":-29.0,"data_set_value_component_dynamic_stiffness_variable_A_2":116.0,"data_set_value_component_dynamic_stiffness_variable_alpha_1":0.1,"data_set_value_component_dynamic_stiffness_variable_alpha_2":0.5,"data_set_value_component_dynamic_stiffness_variable_Tension":0.0550336513},{"data_set_value_component_environment_variable_time":0.2,"data_set_value_component_intracellular_ion_concentrations_variable_Ca_i":0.216,"data_set_value_component_intracellular_ion_concentrations_variable_mtime":0.2,"data_set_value_component_crossbridges_variable_xb":0.0004569194,"data_set_value_component_crossbridges_variable_k_xb":0.1,"data_set_value_component_crossbridges_variable_nperm":5.0,"data_set_value_component_crossbridges_variable_perm50":0.35,"data_set_value_component_crossbridges_variable_permtot":0.0212887907,"data_set_value_component_troponin_variable_TRPN":0.0750461542,"data_set_value_component_troponin_variable_Ca_50ref":0.8,"data_set_value_component_troponin_variable_beta_1":-1.5,"data_set_value_component_troponin_variable_k_off":0.1,"data_set_value_component_troponin_variable_n_TRPN":2.0,"data_set_value_component_troponin_variable_Ca_50":0.8,"data_set_value_component_Myofilaments_variable_lambda":1.0,"data_set_value_component_Myofilaments_variable_dlambdadt":0.0,"data_set_value_component_filament_overlap_variable_overlap":1.0,"data_set_value_component_filament_overlap_variable_beta_0":1.65,"data_set_value_component_filament_overlap_variable_lambda_m":1.0,"data_set_value_component_filament_overlap_variable_lambda_s":0.87,"data_set_value_component_isometric_tension_variable_T_ref":120.0,"data_set_value_component_isometric_tension_variable_T_0":0.0548303292,"data_set_value_component_dynamic_stiffness_variable_Q":0.0,"data_set_value_component_dynamic_stiffness_variable_a":0.35,"data_set_value_component_dynamic_stiffness_variable_Q_1":0.0,"data_set_value_component_dynamic_stiffness_variable_Q_2":0.0,"data_set_value_component_dynamic_stiffness_variable_A_1":-29.0,"data_set_value_component_dynamic_stiffness_variable_A_2":116.0,"data_set_value_component_dynamic_stiffness_variable_alpha_1":0.1,"data_set_value_component_dynamic_stiffness_variable_alpha_2":0.5,"data_set_value_component_dynamic_stiffness_variable_Tension":0.0548303292},{"data_set_value_component_environment_variable_time":0.3,"data_set_value_component_intracellular_ion_concentrations_variable_Ca_i":0.216,"data_set_value_component_intracellular_ion_concentrations_variable_mtime":0.3,"data_set_value_component_crossbridges_variable_xb":0.0004550039,"data_set_value_component_crossbridges_variable_k_xb":0.1,"data_set_value_component_crossbridges_variable_nperm":5.0,"data_set_value_component_crossbridges_variable_perm50":0.35,"data_set_value_component_crossbridges_variable_permtot":0.0212351051,"data_set_value_component_troponin_variable_TRPN":0.0749703969,"data_set_value_component_troponin_variable_Ca_50ref":0.8,"data_set_value_component_troponin_variable_beta_1":-1.5,"data_set_value_component_troponin_variable_k_off":0.1,"data_set_value_component_troponin_variable_n_TRPN":2.0,"data_set_value_component_troponin_variable_Ca_50":0.8,"data_set_value_component_Myofilaments_variable_lambda":1.0,"data_set_value_component_Myofilaments_variable_dlambdadt":0.0,"data_set_value_component_filament_overlap_variable_overlap":1.0,"data_set_value_component_filament_overlap_variable_beta_0":1.65,"data_set_value_component_filament_overlap_variable_lambda_m":1.0,"data_set_value_component_filament_overlap_variable_lambda_s":0.87,"data_set_value_component_isometric_tension_variable_T_ref":120.0,"data_set_value_component_isometric_tension_variable_T_0":0.0546004631,"data_set_value_component_dynamic_stiffness_variable_Q":0.0,"data_set_value_component_dynamic_stiffness_variable_a":0.35,"data_set_value_component_dynamic_stiffness_variable_Q_1":0.0,"data_set_value_component_dynamic_stiffness_variable_Q_2":0.0,"data_set_value_component_dynamic_stiffness_variable_A_1":-29.0,"data_set_value_component_dynamic_stiffness_variable_A_2":116.0,"data_set_value_component_dynamic_stiffness_variable_alpha_1":0.1,"data_set_value_component_dynamic_stiffness_variable_alpha_2":0.5,"data_set_value_component_dynamic_stiffness_variable_Tension":0.0546004631},{"data_set_value_component_environment_variable_time":0.4,"data_set_value_component_intracellular_ion_concentrations_variable_Ca_i":0.216,"data_set_value_component_intracellular_ion_concentrations_variable_mtime":0.4,"data_set_value_component_crossbridges_variable_xb":0.0004529602,"data_set_value_component_crossbridges_variable_k_xb":0.1,"data_set_value_component_crossbridges_variable_nperm":5.0,"data_set_value_component_crossbridges_variable_perm50":0.35,"data_set_value_component_crossbridges_variable_permtot":0.0211820678,"data_set_value_component_troponin_variable_TRPN":0.0748954417,"data_set_value_component_troponin_variable_Ca_50ref":0.8,"data_set_value_component_troponin_variable_beta_1":-1.5,"data_set_value_component_troponin_variable_k_off":0.1,"data_set_value_component_troponin_variable_n_TRPN":2.0,"data_set_value_component_troponin_variable_Ca_50":0.8,"data_set_value_component_Myofilaments_variable_lambda":1.0,"data_set_value_component_Myofilaments_variable_dlambdadt":0.0,"data_set_value_component_filament_overlap_variable_overlap":1.0,"data_set_value_component_filament_overlap_variable_beta_0":1.65,"data_set_value_component_filament_overlap_variable_lambda_m":1.0,"data_set_value_component_filament_overlap_variable_lambda_s":0.87,"data_set_value_component_isometric_tension_variable_T_ref":120.0,"data_set_value_component_isometric_tension_variable_T_0":0.05435522,"data_set_value_component_dynamic_stiffness_variable_Q":0.0,"data_set_value_component_dynamic_stiffness_variable_a":0.35,"data_set_value_component_dynamic_stiffness_variable_Q_1":0.0,"data_set_value_component_dynamic_stiffness_variable_Q_2":0.0,"data_set_value_component_dynamic_stiffness_variable_A_1":-29.0,"data_set_value_component_dynamic_stiffness_variable_A_2":116.0,"data_set_value_component_dynamic_stiffness_variable_alpha_1":0.1,"data_set_value_component_dynamic_stiffness_variable_alpha_2":0.5,"data_set_value_component_dynamic_stiffness_variable_Tension":0.05435522},{"data_set_value_component_environment_variable_time":0.5,"data_set_value_component_intracellular_ion_concentrations_variable_Ca_i":0.216,"data_set_value_component_intracellular_ion_concentrations_variable_mtime":0.5,"data_set_value_component_crossbridges_variable_xb":0.0004508385,"data_set_value_component_crossbridges_variable_k_xb":0.1,"data_set_value_component_crossbridges_variable_nperm":5.0,"data_set_value_component_crossbridges_variable_perm50":0.35,"data_set_value_component_crossbridges_variable_permtot":0.0211296736,"data_set_value_component_troponin_variable_TRPN":0.0748212845,"data_set_value_component_troponin_variable_Ca_50ref":0.8,"data_set_value_component_troponin_variable_beta_1":-1.5,"data_set_value_component_troponin_variable_k_off":0.1,"data_set_value_component_troponin_variable_n_TRPN":2.0,"data_set_value_component_troponin_variable_Ca_50":0.8,"data_set_value_component_Myofilaments_variable_lambda":1.0,"data_set_value_component_Myofilaments_variable_dlambdadt":0.0,"data_set_value_component_filament_overlap_variable_overlap":1.0,"data_set_value_component_filament_overlap_variable_beta_0":1.65,"data_set_value_component_filament_overlap_variable_lambda_m":1.0,"data_set_value_component_filament_overlap_variable_lambda_s":0.87,"data_set_value_component_isometric_tension_variable_T_ref":120.0,"data_set_value_component_isometric_tension_variable_T_0":0.0541006249,"data_set_value_component_dynamic_stiffness_variable_Q":0.0,"data_set_value_component_dynamic_stiffness_variable_a":0.35,"data_set_value_component_dynamic_stiffness_variable_Q_1":0.0,"data_set_value_component_dynamic_stiffness_variable_Q_2":0.0,"data_set_value_component_dynamic_stiffness_variable_A_1":-29.0,"data_set_value_component_dynamic_stiffness_variable_A_2":116.0,"data_set_value_component_dynamic_stiffness_variable_alpha_1":0.1,"data_set_value_component_dynamic_stiffness_variable_alpha_2":0.5,"data_set_value_component_dynamic_stiffness_variable_Tension":0.0541006249},{"data_set_value_component_environment_variable_time":0.6,"data_set_value_component_intracellular_ion_concentrations_variable_Ca_i":0.216,"data_set_value_component_intracellular_ion_concentrations_variable_mtime":0.6,"data_set_value_component_crossbridges_variable_xb":0.0004486791,"data_set_value_component_crossbridges_variable_k_xb":0.1,"data_set_value_component_crossbridges_variable_nperm":5.0,"data_set_value_component_crossbridges_variable_perm50":0.35,"data_set_value_component_crossbridges_variable_permtot":0.0210779146,"data_set_value_component_troponin_variable_TRPN":0.074747918,"data_set_value_component_troponin_variable_Ca_50ref":0.8,"data_set_value_component_troponin_variable_beta_1":-1.5,"data_set_value_component_troponin_variable_k_off":0.1,"data_set_value_component_troponin_variable_n_TRPN":2.0,"data_set_value_component_troponin_variable_Ca_50":0.8,"data_set_value_component_Myofilaments_variable_lambda":1.0,"data_set_value_component_Myofilaments_variable_dlambdadt":0.0,"data_set_value_component_filament_overlap_variable_overlap":1.0,"data_set_value_component_filament_overlap_variable_beta_0":1.65,"data_set_value_component_filament_overlap_variable_lambda_m":1.0,"data_set_value_component_filament_overlap_variable_lambda_s":0.87,"data_set_value_component_isometric_tension_variable_T_ref":120.0,"data_set_value_component_isometric_tension_variable_T_0":0.0538414904,"data_set_value_component_dynamic_stiffness_variable_Q":0.0,"data_set_value_component_dynamic_stiffness_variable_a":0.35,"data_set_value_component_dynamic_stiffness_variable_Q_1":0.0,"data_set_value_component_dynamic_stiffness_variable_Q_2":0.0,"data_set_value_component_dynamic_stiffness_variable_A_1":-29.0,"data_set_value_component_dynamic_stiffness_variable_A_2":116.0,"data_set_value_component_dynamic_stiffness_variable_alpha_1":0.1,"data_set_value_component_dynamic_stiffness_variable_alpha_2":0.5,"data_set_value_component_dynamic_stiffness_variable_Tension":0.0538414904},{"data_set_value_component_environment_variable_time":0.7,"data_set_value_component_intracellular_ion_concentrations_variable_Ca_i":0.216,"data_set_value_component_intracellular_ion_concentrations_variable_mtime":0.7,"data_set_value_component_crossbridges_variable_xb":0.0004465086,"data_set_value_component_crossbridges_variable_k_xb":0.1,"data_set_value_component_crossbridges_variable_nperm":5.0,"data_set_value_component_crossbridges_variable_perm50":0.35,"data_set_value_component_crossbridges_variable_permtot":0.0210267828,"data_set_value_component_troponin_variable_TRPN":0.0746753344,"data_set_value_component_troponin_variable_Ca_50ref":0.8,"data_set_value_component_troponin_variable_beta_1":-1.5,"data_set_value_component_troponin_variable_k_off":0.1,"data_set_value_component_troponin_variable_n_TRPN":2.0,"data_set_value_component_troponin_variable_Ca_50":0.8,"data_set_value_component_Myofilaments_variable_lambda":1.0,"data_set_value_component_Myofilaments_variable_dlambdadt":0.0,"data_set_value_component_filament_overlap_variable_overlap":1.0,"data_set_value_component_filament_overlap_variable_beta_0":1.65,"data_set_value_component_filament_overlap_variable_lambda_m":1.0,"data_set_value_component_filament_overlap_variable_lambda_s":0.87,"data_set_value_component_isometric_tension_variable_T_ref":120.0,"data_set_value_component_isometric_tension_variable_T_0":0.053581034,"data_set_value_component_dynamic_stiffness_variable_Q":0.0,"data_set_value_component_dynamic_stiffness_variable_a":0.35,"data_set_value_component_dynamic_stiffness_variable_Q_1":0.0,"data_set_value_component_dynamic_stiffness_variable_Q_2":0.0,"data_set_value_component_dynamic_stiffness_variable_A_1":-29.0,"data_set_value_component_dynamic_stiffness_variable_A_2":116.0,"data_set_value_component_dynamic_stiffness_variable_alpha_1":0.1,"data_set_value_component_dynamic_stiffness_variable_alpha_2":0.5,"data_set_value_component_dynamic_stiffness_variable_Tension":0.053581034},{"data_set_value_component_environment_variable_time":0.8,"data_set_value_component_intracellular_ion_concentrations_variable_Ca_i":0.216,"data_set_value_component_intracellular_ion_concentrations_variable_mtime":0.8,"data_set_value_component_crossbridges_variable_xb":0.0004443439,"data_set_value_component_crossbridges_variable_k_xb":0.1,"data_set_value_component_crossbridges_variable_nperm":5.0,"data_set_value_component_crossbridges_variable_perm50":0.35,"data_set_value_component_crossbridges_variable_permtot":0.0209762699,"data_set_value_component_troponin_variable_TRPN":0.0746035252,"data_set_value_component_troponin_variable_Ca_50ref":0.8,"data_set_value_component_troponin_variable_beta_1":-1.5,"data_set_value_component_troponin_variable_k_off":0.1,"data_set_value_component_troponin_variable_n_TRPN":2.0,"data_set_value_component_troponin_variable_Ca_50":0.8,"data_set_value_component_Myofilaments_variable_lambda":1.0,"data_set_value_component_Myofilaments_variable_dlambdadt":0.0,"data_set_value_component_filament_overlap_variable_overlap":1.0,"data_set_value_component_filament_overlap_variable_beta_0":1.65,"data_set_value_component_filament_overlap_variable_lambda_m":1.0,"data_set_value_component_filament_overlap_variable_lambda_s":0.87,"data_set_value_component_isometric_tension_variable_T_ref":120.0,"data_set_value_component_isometric_tension_variable_T_0":0.0533212665,"data_set_value_component_dynamic_stiffness_variable_Q":0.0,"data_set_value_component_dynamic_stiffness_variable_a":0.35,"data_set_value_component_dynamic_stiffness_variable_Q_1":0.0,"data_set_value_component_dynamic_stiffness_variable_Q_2":0.0,"data_set_value_component_dynamic_stiffness_variable_A_1":-29.0,"data_set_value_component_dynamic_stiffness_variable_A_2":116.0,"data_set_value_component_dynamic_stiffness_variable_alpha_1":0.1,"data_set_value_component_dynamic_stiffness_variable_alpha_2":0.5,"data_set_value_component_dynamic_stiffness_variable_Tension":0.0533212665},{"data_set_value_component_environment_variable_time":0.9,"data_set_value_component_intracellular_ion_concentrations_variable_Ca_i":0.216,"data_set_value_component_intracellular_ion_concentrations_variable_mtime":0.9,"data_set_value_component_crossbridges_variable_xb":0.0004421915,"data_set_value_component_crossbridges_variable_k_xb":0.1,"data_set_value_component_crossbridges_variable_nperm":5.0,"data_set_value_component_crossbridges_variable_perm50":0.35,"data_set_value_component_crossbridges_variable_permtot":0.0209263707,"data_set_value_component_troponin_variable_TRPN":0.0745324865,"data_set_value_component_troponin_variable_Ca_50ref":0.8,"data_set_value_component_troponin_variable_beta_1":-1.5,"data_set_value_component_troponin_variable_k_off":0.1,"data_set_value_component_troponin_variable_n_TRPN":2.0,"data_set_value_component_troponin_variable_Ca_50":0.8,"data_set_value_component_Myofilaments_variable_lambda":1.0,"data_set_value_component_Myofilaments_variable_dlambdadt":0.0,"data_set_value_component_filament_overlap_variable_overlap":1.0,"data_set_value_component_filament_overlap_variable_beta_0":1.65,"data_set_value_component_filament_overlap_variable_lambda_m":1.0,"data_set_value_component_filament_overlap_variable_lambda_s":0.87,"data_set_value_component_isometric_tension_variable_T_ref":120.0,"data_set_value_component_isometric_tension_variable_T_0":0.0530629766,"data_set_value_component_dynamic_stiffness_variable_Q":0.0,"data_set_value_component_dynamic_stiffness_variable_a":0.35,"data_set_value_component_dynamic_stiffness_variable_Q_1":0.0,"data_set_value_component_dynamic_stiffness_variable_Q_2":0.0,"data_set_value_component_dynamic_stiffness_variable_A_1":-29.0,"data_set_value_component_dynamic_stiffness_variable_A_2":116.0,"data_set_value_component_dynamic_stiffness_variable_alpha_1":0.1,"data_set_value_component_dynamic_stiffness_variable_alpha_2":0.5,"data_set_value_component_dynamic_stiffness_variable_Tension":0.0530629766},{"data_set_value_component_environment_variable_time":1.0,"data_set_value_component_intracellular_ion_concentrations_variable_Ca_i":0.216,"data_set_value_component_intracellular_ion_concentrations_variable_mtime":1.0,"data_set_value_component_crossbridges_variable_xb":0.0004400626,"data_set_value_component_crossbridges_variable_k_xb":0.1,"data_set_value_component_crossbridges_variable_nperm":5.0,"data_set_value_component_crossbridges_variable_perm50":0.35,"data_set_value_component_crossbridges_variable_permtot":0.0208770743,"data_set_value_component_troponin_variable_TRPN":0.0744622061,"data_set_value_component_troponin_variable_Ca_50ref":0.8,"data_set_value_component_troponin_variable_beta_1":-1.5,"data_set_value_component_troponin_variable_k_off":0.1,"data_set_value_component_troponin_variable_n_TRPN":2.0,"data_set_value_component_troponin_variable_Ca_50":0.8,"data_set_value_component_Myofilaments_variable_lambda":1.0,"data_set_value_component_Myofilaments_variable_dlambdadt":0.0,"data_set_value_component_filament_overlap_variable_overlap":1.0,"data_set_value_component_filament_overlap_variable_beta_0":1.65,"data_set_value_component_filament_overlap_variable_lambda_m":1.0,"data_set_value_component_filament_overlap_variable_lambda_s":0.87,"data_set_value_component_isometric_tension_variable_T_ref":120.0,"data_set_value_component_isometric_tension_variable_T_0":0.0528075113,"data_set_value_component_dynamic_stiffness_variable_Q":0.0,"data_set_value_component_dynamic_stiffness_variable_a":0.35,"data_set_value_component_dynamic_stiffness_variable_Q_1":0.0,"data_set_value_component_dynamic_stiffness_variable_Q_2":0.0,"data_set_value_component_dynamic_stiffness_variable_A_1":-29.0,"data_set_value_component_dynamic_stiffness_variable_A_2":116.0,"data_set_value_component_dynamic_stiffness_variable_alpha_1":0.1,"data_set_value_component_dynamic_stiffness_variable_alpha_2":0.5,"data_set_value_component_dynamic_stiffness_variable_Tension":0.0528075113}]