[{"file": "report_normal_figure_5c.csv"}, {"file": "rubin_terman_pd.ode.setpark"}, {"file": "plot_parkinsons_disease_figure_5d.csv"}, {"file": "rubin_terman_pd.sedml"}, {"file": "rubin_terman_dbs.ode.set"}, {"file": "screenshot.jpg"}, {"file": "report_normal_with_periodic_dbs_stimulation.csv"}, {"file": "readme.html"}, {"file": "plot_normal_figure_5c.csv"}, {"file": "plot_normal_with_periodic_dbs_stimulation.csv"}, {"file": "report_parkinsons_disease_figure_5d.csv"}, {"file": "rubin_terman_dbs.sedml"}]