[{"data_set_value_component_environment_variable_time":0.0,"data_set_value_component_O2_variable_O2":0.00000533,"data_set_value_component_O2_radical_variable_O2_radical":0.000000026,"data_set_value_component_NADH_variable_NADH":0.00000095,"data_set_value_component_NAD_variable_NAD":0.000558,"data_set_value_component_NAD_radical_variable_NAD_radical":0.0000000005,"data_set_value_component_NAD2_variable_NAD2":0.00000012,"data_set_value_component_H2O2_variable_H2O2":0.000000013,"data_set_value_component_Per3_variable_Per3":0.000000059,"data_set_value_component_Per2_variable_Per2":0.0000000001,"data_set_value_component_coI_variable_coI":0.0000000009,"data_set_value_component_coII_variable_coII":0.000000026,"data_set_value_component_coIII_variable_coIII":0.00000131,"data_set_value_component_Ar_radical_variable_Ar_radical":0.00000012,"data_set_value_component_ArH_variable_ArH":0.00029988,"data_set_value_component_v1_variable_v1":0.0,"data_set_value_component_v1_variable_k1":3.0,"data_set_value_component_v2_variable_v2":0.0000000138,"data_set_value_component_v2_variable_k2":18000000.0,"data_set_value_component_v3_variable_v3":0.00000004,"data_set_value_component_v3_variable_k3":150000.0,"data_set_value_component_v4_variable_v4":0.0000000405,"data_set_value_component_v4_variable_k4":5200.0,"data_set_value_component_v5_variable_v5":0.0000000533,"data_set_value_component_v5_variable_k5":20000000.0,"data_set_value_component_v6_variable_v6":0.0000000261,"data_set_value_component_v6_variable_k6":17000000.0,"data_set_value_component_v7_variable_v7":0.0000000135,"data_set_value_component_v7_variable_k7":20000000.0,"data_set_value_component_v8_variable_v8":0.0000000262,"data_set_value_component_v8_variable_k8":40000000.0,"data_set_value_component_v9_variable_v9":0.0,"data_set_value_component_v9_variable_k9":60000000.0,"data_set_value_component_v10_variable_v10":0.0000000001,"data_set_value_component_v10_variable_k10":1800000.0,"data_set_value_component_v11_variable_v11":0.0000000001,"data_set_value_component_v11_variable_k11":100000.0,"data_set_value_component_v12_variable_v12":0.00000008,"data_set_value_component_v12_variable_k12":0.00000008,"data_set_value_component_v13_variable_v13":0.000000072,"data_set_value_component_v13_variable_O2eq":0.000012,"data_set_value_component_v13_variable_k13":0.006,"data_set_value_component_v13_back_variable_v13_back":0.000000032,"data_set_value_component_v13_back_variable_k13_":0.006,"data_set_value_component_v14_variable_v14":0.0000000798,"data_set_value_component_v14_variable_k14":700000.0},{"data_set_value_component_environment_variable_time":0.1,"data_set_value_component_O2_variable_O2":0.0000053301,"data_set_value_component_O2_radical_variable_O2_radical":0.000000026,"data_set_value_component_NADH_variable_NADH":0.0000009501,"data_set_value_component_NAD_variable_NAD":0.0005580079,"data_set_value_component_NAD_radical_variable_NAD_radical":0.0000000005,"data_set_value_component_NAD2_variable_NAD2":0.00000012,"data_set_value_component_H2O2_variable_H2O2":0.0000000108,"data_set_value_component_Per3_variable_Per3":0.0000000594,"data_set_value_component_Per2_variable_Per2":0.0000000001,"data_set_value_component_coI_variable_coI":0.0000000008,"data_set_value_component_coII_variable_coII":0.0000000256,"data_set_value_component_coIII_variable_coIII":0.0000013101,"data_set_value_component_Ar_radical_variable_Ar_radical":0.0000001195,"data_set_value_component_ArH_variable_ArH":0.0002998805,"data_set_value_component_v1_variable_v1":0.0,"data_set_value_component_v1_variable_k1":3.0,"data_set_value_component_v2_variable_v2":0.0000000116,"data_set_value_component_v2_variable_k2":18000000.0,"data_set_value_component_v3_variable_v3":0.0000000381,"data_set_value_component_v3_variable_k3":150000.0,"data_set_value_component_v4_variable_v4":0.0000000399,"data_set_value_component_v4_variable_k4":5200.0,"data_set_value_component_v5_variable_v5":0.0000000532,"data_set_value_component_v5_variable_k5":20000000.0,"data_set_value_component_v6_variable_v6":0.0000000262,"data_set_value_component_v6_variable_k6":17000000.0,"data_set_value_component_v7_variable_v7":0.0000000135,"data_set_value_component_v7_variable_k7":20000000.0,"data_set_value_component_v8_variable_v8":0.0000000262,"data_set_value_component_v8_variable_k8":40000000.0,"data_set_value_component_v9_variable_v9":0.0,"data_set_value_component_v9_variable_k9":60000000.0,"data_set_value_component_v10_variable_v10":0.0000000001,"data_set_value_component_v10_variable_k10":1800000.0,"data_set_value_component_v11_variable_v11":0.0000000001,"data_set_value_component_v11_variable_k11":100000.0,"data_set_value_component_v12_variable_v12":0.00000008,"data_set_value_component_v12_variable_k12":0.00000008,"data_set_value_component_v13_variable_v13":0.000000072,"data_set_value_component_v13_variable_O2eq":0.000012,"data_set_value_component_v13_variable_k13":0.006,"data_set_value_component_v13_back_variable_v13_back":0.000000032,"data_set_value_component_v13_back_variable_k13_":0.006,"data_set_value_component_v14_variable_v14":0.0000000795,"data_set_value_component_v14_variable_k14":700000.0},{"data_set_value_component_environment_variable_time":0.2,"data_set_value_component_O2_variable_O2":0.0000053302,"data_set_value_component_O2_radical_variable_O2_radical":0.0000000259,"data_set_value_component_NADH_variable_NADH":0.0000009503,"data_set_value_component_NAD_variable_NAD":0.0005580157,"data_set_value_component_NAD_radical_variable_NAD_radical":0.0000000005,"data_set_value_component_NAD2_variable_NAD2":0.00000012,"data_set_value_component_H2O2_variable_H2O2":0.0000000089,"data_set_value_component_Per3_variable_Per3":0.0000000599,"data_set_value_component_Per2_variable_Per2":0.0000000001,"data_set_value_component_coI_variable_coI":0.0000000008,"data_set_value_component_coII_variable_coII":0.0000000251,"data_set_value_component_coIII_variable_coIII":0.0000013102,"data_set_value_component_Ar_radical_variable_Ar_radical":0.0000001187,"data_set_value_component_ArH_variable_ArH":0.0002998813,"data_set_value_component_v1_variable_v1":0.0,"data_set_value_component_v1_variable_k1":3.0,"data_set_value_component_v2_variable_v2":0.0000000096,"data_set_value_component_v2_variable_k2":18000000.0,"data_set_value_component_v3_variable_v3":0.000000036,"data_set_value_component_v3_variable_k3":150000.0,"data_set_value_component_v4_variable_v4":0.0000000391,"data_set_value_component_v4_variable_k4":5200.0,"data_set_value_component_v5_variable_v5":0.0000000529,"data_set_value_component_v5_variable_k5":20000000.0,"data_set_value_component_v6_variable_v6":0.0000000263,"data_set_value_component_v6_variable_k6":17000000.0,"data_set_value_component_v7_variable_v7":0.0000000134,"data_set_value_component_v7_variable_k7":20000000.0,"data_set_value_component_v8_variable_v8":0.000000026,"data_set_value_component_v8_variable_k8":40000000.0,"data_set_value_component_v9_variable_v9":0.0,"data_set_value_component_v9_variable_k9":60000000.0,"data_set_value_component_v10_variable_v10":0.0000000001,"data_set_value_component_v10_variable_k10":1800000.0,"data_set_value_component_v11_variable_v11":0.0000000001,"data_set_value_component_v11_variable_k11":100000.0,"data_set_value_component_v12_variable_v12":0.00000008,"data_set_value_component_v12_variable_k12":0.00000008,"data_set_value_component_v13_variable_v13":0.000000072,"data_set_value_component_v13_variable_O2eq":0.000012,"data_set_value_component_v13_variable_k13":0.006,"data_set_value_component_v13_back_variable_v13_back":0.000000032,"data_set_value_component_v13_back_variable_k13_":0.006,"data_set_value_component_v14_variable_v14":0.0000000789,"data_set_value_component_v14_variable_k14":700000.0},{"data_set_value_component_environment_variable_time":0.3,"data_set_value_component_O2_variable_O2":0.0000053302,"data_set_value_component_O2_radical_variable_O2_radical":0.0000000258,"data_set_value_component_NADH_variable_NADH":0.0000009505,"data_set_value_component_NAD_variable_NAD":0.0005580235,"data_set_value_component_NAD_radical_variable_NAD_radical":0.0000000005,"data_set_value_component_NAD2_variable_NAD2":0.00000012,"data_set_value_component_H2O2_variable_H2O2":0.000000007,"data_set_value_component_Per3_variable_Per3":0.0000000603,"data_set_value_component_Per2_variable_Per2":0.0000000001,"data_set_value_component_coI_variable_coI":0.0000000008,"data_set_value_component_coII_variable_coII":0.0000000245,"data_set_value_component_coIII_variable_coIII":0.0000013102,"data_set_value_component_Ar_radical_variable_Ar_radical":0.0000001178,"data_set_value_component_ArH_variable_ArH":0.0002998822,"data_set_value_component_v1_variable_v1":0.0,"data_set_value_component_v1_variable_k1":3.0,"data_set_value_component_v2_variable_v2":0.0000000076,"data_set_value_component_v2_variable_k2":18000000.0,"data_set_value_component_v3_variable_v3":0.0000000339,"data_set_value_component_v3_variable_k3":150000.0,"data_set_value_component_v4_variable_v4":0.0000000383,"data_set_value_component_v4_variable_k4":5200.0,"data_set_value_component_v5_variable_v5":0.0000000525,"data_set_value_component_v5_variable_k5":20000000.0,"data_set_value_component_v6_variable_v6":0.0000000265,"data_set_value_component_v6_variable_k6":17000000.0,"data_set_value_component_v7_variable_v7":0.0000000133,"data_set_value_component_v7_variable_k7":20000000.0,"data_set_value_component_v8_variable_v8":0.0000000258,"data_set_value_component_v8_variable_k8":40000000.0,"data_set_value_component_v9_variable_v9":0.0,"data_set_value_component_v9_variable_k9":60000000.0,"data_set_value_component_v10_variable_v10":0.0000000001,"data_set_value_component_v10_variable_k10":1800000.0,"data_set_value_component_v11_variable_v11":0.0000000001,"data_set_value_component_v11_variable_k11":100000.0,"data_set_value_component_v12_variable_v12":0.00000008,"data_set_value_component_v12_variable_k12":0.00000008,"data_set_value_component_v13_variable_v13":0.000000072,"data_set_value_component_v13_variable_O2eq":0.000012,"data_set_value_component_v13_variable_k13":0.006,"data_set_value_component_v13_back_variable_v13_back":0.000000032,"data_set_value_component_v13_back_variable_k13_":0.006,"data_set_value_component_v14_variable_v14":0.0000000784,"data_set_value_component_v14_variable_k14":700000.0},{"data_set_value_component_environment_variable_time":0.4,"data_set_value_component_O2_variable_O2":0.0000053306,"data_set_value_component_O2_radical_variable_O2_radical":0.0000000257,"data_set_value_component_NADH_variable_NADH":0.0000009512,"data_set_value_component_NAD_variable_NAD":0.0005580308,"data_set_value_component_NAD_radical_variable_NAD_radical":0.0000000005,"data_set_value_component_NAD2_variable_NAD2":0.00000012,"data_set_value_component_H2O2_variable_H2O2":0.0000000054,"data_set_value_component_Per3_variable_Per3":0.0000000608,"data_set_value_component_Per2_variable_Per2":0.0000000001,"data_set_value_component_coI_variable_coI":0.0000000007,"data_set_value_component_coII_variable_coII":0.000000024,"data_set_value_component_coIII_variable_coIII":0.0000013104,"data_set_value_component_Ar_radical_variable_Ar_radical":0.0000001167,"data_set_value_component_ArH_variable_ArH":0.0002998833,"data_set_value_component_v1_variable_v1":0.0,"data_set_value_component_v1_variable_k1":3.0,"data_set_value_component_v2_variable_v2":0.0000000059,"data_set_value_component_v2_variable_k2":18000000.0,"data_set_value_component_v3_variable_v3":0.000000032,"data_set_value_component_v3_variable_k3":150000.0,"data_set_value_component_v4_variable_v4":0.0000000374,"data_set_value_component_v4_variable_k4":5200.0,"data_set_value_component_v5_variable_v5":0.0000000521,"data_set_value_component_v5_variable_k5":20000000.0,"data_set_value_component_v6_variable_v6":0.0000000265,"data_set_value_component_v6_variable_k6":17000000.0,"data_set_value_component_v7_variable_v7":0.0000000132,"data_set_value_component_v7_variable_k7":20000000.0,"data_set_value_component_v8_variable_v8":0.0000000256,"data_set_value_component_v8_variable_k8":40000000.0,"data_set_value_component_v9_variable_v9":0.0,"data_set_value_component_v9_variable_k9":60000000.0,"data_set_value_component_v10_variable_v10":0.0000000001,"data_set_value_component_v10_variable_k10":1800000.0,"data_set_value_component_v11_variable_v11":0.0000000001,"data_set_value_component_v11_variable_k11":100000.0,"data_set_value_component_v12_variable_v12":0.00000008,"data_set_value_component_v12_variable_k12":0.00000008,"data_set_value_component_v13_variable_v13":0.000000072,"data_set_value_component_v13_variable_O2eq":0.000012,"data_set_value_component_v13_variable_k13":0.006,"data_set_value_component_v13_back_variable_v13_back":0.000000032,"data_set_value_component_v13_back_variable_k13_":0.006,"data_set_value_component_v14_variable_v14":0.0000000777,"data_set_value_component_v14_variable_k14":700000.0},{"data_set_value_component_environment_variable_time":0.5,"data_set_value_component_O2_variable_O2":0.0000053317,"data_set_value_component_O2_radical_variable_O2_radical":0.0000000254,"data_set_value_component_NADH_variable_NADH":0.0000009536,"data_set_value_component_NAD_variable_NAD":0.0005580364,"data_set_value_component_NAD_radical_variable_NAD_radical":0.0000000005,"data_set_value_component_NAD2_variable_NAD2":0.00000012,"data_set_value_component_H2O2_variable_H2O2":0.0000000051,"data_set_value_component_Per3_variable_Per3":0.000000061,"data_set_value_component_Per2_variable_Per2":0.0000000001,"data_set_value_component_coI_variable_coI":0.0000000007,"data_set_value_component_coII_variable_coII":0.0000000233,"data_set_value_component_coIII_variable_coIII":0.0000013109,"data_set_value_component_Ar_radical_variable_Ar_radical":0.0000001144,"data_set_value_component_ArH_variable_ArH":0.0002998856,"data_set_value_component_v1_variable_v1":0.0,"data_set_value_component_v1_variable_k1":3.0,"data_set_value_component_v2_variable_v2":0.0000000056,"data_set_value_component_v2_variable_k2":18000000.0,"data_set_value_component_v3_variable_v3":0.0000000309,"data_set_value_component_v3_variable_k3":150000.0,"data_set_value_component_v4_variable_v4":0.0000000363,"data_set_value_component_v4_variable_k4":5200.0,"data_set_value_component_v5_variable_v5":0.0000000512,"data_set_value_component_v5_variable_k5":20000000.0,"data_set_value_component_v6_variable_v6":0.0000000263,"data_set_value_component_v6_variable_k6":17000000.0,"data_set_value_component_v7_variable_v7":0.0000000129,"data_set_value_component_v7_variable_k7":20000000.0,"data_set_value_component_v8_variable_v8":0.0000000252,"data_set_value_component_v8_variable_k8":40000000.0,"data_set_value_component_v9_variable_v9":0.0,"data_set_value_component_v9_variable_k9":60000000.0,"data_set_value_component_v10_variable_v10":0.0000000001,"data_set_value_component_v10_variable_k10":1800000.0,"data_set_value_component_v11_variable_v11":0.0000000001,"data_set_value_component_v11_variable_k11":100000.0,"data_set_value_component_v12_variable_v12":0.00000008,"data_set_value_component_v12_variable_k12":0.00000008,"data_set_value_component_v13_variable_v13":0.000000072,"data_set_value_component_v13_variable_O2eq":0.000012,"data_set_value_component_v13_variable_k13":0.006,"data_set_value_component_v13_back_variable_v13_back":0.000000032,"data_set_value_component_v13_back_variable_k13_":0.006,"data_set_value_component_v14_variable_v14":0.0000000764,"data_set_value_component_v14_variable_k14":700000.0},{"data_set_value_component_environment_variable_time":0.6,"data_set_value_component_O2_variable_O2":0.0000053327,"data_set_value_component_O2_radical_variable_O2_radical":0.0000000251,"data_set_value_component_NADH_variable_NADH":0.000000956,"data_set_value_component_NAD_variable_NAD":0.000558042,"data_set_value_component_NAD_radical_variable_NAD_radical":0.0000000005,"data_set_value_component_NAD2_variable_NAD2":0.00000012,"data_set_value_component_H2O2_variable_H2O2":0.0000000048,"data_set_value_component_Per3_variable_Per3":0.0000000612,"data_set_value_component_Per2_variable_Per2":0.0000000001,"data_set_value_component_coI_variable_coI":0.0000000007,"data_set_value_component_coII_variable_coII":0.0000000226,"data_set_value_component_coIII_variable_coIII":0.0000013114,"data_set_value_component_Ar_radical_variable_Ar_radical":0.0000001122,"data_set_value_component_ArH_variable_ArH":0.0002998878,"data_set_value_component_v1_variable_v1":0.0,"data_set_value_component_v1_variable_k1":3.0,"data_set_value_component_v2_variable_v2":0.0000000053,"data_set_value_component_v2_variable_k2":18000000.0,"data_set_value_component_v3_variable_v3":0.0000000298,"data_set_value_component_v3_variable_k3":150000.0,"data_set_value_component_v4_variable_v4":0.0000000353,"data_set_value_component_v4_variable_k4":5200.0,"data_set_value_component_v5_variable_v5":0.0000000503,"data_set_value_component_v5_variable_k5":20000000.0,"data_set_value_component_v6_variable_v6":0.0000000261,"data_set_value_component_v6_variable_k6":17000000.0,"data_set_value_component_v7_variable_v7":0.0000000126,"data_set_value_component_v7_variable_k7":20000000.0,"data_set_value_component_v8_variable_v8":0.0000000247,"data_set_value_component_v8_variable_k8":40000000.0,"data_set_value_component_v9_variable_v9":0.0,"data_set_value_component_v9_variable_k9":60000000.0,"data_set_value_component_v10_variable_v10":0.0000000001,"data_set_value_component_v10_variable_k10":1800000.0,"data_set_value_component_v11_variable_v11":0.0000000001,"data_set_value_component_v11_variable_k11":100000.0,"data_set_value_component_v12_variable_v12":0.00000008,"data_set_value_component_v12_variable_k12":0.00000008,"data_set_value_component_v13_variable_v13":0.000000072,"data_set_value_component_v13_variable_O2eq":0.000012,"data_set_value_component_v13_variable_k13":0.006,"data_set_value_component_v13_back_variable_v13_back":0.000000032,"data_set_value_component_v13_back_variable_k13_":0.006,"data_set_value_component_v14_variable_v14":0.0000000751,"data_set_value_component_v14_variable_k14":700000.0},{"data_set_value_component_environment_variable_time":0.7,"data_set_value_component_O2_variable_O2":0.0000053338,"data_set_value_component_O2_radical_variable_O2_radical":0.0000000248,"data_set_value_component_NADH_variable_NADH":0.0000009584,"data_set_value_component_NAD_variable_NAD":0.0005580476,"data_set_value_component_NAD_radical_variable_NAD_radical":0.0000000005,"data_set_value_component_NAD2_variable_NAD2":0.00000012,"data_set_value_component_H2O2_variable_H2O2":0.0000000045,"data_set_value_component_Per3_variable_Per3":0.0000000614,"data_set_value_component_Per2_variable_Per2":0.0000000001,"data_set_value_component_coI_variable_coI":0.0000000006,"data_set_value_component_coII_variable_coII":0.000000022,"data_set_value_component_coIII_variable_coIII":0.0000013119,"data_set_value_component_Ar_radical_variable_Ar_radical":0.0000001099,"data_set_value_component_ArH_variable_ArH":0.0002998901,"data_set_value_component_v1_variable_v1":0.0,"data_set_value_component_v1_variable_k1":3.0,"data_set_value_component_v2_variable_v2":0.000000005,"data_set_value_component_v2_variable_k2":18000000.0,"data_set_value_component_v3_variable_v3":0.0000000286,"data_set_value_component_v3_variable_k3":150000.0,"data_set_value_component_v4_variable_v4":0.0000000342,"data_set_value_component_v4_variable_k4":5200.0,"data_set_value_component_v5_variable_v5":0.0000000494,"data_set_value_component_v5_variable_k5":20000000.0,"data_set_value_component_v6_variable_v6":0.0000000259,"data_set_value_component_v6_variable_k6":17000000.0,"data_set_value_component_v7_variable_v7":0.0000000123,"data_set_value_component_v7_variable_k7":20000000.0,"data_set_value_component_v8_variable_v8":0.0000000243,"data_set_value_component_v8_variable_k8":40000000.0,"data_set_value_component_v9_variable_v9":0.0,"data_set_value_component_v9_variable_k9":60000000.0,"data_set_value_component_v10_variable_v10":0.0000000001,"data_set_value_component_v10_variable_k10":1800000.0,"data_set_value_component_v11_variable_v11":0.0000000001,"data_set_value_component_v11_variable_k11":100000.0,"data_set_value_component_v12_variable_v12":0.00000008,"data_set_value_component_v12_variable_k12":0.00000008,"data_set_value_component_v13_variable_v13":0.000000072,"data_set_value_component_v13_variable_O2eq":0.000012,"data_set_value_component_v13_variable_k13":0.006,"data_set_value_component_v13_back_variable_v13_back":0.000000032,"data_set_value_component_v13_back_variable_k13_":0.006,"data_set_value_component_v14_variable_v14":0.0000000737,"data_set_value_component_v14_variable_k14":700000.0},{"data_set_value_component_environment_variable_time":0.8,"data_set_value_component_O2_variable_O2":0.0000053349,"data_set_value_component_O2_radical_variable_O2_radical":0.0000000246,"data_set_value_component_NADH_variable_NADH":0.0000009609,"data_set_value_component_NAD_variable_NAD":0.0005580532,"data_set_value_component_NAD_radical_variable_NAD_radical":0.0000000005,"data_set_value_component_NAD2_variable_NAD2":0.00000012,"data_set_value_component_H2O2_variable_H2O2":0.0000000042,"data_set_value_component_Per3_variable_Per3":0.0000000616,"data_set_value_component_Per2_variable_Per2":0.0000000001,"data_set_value_component_coI_variable_coI":0.0000000006,"data_set_value_component_coII_variable_coII":0.0000000213,"data_set_value_component_coIII_variable_coIII":0.0000013124,"data_set_value_component_Ar_radical_variable_Ar_radical":0.0000001076,"data_set_value_component_ArH_variable_ArH":0.0002998924,"data_set_value_component_v1_variable_v1":0.0,"data_set_value_component_v1_variable_k1":3.0,"data_set_value_component_v2_variable_v2":0.0000000047,"data_set_value_component_v2_variable_k2":18000000.0,"data_set_value_component_v3_variable_v3":0.0000000275,"data_set_value_component_v3_variable_k3":150000.0,"data_set_value_component_v4_variable_v4":0.0000000332,"data_set_value_component_v4_variable_k4":5200.0,"data_set_value_component_v5_variable_v5":0.0000000486,"data_set_value_component_v5_variable_k5":20000000.0,"data_set_value_component_v6_variable_v6":0.0000000257,"data_set_value_component_v6_variable_k6":17000000.0,"data_set_value_component_v7_variable_v7":0.0000000121,"data_set_value_component_v7_variable_k7":20000000.0,"data_set_value_component_v8_variable_v8":0.0000000239,"data_set_value_component_v8_variable_k8":40000000.0,"data_set_value_component_v9_variable_v9":0.0,"data_set_value_component_v9_variable_k9":60000000.0,"data_set_value_component_v10_variable_v10":0.0000000001,"data_set_value_component_v10_variable_k10":1800000.0,"data_set_value_component_v11_variable_v11":0.0000000001,"data_set_value_component_v11_variable_k11":100000.0,"data_set_value_component_v12_variable_v12":0.00000008,"data_set_value_component_v12_variable_k12":0.00000008,"data_set_value_component_v13_variable_v13":0.000000072,"data_set_value_component_v13_variable_O2eq":0.000012,"data_set_value_component_v13_variable_k13":0.006,"data_set_value_component_v13_back_variable_v13_back":0.000000032,"data_set_value_component_v13_back_variable_k13_":0.006,"data_set_value_component_v14_variable_v14":0.0000000724,"data_set_value_component_v14_variable_k14":700000.0},{"data_set_value_component_environment_variable_time":0.9,"data_set_value_component_O2_variable_O2":0.000005336,"data_set_value_component_O2_radical_variable_O2_radical":0.0000000243,"data_set_value_component_NADH_variable_NADH":0.0000009633,"data_set_value_component_NAD_variable_NAD":0.0005580588,"data_set_value_component_NAD_radical_variable_NAD_radical":0.0000000004,"data_set_value_component_NAD2_variable_NAD2":0.00000012,"data_set_value_component_H2O2_variable_H2O2":0.0000000039,"data_set_value_component_Per3_variable_Per3":0.0000000619,"data_set_value_component_Per2_variable_Per2":0.0000000001,"data_set_value_component_coI_variable_coI":0.0000000006,"data_set_value_component_coII_variable_coII":0.0000000206,"data_set_value_component_coIII_variable_coIII":0.0000013128,"data_set_value_component_Ar_radical_variable_Ar_radical":0.0000001054,"data_set_value_component_ArH_variable_ArH":0.0002998946,"data_set_value_component_v1_variable_v1":0.0,"data_set_value_component_v1_variable_k1":3.0,"data_set_value_component_v2_variable_v2":0.0000000043,"data_set_value_component_v2_variable_k2":18000000.0,"data_set_value_component_v3_variable_v3":0.0000000264,"data_set_value_component_v3_variable_k3":150000.0,"data_set_value_component_v4_variable_v4":0.0000000322,"data_set_value_component_v4_variable_k4":5200.0,"data_set_value_component_v5_variable_v5":0.0000000477,"data_set_value_component_v5_variable_k5":20000000.0,"data_set_value_component_v6_variable_v6":0.0000000255,"data_set_value_component_v6_variable_k6":17000000.0,"data_set_value_component_v7_variable_v7":0.0000000118,"data_set_value_component_v7_variable_k7":20000000.0,"data_set_value_component_v8_variable_v8":0.0000000235,"data_set_value_component_v8_variable_k8":40000000.0,"data_set_value_component_v9_variable_v9":0.0,"data_set_value_component_v9_variable_k9":60000000.0,"data_set_value_component_v10_variable_v10":0.0,"data_set_value_component_v10_variable_k10":1800000.0,"data_set_value_component_v11_variable_v11":0.0000000001,"data_set_value_component_v11_variable_k11":100000.0,"data_set_value_component_v12_variable_v12":0.00000008,"data_set_value_component_v12_variable_k12":0.00000008,"data_set_value_component_v13_variable_v13":0.000000072,"data_set_value_component_v13_variable_O2eq":0.000012,"data_set_value_component_v13_variable_k13":0.006,"data_set_value_component_v13_back_variable_v13_back":0.000000032,"data_set_value_component_v13_back_variable_k13_":0.006,"data_set_value_component_v14_variable_v14":0.000000071,"data_set_value_component_v14_variable_k14":700000.0},{"data_set_value_component_environment_variable_time":1.0,"data_set_value_component_O2_variable_O2":0.0000053371,"data_set_value_component_O2_radical_variable_O2_radical":0.000000024,"data_set_value_component_NADH_variable_NADH":0.0000009657,"data_set_value_component_NAD_variable_NAD":0.0005580644,"data_set_value_component_NAD_radical_variable_NAD_radical":0.0000000004,"data_set_value_component_NAD2_variable_NAD2":0.00000012,"data_set_value_component_H2O2_variable_H2O2":0.0000000036,"data_set_value_component_Per3_variable_Per3":0.0000000621,"data_set_value_component_Per2_variable_Per2":0.0000000001,"data_set_value_component_coI_variable_coI":0.0000000006,"data_set_value_component_coII_variable_coII":0.0000000199,"data_set_value_component_coIII_variable_coIII":0.0000013133,"data_set_value_component_Ar_radical_variable_Ar_radical":0.0000001031,"data_set_value_component_ArH_variable_ArH":0.0002998969,"data_set_value_component_v1_variable_v1":0.0,"data_set_value_component_v1_variable_k1":3.0,"data_set_value_component_v2_variable_v2":0.000000004,"data_set_value_component_v2_variable_k2":18000000.0,"data_set_value_component_v3_variable_v3":0.0000000252,"data_set_value_component_v3_variable_k3":150000.0,"data_set_value_component_v4_variable_v4":0.0000000311,"data_set_value_component_v4_variable_k4":5200.0,"data_set_value_component_v5_variable_v5":0.0000000468,"data_set_value_component_v5_variable_k5":20000000.0,"data_set_value_component_v6_variable_v6":0.0000000253,"data_set_value_component_v6_variable_k6":17000000.0,"data_set_value_component_v7_variable_v7":0.0000000115,"data_set_value_component_v7_variable_k7":20000000.0,"data_set_value_component_v8_variable_v8":0.000000023,"data_set_value_component_v8_variable_k8":40000000.0,"data_set_value_component_v9_variable_v9":0.0,"data_set_value_component_v9_variable_k9":60000000.0,"data_set_value_component_v10_variable_v10":0.0,"data_set_value_component_v10_variable_k10":1800000.0,"data_set_value_component_v11_variable_v11":0.0000000001,"data_set_value_component_v11_variable_k11":100000.0,"data_set_value_component_v12_variable_v12":0.00000008,"data_set_value_component_v12_variable_k12":0.00000008,"data_set_value_component_v13_variable_v13":0.000000072,"data_set_value_component_v13_variable_O2eq":0.000012,"data_set_value_component_v13_variable_k13":0.006,"data_set_value_component_v13_back_variable_v13_back":0.000000032,"data_set_value_component_v13_back_variable_k13_":0.006,"data_set_value_component_v14_variable_v14":0.0000000697,"data_set_value_component_v14_variable_k14":700000.0}]