[{"data_set_value_component_environment_variable_time":0.0,"data_set_value_component_environment_variable_t_modulo":0.0,"data_set_value_component_general_parameters_variable_Acap":0.0001534,"data_set_value_component_general_parameters_variable_V_myo":0.00002584,"data_set_value_component_general_parameters_variable_C_m":1.0,"data_set_value_component_general_parameters_variable_F":96.5,"data_set_value_component_general_parameters_variable_T":298.0,"data_set_value_component_general_parameters_variable_R":8.314,"data_set_value_component_general_parameters_variable_CaM_tot":24.0,"data_set_value_component_general_parameters_variable_Km_CaM":2.38,"data_set_value_component_general_parameters_variable_Ca_o":1000.0,"data_set_value_component_general_parameters_variable_Na_o":140000.0,"data_set_value_component_general_parameters_variable_Ca_NSR":760.0,"data_set_value_component_general_parameters_variable_J_leak":0.0003,"data_set_value_component_action_potential_variable_V":-90.0,"data_set_value_component_action_potential_variable_t1":0.5,"data_set_value_component_action_potential_variable_t2":200.0,"data_set_value_component_action_potential_variable_p":2.0,"data_set_value_component_action_potential_variable_A":135.0,"data_set_value_component_action_potential_variable_A1":110.0,"data_set_value_component_action_potential_variable_rest":-90.0,"data_set_value_component_calcium_input_variable_Ca_input":0.0,"data_set_value_component_calcium_input_variable_tcalcium":0.0,"data_set_value_component_calcium_input_variable_Ca_tau1":1.5,"data_set_value_component_calcium_input_variable_Ca_tau2":7.5,"data_set_value_component_calcium_input_variable_Ca_pow":2.0,"data_set_value_component_calcium_input_variable_Ca_amp":10.0,"data_set_value_component_NCX_current_variable_INaCa":-0.1411408205,"data_set_value_component_NCX_current_variable_Na_i":10000.0,"data_set_value_component_NCX_current_variable_KmNa":87500.0,"data_set_value_component_NCX_current_variable_KmCa":1380.0,"data_set_value_component_NCX_current_variable_ksat":0.1,"data_set_value_component_NCX_current_variable_eta":0.35,"data_set_value_component_NCX_current_variable_kNaCa":950.0,"data_set_value_component_serca_parameters_variable_SERCA_TOT":20.0,"data_set_value_component_serca_parameters_variable_CaMKII_reg":0.1,"data_set_value_component_serca_parameters_variable_PKA_reg":0.1,"data_set_value_component_serca_parameters_variable_PSR":1.0,"data_set_value_component_serca_parameters_variable_Kmf_PLBKO":0.15,"data_set_value_component_serca_parameters_variable_Kmf_PLB":0.15,"data_set_value_component_serca_parameters_variable_Kmr_PLBKO":2500.0,"data_set_value_component_serca_parameters_variable_Kmr_PLB":1110.0,"data_set_value_component_serca_parameters_variable_PLB_tot":1.0,"data_set_value_component_serca_parameters_variable_kplb_pos":1.0,"data_set_value_component_serca_parameters_variable_kplb_neg":6.8,"data_set_value_component_serca_parameters_variable_EC_50_fwd":0.169455,"data_set_value_component_serca_parameters_variable_EC_50_rev":2389.0,"data_set_value_component_transition_parameters_variable_k_cyt_serca":6.6875,"data_set_value_component_transition_parameters_variable_k_serca_cyt":0.1794687314,"data_set_value_component_transition_parameters_variable_k_serca_sr":0.0066875,"data_set_value_component_transition_parameters_variable_k_sr_serca":0.0000000011,"data_set_value_component_transition_parameters_variable_br_cyt_serca":6.25,"data_set_value_component_transition_parameters_variable_br_serca_sr":0.00625,"data_set_value_component_calcium_fluxes_variable_J_up":0.081831657,"data_set_value_component_calcium_fluxes_variable_J_cyt_serca":0.105781343,"data_set_value_component_calcium_fluxes_variable_J_serca_sr":0.023949686,"data_set_value_component_calcium_buffering_variable_LTRPN_tot":70.0,"data_set_value_component_calcium_buffering_variable_kltrpn_pos":0.1,"data_set_value_component_calcium_buffering_variable_kltrpn_neg":0.06,"data_set_value_component_calcium_buffering_variable_J_LTRPN":-0.07,"data_set_value_component_calcium_buffering_variable_B_i":0.0972081732,"data_set_value_component_differential_equations_variable_Ca_cyt":0.1,"data_set_value_component_differential_equations_variable_LTRPN":11.0,"data_set_value_component_differential_equations_variable_PLB_dephosph":0.1,"data_set_value_component_differential_equations_variable_Ca_serca":5.0},{"data_set_value_component_environment_variable_time":0.1,"data_set_value_component_environment_variable_t_modulo":0.0,"data_set_value_component_general_parameters_variable_Acap":0.0001534,"data_set_value_component_general_parameters_variable_V_myo":0.00002584,"data_set_value_component_general_parameters_variable_C_m":1.0,"data_set_value_component_general_parameters_variable_F":96.5,"data_set_value_component_general_parameters_variable_T":298.0,"data_set_value_component_general_parameters_variable_R":8.314,"data_set_value_component_general_parameters_variable_CaM_tot":24.0,"data_set_value_component_general_parameters_variable_Km_CaM":2.38,"data_set_value_component_general_parameters_variable_Ca_o":1000.0,"data_set_value_component_general_parameters_variable_Na_o":140000.0,"data_set_value_component_general_parameters_variable_Ca_NSR":760.0,"data_set_value_component_general_parameters_variable_J_leak":0.0003,"data_set_value_component_action_potential_variable_V":-90.0,"data_set_value_component_action_potential_variable_t1":0.5,"data_set_value_component_action_potential_variable_t2":200.0,"data_set_value_component_action_potential_variable_p":2.0,"data_set_value_component_action_potential_variable_A":135.0,"data_set_value_component_action_potential_variable_A1":110.0,"data_set_value_component_action_potential_variable_rest":-90.0,"data_set_value_component_calcium_input_variable_Ca_input":0.0,"data_set_value_component_calcium_input_variable_tcalcium":0.0,"data_set_value_component_calcium_input_variable_Ca_tau1":1.5,"data_set_value_component_calcium_input_variable_Ca_tau2":7.5,"data_set_value_component_calcium_input_variable_Ca_pow":2.0,"data_set_value_component_calcium_input_variable_Ca_amp":10.0,"data_set_value_component_NCX_current_variable_INaCa":-0.1415935469,"data_set_value_component_NCX_current_variable_Na_i":10000.0,"data_set_value_component_NCX_current_variable_KmNa":87500.0,"data_set_value_component_NCX_current_variable_KmCa":1380.0,"data_set_value_component_NCX_current_variable_ksat":0.1,"data_set_value_component_NCX_current_variable_eta":0.35,"data_set_value_component_NCX_current_variable_kNaCa":950.0,"data_set_value_component_serca_parameters_variable_SERCA_TOT":20.0,"data_set_value_component_serca_parameters_variable_CaMKII_reg":0.1,"data_set_value_component_serca_parameters_variable_PKA_reg":0.1,"data_set_value_component_serca_parameters_variable_PSR":1.0,"data_set_value_component_serca_parameters_variable_Kmf_PLBKO":0.15,"data_set_value_component_serca_parameters_variable_Kmf_PLB":0.15,"data_set_value_component_serca_parameters_variable_Kmr_PLBKO":2500.0,"data_set_value_component_serca_parameters_variable_Kmr_PLB":1110.0,"data_set_value_component_serca_parameters_variable_PLB_tot":1.0,"data_set_value_component_serca_parameters_variable_kplb_pos":1.0,"data_set_value_component_serca_parameters_variable_kplb_neg":6.8,"data_set_value_component_serca_parameters_variable_EC_50_fwd":0.1820806187,"data_set_value_component_serca_parameters_variable_EC_50_rev":2298.0267008901,"data_set_value_component_transition_parameters_variable_k_cyt_serca":6.6875,"data_set_value_component_transition_parameters_variable_k_serca_cyt":0.2072084481,"data_set_value_component_transition_parameters_variable_k_serca_sr":0.0066875,"data_set_value_component_transition_parameters_variable_k_sr_serca":0.0000000012,"data_set_value_component_transition_parameters_variable_br_cyt_serca":6.25,"data_set_value_component_transition_parameters_variable_br_serca_sr":0.00625,"data_set_value_component_calcium_fluxes_variable_J_up":-0.0507147947,"data_set_value_component_calcium_fluxes_variable_J_cyt_serca":-0.0275219428,"data_set_value_component_calcium_fluxes_variable_J_serca_sr":0.0231928519,"data_set_value_component_calcium_buffering_variable_LTRPN_tot":70.0,"data_set_value_component_calcium_buffering_variable_kltrpn_pos":0.1,"data_set_value_component_calcium_buffering_variable_kltrpn_neg":0.06,"data_set_value_component_calcium_buffering_variable_J_LTRPN":-0.0678277172,"data_set_value_component_calcium_buffering_variable_B_i":0.0972283906,"data_set_value_component_differential_equations_variable_Ca_cyt":0.1002856545,"data_set_value_component_differential_equations_variable_LTRPN":10.9930468189,"data_set_value_component_differential_equations_variable_PLB_dephosph":0.1819579271,"data_set_value_component_differential_equations_variable_Ca_serca":5.0012527265},{"data_set_value_component_environment_variable_time":0.2,"data_set_value_component_environment_variable_t_modulo":0.0,"data_set_value_component_general_parameters_variable_Acap":0.0001534,"data_set_value_component_general_parameters_variable_V_myo":0.00002584,"data_set_value_component_general_parameters_variable_C_m":1.0,"data_set_value_component_general_parameters_variable_F":96.5,"data_set_value_component_general_parameters_variable_T":298.0,"data_set_value_component_general_parameters_variable_R":8.314,"data_set_value_component_general_parameters_variable_CaM_tot":24.0,"data_set_value_component_general_parameters_variable_Km_CaM":2.38,"data_set_value_component_general_parameters_variable_Ca_o":1000.0,"data_set_value_component_general_parameters_variable_Na_o":140000.0,"data_set_value_component_general_parameters_variable_Ca_NSR":760.0,"data_set_value_component_general_parameters_variable_J_leak":0.0003,"data_set_value_component_action_potential_variable_V":-90.0,"data_set_value_component_action_potential_variable_t1":0.5,"data_set_value_component_action_potential_variable_t2":200.0,"data_set_value_component_action_potential_variable_p":2.0,"data_set_value_component_action_potential_variable_A":135.0,"data_set_value_component_action_potential_variable_A1":110.0,"data_set_value_component_action_potential_variable_rest":-90.0,"data_set_value_component_calcium_input_variable_Ca_input":0.0,"data_set_value_component_calcium_input_variable_tcalcium":0.0,"data_set_value_component_calcium_input_variable_Ca_tau1":1.5,"data_set_value_component_calcium_input_variable_Ca_tau2":7.5,"data_set_value_component_calcium_input_variable_Ca_pow":2.0,"data_set_value_component_calcium_input_variable_Ca_amp":10.0,"data_set_value_component_NCX_current_variable_INaCa":-0.1437502225,"data_set_value_component_NCX_current_variable_Na_i":10000.0,"data_set_value_component_NCX_current_variable_KmNa":87500.0,"data_set_value_component_NCX_current_variable_KmCa":1380.0,"data_set_value_component_NCX_current_variable_ksat":0.1,"data_set_value_component_NCX_current_variable_eta":0.35,"data_set_value_component_NCX_current_variable_kNaCa":950.0,"data_set_value_component_serca_parameters_variable_SERCA_TOT":20.0,"data_set_value_component_serca_parameters_variable_CaMKII_reg":0.1,"data_set_value_component_serca_parameters_variable_PKA_reg":0.1,"data_set_value_component_serca_parameters_variable_PSR":1.0,"data_set_value_component_serca_parameters_variable_Kmf_PLBKO":0.15,"data_set_value_component_serca_parameters_variable_Kmf_PLB":0.15,"data_set_value_component_serca_parameters_variable_Kmr_PLBKO":2500.0,"data_set_value_component_serca_parameters_variable_Kmr_PLB":1110.0,"data_set_value_component_serca_parameters_variable_PLB_tot":1.0,"data_set_value_component_serca_parameters_variable_kplb_pos":1.0,"data_set_value_component_serca_parameters_variable_kplb_neg":6.8,"data_set_value_component_serca_parameters_variable_EC_50_fwd":0.1931980429,"data_set_value_component_serca_parameters_variable_EC_50_rev":2217.9206259377,"data_set_value_component_transition_parameters_variable_k_cyt_serca":6.6875,"data_set_value_component_transition_parameters_variable_k_serca_cyt":0.2332842735,"data_set_value_component_transition_parameters_variable_k_serca_sr":0.0066875,"data_set_value_component_transition_parameters_variable_k_sr_serca":0.0000000013,"data_set_value_component_transition_parameters_variable_br_cyt_serca":6.25,"data_set_value_component_transition_parameters_variable_br_serca_sr":0.00625,"data_set_value_component_calcium_fluxes_variable_J_up":-0.1496276597,"data_set_value_component_calcium_fluxes_variable_J_cyt_serca":-0.1272650556,"data_set_value_component_calcium_fluxes_variable_J_serca_sr":0.0223626041,"data_set_value_component_calcium_buffering_variable_LTRPN_tot":70.0,"data_set_value_component_calcium_buffering_variable_kltrpn_pos":0.1,"data_set_value_component_calcium_buffering_variable_kltrpn_neg":0.06,"data_set_value_component_calcium_buffering_variable_J_LTRPN":-0.0593489199,"data_set_value_component_calcium_buffering_variable_B_i":0.0973247207,"data_set_value_component_differential_equations_variable_Ca_cyt":0.1016464413,"data_set_value_component_differential_equations_variable_LTRPN":10.9866446047,"data_set_value_component_differential_equations_variable_PLB_dephosph":0.2541255622,"data_set_value_component_differential_equations_variable_Ca_serca":4.99097935},{"data_set_value_component_environment_variable_time":0.3,"data_set_value_component_environment_variable_t_modulo":0.0,"data_set_value_component_general_parameters_variable_Acap":0.0001534,"data_set_value_component_general_parameters_variable_V_myo":0.00002584,"data_set_value_component_general_parameters_variable_C_m":1.0,"data_set_value_component_general_parameters_variable_F":96.5,"data_set_value_component_general_parameters_variable_T":298.0,"data_set_value_component_general_parameters_variable_R":8.314,"data_set_value_component_general_parameters_variable_CaM_tot":24.0,"data_set_value_component_general_parameters_variable_Km_CaM":2.38,"data_set_value_component_general_parameters_variable_Ca_o":1000.0,"data_set_value_component_general_parameters_variable_Na_o":140000.0,"data_set_value_component_general_parameters_variable_Ca_NSR":760.0,"data_set_value_component_general_parameters_variable_J_leak":0.0003,"data_set_value_component_action_potential_variable_V":-90.0,"data_set_value_component_action_potential_variable_t1":0.5,"data_set_value_component_action_potential_variable_t2":200.0,"data_set_value_component_action_potential_variable_p":2.0,"data_set_value_component_action_potential_variable_A":135.0,"data_set_value_component_action_potential_variable_A1":110.0,"data_set_value_component_action_potential_variable_rest":-90.0,"data_set_value_component_calcium_input_variable_Ca_input":0.0,"data_set_value_component_calcium_input_variable_tcalcium":0.0,"data_set_value_component_calcium_input_variable_Ca_tau1":1.5,"data_set_value_component_calcium_input_variable_Ca_tau2":7.5,"data_set_value_component_calcium_input_variable_Ca_pow":2.0,"data_set_value_component_calcium_input_variable_Ca_amp":10.0,"data_set_value_component_NCX_current_variable_INaCa":-0.1470593848,"data_set_value_component_NCX_current_variable_Na_i":10000.0,"data_set_value_component_NCX_current_variable_KmNa":87500.0,"data_set_value_component_NCX_current_variable_KmCa":1380.0,"data_set_value_component_NCX_current_variable_ksat":0.1,"data_set_value_component_NCX_current_variable_eta":0.35,"data_set_value_component_NCX_current_variable_kNaCa":950.0,"data_set_value_component_serca_parameters_variable_SERCA_TOT":20.0,"data_set_value_component_serca_parameters_variable_CaMKII_reg":0.1,"data_set_value_component_serca_parameters_variable_PKA_reg":0.1,"data_set_value_component_serca_parameters_variable_PSR":1.0,"data_set_value_component_serca_parameters_variable_Kmf_PLBKO":0.15,"data_set_value_component_serca_parameters_variable_Kmf_PLB":0.15,"data_set_value_component_serca_parameters_variable_Kmr_PLBKO":2500.0,"data_set_value_component_serca_parameters_variable_Kmr_PLB":1110.0,"data_set_value_component_serca_parameters_variable_PLB_tot":1.0,"data_set_value_component_serca_parameters_variable_kplb_pos":1.0,"data_set_value_component_serca_parameters_variable_kplb_neg":6.8,"data_set_value_component_serca_parameters_variable_EC_50_fwd":0.2029876051,"data_set_value_component_serca_parameters_variable_EC_50_rev":2147.3823973136,"data_set_value_component_transition_parameters_variable_k_cyt_serca":6.6875,"data_set_value_component_transition_parameters_variable_k_serca_cyt":0.257524799,"data_set_value_component_transition_parameters_variable_k_serca_sr":0.0066875,"data_set_value_component_transition_parameters_variable_k_sr_serca":0.0000000014,"data_set_value_component_transition_parameters_variable_br_cyt_serca":6.25,"data_set_value_component_transition_parameters_variable_br_serca_sr":0.00625,"data_set_value_component_calcium_fluxes_variable_J_up":-0.2205257254,"data_set_value_component_calcium_fluxes_variable_J_cyt_serca":-0.1990384715,"data_set_value_component_calcium_fluxes_variable_J_serca_sr":0.0214872539,"data_set_value_component_calcium_buffering_variable_LTRPN_tot":70.0,"data_set_value_component_calcium_buffering_variable_kltrpn_pos":0.1,"data_set_value_component_calcium_buffering_variable_kltrpn_neg":0.06,"data_set_value_component_calcium_buffering_variable_J_LTRPN":-0.0466522132,"data_set_value_component_calcium_buffering_variable_B_i":0.0974725905,"data_set_value_component_differential_equations_variable_Ca_cyt":0.1037344068,"data_set_value_component_differential_equations_variable_LTRPN":10.9813170066,"data_set_value_component_differential_equations_variable_PLB_dephosph":0.3176735159,"data_set_value_component_differential_equations_variable_Ca_serca":4.9722598284},{"data_set_value_component_environment_variable_time":0.4,"data_set_value_component_environment_variable_t_modulo":0.0,"data_set_value_component_general_parameters_variable_Acap":0.0001534,"data_set_value_component_general_parameters_variable_V_myo":0.00002584,"data_set_value_component_general_parameters_variable_C_m":1.0,"data_set_value_component_general_parameters_variable_F":96.5,"data_set_value_component_general_parameters_variable_T":298.0,"data_set_value_component_general_parameters_variable_R":8.314,"data_set_value_component_general_parameters_variable_CaM_tot":24.0,"data_set_value_component_general_parameters_variable_Km_CaM":2.38,"data_set_value_component_general_parameters_variable_Ca_o":1000.0,"data_set_value_component_general_parameters_variable_Na_o":140000.0,"data_set_value_component_general_parameters_variable_Ca_NSR":760.0,"data_set_value_component_general_parameters_variable_J_leak":0.0003,"data_set_value_component_action_potential_variable_V":-90.0,"data_set_value_component_action_potential_variable_t1":0.5,"data_set_value_component_action_potential_variable_t2":200.0,"data_set_value_component_action_potential_variable_p":2.0,"data_set_value_component_action_potential_variable_A":135.0,"data_set_value_component_action_potential_variable_A1":110.0,"data_set_value_component_action_potential_variable_rest":-90.0,"data_set_value_component_calcium_input_variable_Ca_input":0.0,"data_set_value_component_calcium_input_variable_tcalcium":0.0,"data_set_value_component_calcium_input_variable_Ca_tau1":1.5,"data_set_value_component_calcium_input_variable_Ca_tau2":7.5,"data_set_value_component_calcium_input_variable_Ca_pow":2.0,"data_set_value_component_calcium_input_variable_Ca_amp":10.0,"data_set_value_component_NCX_current_variable_INaCa":-0.1510802082,"data_set_value_component_NCX_current_variable_Na_i":10000.0,"data_set_value_component_NCX_current_variable_KmNa":87500.0,"data_set_value_component_NCX_current_variable_KmCa":1380.0,"data_set_value_component_NCX_current_variable_ksat":0.1,"data_set_value_component_NCX_current_variable_eta":0.35,"data_set_value_component_NCX_current_variable_kNaCa":950.0,"data_set_value_component_serca_parameters_variable_SERCA_TOT":20.0,"data_set_value_component_serca_parameters_variable_CaMKII_reg":0.1,"data_set_value_component_serca_parameters_variable_PKA_reg":0.1,"data_set_value_component_serca_parameters_variable_PSR":1.0,"data_set_value_component_serca_parameters_variable_Kmf_PLBKO":0.15,"data_set_value_component_serca_parameters_variable_Kmf_PLB":0.15,"data_set_value_component_serca_parameters_variable_Kmr_PLBKO":2500.0,"data_set_value_component_serca_parameters_variable_Kmr_PLB":1110.0,"data_set_value_component_serca_parameters_variable_PLB_tot":1.0,"data_set_value_component_serca_parameters_variable_kplb_pos":1.0,"data_set_value_component_serca_parameters_variable_kplb_neg":6.8,"data_set_value_component_serca_parameters_variable_EC_50_fwd":0.2116078835,"data_set_value_component_serca_parameters_variable_EC_50_rev":2085.2693888402,"data_set_value_component_transition_parameters_variable_k_cyt_serca":6.6875,"data_set_value_component_transition_parameters_variable_k_serca_cyt":0.2798618522,"data_set_value_component_transition_parameters_variable_k_serca_sr":0.0066875,"data_set_value_component_transition_parameters_variable_k_sr_serca":0.0000000014,"data_set_value_component_transition_parameters_variable_br_cyt_serca":6.25,"data_set_value_component_transition_parameters_variable_br_serca_sr":0.00625,"data_set_value_component_calcium_fluxes_variable_J_up":-0.2684021417,"data_set_value_component_calcium_fluxes_variable_J_cyt_serca":-0.2478112612,"data_set_value_component_calcium_fluxes_variable_J_serca_sr":0.0205908804,"data_set_value_component_calcium_buffering_variable_LTRPN_tot":70.0,"data_set_value_component_calcium_buffering_variable_kltrpn_pos":0.1,"data_set_value_component_calcium_buffering_variable_kltrpn_neg":0.06,"data_set_value_component_calcium_buffering_variable_J_LTRPN":-0.0314024704,"data_set_value_component_calcium_buffering_variable_B_i":0.097652363,"data_set_value_component_differential_equations_variable_Ca_cyt":0.1062714056,"data_set_value_component_differential_equations_variable_LTRPN":10.9773991016,"data_set_value_component_differential_equations_variable_PLB_dephosph":0.3736311812,"data_set_value_component_differential_equations_variable_Ca_serca":4.9476414843},{"data_set_value_component_environment_variable_time":0.5,"data_set_value_component_environment_variable_t_modulo":0.0,"data_set_value_component_general_parameters_variable_Acap":0.0001534,"data_set_value_component_general_parameters_variable_V_myo":0.00002584,"data_set_value_component_general_parameters_variable_C_m":1.0,"data_set_value_component_general_parameters_variable_F":96.5,"data_set_value_component_general_parameters_variable_T":298.0,"data_set_value_component_general_parameters_variable_R":8.314,"data_set_value_component_general_parameters_variable_CaM_tot":24.0,"data_set_value_component_general_parameters_variable_Km_CaM":2.38,"data_set_value_component_general_parameters_variable_Ca_o":1000.0,"data_set_value_component_general_parameters_variable_Na_o":140000.0,"data_set_value_component_general_parameters_variable_Ca_NSR":760.0,"data_set_value_component_general_parameters_variable_J_leak":0.0003,"data_set_value_component_action_potential_variable_V":-90.0,"data_set_value_component_action_potential_variable_t1":0.5,"data_set_value_component_action_potential_variable_t2":200.0,"data_set_value_component_action_potential_variable_p":2.0,"data_set_value_component_action_potential_variable_A":135.0,"data_set_value_component_action_potential_variable_A1":110.0,"data_set_value_component_action_potential_variable_rest":-90.0,"data_set_value_component_calcium_input_variable_Ca_input":0.0,"data_set_value_component_calcium_input_variable_tcalcium":0.0,"data_set_value_component_calcium_input_variable_Ca_tau1":1.5,"data_set_value_component_calcium_input_variable_Ca_tau2":7.5,"data_set_value_component_calcium_input_variable_Ca_pow":2.0,"data_set_value_component_calcium_input_variable_Ca_amp":10.0,"data_set_value_component_NCX_current_variable_INaCa":-0.1554665061,"data_set_value_component_NCX_current_variable_Na_i":10000.0,"data_set_value_component_NCX_current_variable_KmNa":87500.0,"data_set_value_component_NCX_current_variable_KmCa":1380.0,"data_set_value_component_NCX_current_variable_ksat":0.1,"data_set_value_component_NCX_current_variable_eta":0.35,"data_set_value_component_NCX_current_variable_kNaCa":950.0,"data_set_value_component_serca_parameters_variable_SERCA_TOT":20.0,"data_set_value_component_serca_parameters_variable_CaMKII_reg":0.1,"data_set_value_component_serca_parameters_variable_PKA_reg":0.1,"data_set_value_component_serca_parameters_variable_PSR":1.0,"data_set_value_component_serca_parameters_variable_Kmf_PLBKO":0.15,"data_set_value_component_serca_parameters_variable_Kmf_PLB":0.15,"data_set_value_component_serca_parameters_variable_Kmr_PLBKO":2500.0,"data_set_value_component_serca_parameters_variable_Kmr_PLB":1110.0,"data_set_value_component_serca_parameters_variable_PLB_tot":1.0,"data_set_value_component_serca_parameters_variable_kplb_pos":1.0,"data_set_value_component_serca_parameters_variable_kplb_neg":6.8,"data_set_value_component_serca_parameters_variable_EC_50_fwd":0.2191985305,"data_set_value_component_serca_parameters_variable_EC_50_rev":2030.5753401752,"data_set_value_component_transition_parameters_variable_k_cyt_serca":6.6875,"data_set_value_component_transition_parameters_variable_k_serca_cyt":0.3002999736,"data_set_value_component_transition_parameters_variable_k_serca_sr":0.0066875,"data_set_value_component_transition_parameters_variable_k_sr_serca":0.0000000015,"data_set_value_component_transition_parameters_variable_br_cyt_serca":6.25,"data_set_value_component_transition_parameters_variable_br_serca_sr":0.00625,"data_set_value_component_calcium_fluxes_variable_J_up":-0.2978363909,"data_set_value_component_calcium_fluxes_variable_J_cyt_serca":-0.2781429167,"data_set_value_component_calcium_fluxes_variable_J_serca_sr":0.0196934742,"data_set_value_component_calcium_buffering_variable_LTRPN_tot":70.0,"data_set_value_component_calcium_buffering_variable_kltrpn_pos":0.1,"data_set_value_component_calcium_buffering_variable_kltrpn_neg":0.06,"data_set_value_component_calcium_buffering_variable_J_LTRPN":-0.0149028041,"data_set_value_component_calcium_buffering_variable_B_i":0.0978486036,"data_set_value_component_differential_equations_variable_Ca_cyt":0.109039006,"data_set_value_component_differential_equations_variable_LTRPN":10.9750780878,"data_set_value_component_differential_equations_variable_PLB_dephosph":0.4229050989,"data_set_value_component_differential_equations_variable_Ca_serca":4.9191940308},{"data_set_value_component_environment_variable_time":0.6,"data_set_value_component_environment_variable_t_modulo":0.0,"data_set_value_component_general_parameters_variable_Acap":0.0001534,"data_set_value_component_general_parameters_variable_V_myo":0.00002584,"data_set_value_component_general_parameters_variable_C_m":1.0,"data_set_value_component_general_parameters_variable_F":96.5,"data_set_value_component_general_parameters_variable_T":298.0,"data_set_value_component_general_parameters_variable_R":8.314,"data_set_value_component_general_parameters_variable_CaM_tot":24.0,"data_set_value_component_general_parameters_variable_Km_CaM":2.38,"data_set_value_component_general_parameters_variable_Ca_o":1000.0,"data_set_value_component_general_parameters_variable_Na_o":140000.0,"data_set_value_component_general_parameters_variable_Ca_NSR":760.0,"data_set_value_component_general_parameters_variable_J_leak":0.0003,"data_set_value_component_action_potential_variable_V":-90.0,"data_set_value_component_action_potential_variable_t1":0.5,"data_set_value_component_action_potential_variable_t2":200.0,"data_set_value_component_action_potential_variable_p":2.0,"data_set_value_component_action_potential_variable_A":135.0,"data_set_value_component_action_potential_variable_A1":110.0,"data_set_value_component_action_potential_variable_rest":-90.0,"data_set_value_component_calcium_input_variable_Ca_input":0.0,"data_set_value_component_calcium_input_variable_tcalcium":0.0,"data_set_value_component_calcium_input_variable_Ca_tau1":1.5,"data_set_value_component_calcium_input_variable_Ca_tau2":7.5,"data_set_value_component_calcium_input_variable_Ca_pow":2.0,"data_set_value_component_calcium_input_variable_Ca_amp":10.0,"data_set_value_component_NCX_current_variable_INaCa":-0.1599549703,"data_set_value_component_NCX_current_variable_Na_i":10000.0,"data_set_value_component_NCX_current_variable_KmNa":87500.0,"data_set_value_component_NCX_current_variable_KmCa":1380.0,"data_set_value_component_NCX_current_variable_ksat":0.1,"data_set_value_component_NCX_current_variable_eta":0.35,"data_set_value_component_NCX_current_variable_kNaCa":950.0,"data_set_value_component_serca_parameters_variable_SERCA_TOT":20.0,"data_set_value_component_serca_parameters_variable_CaMKII_reg":0.1,"data_set_value_component_serca_parameters_variable_PKA_reg":0.1,"data_set_value_component_serca_parameters_variable_PSR":1.0,"data_set_value_component_serca_parameters_variable_Kmf_PLBKO":0.15,"data_set_value_component_serca_parameters_variable_Kmf_PLB":0.15,"data_set_value_component_serca_parameters_variable_Kmr_PLBKO":2500.0,"data_set_value_component_serca_parameters_variable_Kmr_PLB":1110.0,"data_set_value_component_serca_parameters_variable_PLB_tot":1.0,"data_set_value_component_serca_parameters_variable_kplb_pos":1.0,"data_set_value_component_serca_parameters_variable_kplb_neg":6.8,"data_set_value_component_serca_parameters_variable_EC_50_fwd":0.2258825563,"data_set_value_component_serca_parameters_variable_EC_50_rev":1982.4139081312,"data_set_value_component_transition_parameters_variable_k_cyt_serca":6.6875,"data_set_value_component_transition_parameters_variable_k_serca_cyt":0.3188933077,"data_set_value_component_transition_parameters_variable_k_serca_sr":0.0066875,"data_set_value_component_transition_parameters_variable_k_sr_serca":0.0000000016,"data_set_value_component_transition_parameters_variable_br_cyt_serca":6.25,"data_set_value_component_transition_parameters_variable_br_serca_sr":0.00625,"data_set_value_component_calcium_fluxes_variable_J_up":-0.3129848578,"data_set_value_component_calcium_fluxes_variable_J_cyt_serca":-0.2941737986,"data_set_value_component_calcium_fluxes_variable_J_serca_sr":0.0188110592,"data_set_value_component_calcium_buffering_variable_LTRPN_tot":70.0,"data_set_value_component_calcium_buffering_variable_kltrpn_pos":0.1,"data_set_value_component_calcium_buffering_variable_kltrpn_neg":0.06,"data_set_value_component_calcium_buffering_variable_J_LTRPN":0.0018597379,"data_set_value_component_calcium_buffering_variable_B_i":0.0980495524,"data_set_value_component_differential_equations_variable_Ca_cyt":0.1118710696,"data_set_value_component_differential_equations_variable_LTRPN":10.9744275744,"data_set_value_component_differential_equations_variable_PLB_dephosph":0.4662937765,"data_set_value_component_differential_equations_variable_Ca_serca":4.8885508116},{"data_set_value_component_environment_variable_time":0.7,"data_set_value_component_environment_variable_t_modulo":0.0,"data_set_value_component_general_parameters_variable_Acap":0.0001534,"data_set_value_component_general_parameters_variable_V_myo":0.00002584,"data_set_value_component_general_parameters_variable_C_m":1.0,"data_set_value_component_general_parameters_variable_F":96.5,"data_set_value_component_general_parameters_variable_T":298.0,"data_set_value_component_general_parameters_variable_R":8.314,"data_set_value_component_general_parameters_variable_CaM_tot":24.0,"data_set_value_component_general_parameters_variable_Km_CaM":2.38,"data_set_value_component_general_parameters_variable_Ca_o":1000.0,"data_set_value_component_general_parameters_variable_Na_o":140000.0,"data_set_value_component_general_parameters_variable_Ca_NSR":760.0,"data_set_value_component_general_parameters_variable_J_leak":0.0003,"data_set_value_component_action_potential_variable_V":-90.0,"data_set_value_component_action_potential_variable_t1":0.5,"data_set_value_component_action_potential_variable_t2":200.0,"data_set_value_component_action_potential_variable_p":2.0,"data_set_value_component_action_potential_variable_A":135.0,"data_set_value_component_action_potential_variable_A1":110.0,"data_set_value_component_action_potential_variable_rest":-90.0,"data_set_value_component_calcium_input_variable_Ca_input":0.0,"data_set_value_component_calcium_input_variable_tcalcium":0.0,"data_set_value_component_calcium_input_variable_Ca_tau1":1.5,"data_set_value_component_calcium_input_variable_Ca_tau2":7.5,"data_set_value_component_calcium_input_variable_Ca_pow":2.0,"data_set_value_component_calcium_input_variable_Ca_amp":10.0,"data_set_value_component_NCX_current_variable_INaCa":-0.1643544305,"data_set_value_component_NCX_current_variable_Na_i":10000.0,"data_set_value_component_NCX_current_variable_KmNa":87500.0,"data_set_value_component_NCX_current_variable_KmCa":1380.0,"data_set_value_component_NCX_current_variable_ksat":0.1,"data_set_value_component_NCX_current_variable_eta":0.35,"data_set_value_component_NCX_current_variable_kNaCa":950.0,"data_set_value_component_serca_parameters_variable_SERCA_TOT":20.0,"data_set_value_component_serca_parameters_variable_CaMKII_reg":0.1,"data_set_value_component_serca_parameters_variable_PKA_reg":0.1,"data_set_value_component_serca_parameters_variable_PSR":1.0,"data_set_value_component_serca_parameters_variable_Kmf_PLBKO":0.15,"data_set_value_component_serca_parameters_variable_Kmf_PLB":0.15,"data_set_value_component_serca_parameters_variable_Kmr_PLBKO":2500.0,"data_set_value_component_serca_parameters_variable_Kmr_PLB":1110.0,"data_set_value_component_serca_parameters_variable_PLB_tot":1.0,"data_set_value_component_serca_parameters_variable_kplb_pos":1.0,"data_set_value_component_serca_parameters_variable_kplb_neg":6.8,"data_set_value_component_serca_parameters_variable_EC_50_fwd":0.231768228,"data_set_value_component_serca_parameters_variable_EC_50_rev":1940.0049785229,"data_set_value_component_transition_parameters_variable_k_cyt_serca":6.6875,"data_set_value_component_transition_parameters_variable_k_serca_cyt":0.3357281969,"data_set_value_component_transition_parameters_variable_k_serca_sr":0.0066875,"data_set_value_component_transition_parameters_variable_k_sr_serca":0.0000000017,"data_set_value_component_transition_parameters_variable_br_cyt_serca":6.25,"data_set_value_component_transition_parameters_variable_br_serca_sr":0.00625,"data_set_value_component_calcium_fluxes_variable_J_up":-0.3174977716,"data_set_value_component_calcium_fluxes_variable_J_cyt_serca":-0.2995418533,"data_set_value_component_calcium_fluxes_variable_J_serca_sr":0.0179559183,"data_set_value_component_calcium_buffering_variable_LTRPN_tot":70.0,"data_set_value_component_calcium_buffering_variable_kltrpn_pos":0.1,"data_set_value_component_calcium_buffering_variable_kltrpn_neg":0.06,"data_set_value_component_calcium_buffering_variable_J_LTRPN":0.0181726272,"data_set_value_component_calcium_buffering_variable_B_i":0.0982466514,"data_set_value_component_differential_equations_variable_Ca_cyt":0.114646975,"data_set_value_component_differential_equations_variable_LTRPN":10.9754357798,"data_set_value_component_differential_equations_variable_PLB_dephosph":0.5045000193,"data_set_value_component_differential_equations_variable_Ca_serca":4.8569529551},{"data_set_value_component_environment_variable_time":0.8,"data_set_value_component_environment_variable_t_modulo":0.0,"data_set_value_component_general_parameters_variable_Acap":0.0001534,"data_set_value_component_general_parameters_variable_V_myo":0.00002584,"data_set_value_component_general_parameters_variable_C_m":1.0,"data_set_value_component_general_parameters_variable_F":96.5,"data_set_value_component_general_parameters_variable_T":298.0,"data_set_value_component_general_parameters_variable_R":8.314,"data_set_value_component_general_parameters_variable_CaM_tot":24.0,"data_set_value_component_general_parameters_variable_Km_CaM":2.38,"data_set_value_component_general_parameters_variable_Ca_o":1000.0,"data_set_value_component_general_parameters_variable_Na_o":140000.0,"data_set_value_component_general_parameters_variable_Ca_NSR":760.0,"data_set_value_component_general_parameters_variable_J_leak":0.0003,"data_set_value_component_action_potential_variable_V":-90.0,"data_set_value_component_action_potential_variable_t1":0.5,"data_set_value_component_action_potential_variable_t2":200.0,"data_set_value_component_action_potential_variable_p":2.0,"data_set_value_component_action_potential_variable_A":135.0,"data_set_value_component_action_potential_variable_A1":110.0,"data_set_value_component_action_potential_variable_rest":-90.0,"data_set_value_component_calcium_input_variable_Ca_input":0.0,"data_set_value_component_calcium_input_variable_tcalcium":0.0,"data_set_value_component_calcium_input_variable_Ca_tau1":1.5,"data_set_value_component_calcium_input_variable_Ca_tau2":7.5,"data_set_value_component_calcium_input_variable_Ca_pow":2.0,"data_set_value_component_calcium_input_variable_Ca_amp":10.0,"data_set_value_component_NCX_current_variable_INaCa":-0.1685340897,"data_set_value_component_NCX_current_variable_Na_i":10000.0,"data_set_value_component_NCX_current_variable_KmNa":87500.0,"data_set_value_component_NCX_current_variable_KmCa":1380.0,"data_set_value_component_NCX_current_variable_ksat":0.1,"data_set_value_component_NCX_current_variable_eta":0.35,"data_set_value_component_NCX_current_variable_kNaCa":950.0,"data_set_value_component_serca_parameters_variable_SERCA_TOT":20.0,"data_set_value_component_serca_parameters_variable_CaMKII_reg":0.1,"data_set_value_component_serca_parameters_variable_PKA_reg":0.1,"data_set_value_component_serca_parameters_variable_PSR":1.0,"data_set_value_component_serca_parameters_variable_Kmf_PLBKO":0.15,"data_set_value_component_serca_parameters_variable_Kmf_PLB":0.15,"data_set_value_component_serca_parameters_variable_Kmr_PLBKO":2500.0,"data_set_value_component_serca_parameters_variable_Kmr_PLB":1110.0,"data_set_value_component_serca_parameters_variable_PLB_tot":1.0,"data_set_value_component_serca_parameters_variable_kplb_pos":1.0,"data_set_value_component_serca_parameters_variable_kplb_neg":6.8,"data_set_value_component_serca_parameters_variable_EC_50_fwd":0.2369508668,"data_set_value_component_serca_parameters_variable_EC_50_rev":1902.6617193015,"data_set_value_component_transition_parameters_variable_k_cyt_serca":6.6875,"data_set_value_component_transition_parameters_variable_k_serca_cyt":0.350910708,"data_set_value_component_transition_parameters_variable_k_serca_sr":0.0066875,"data_set_value_component_transition_parameters_variable_k_sr_serca":0.0000000017,"data_set_value_component_transition_parameters_variable_br_cyt_serca":6.25,"data_set_value_component_transition_parameters_variable_br_serca_sr":0.00625,"data_set_value_component_calcium_fluxes_variable_J_up":-0.3144605274,"data_set_value_component_calcium_fluxes_variable_J_cyt_serca":-0.2973235768,"data_set_value_component_calcium_fluxes_variable_J_serca_sr":0.0171369506,"data_set_value_component_calcium_buffering_variable_LTRPN_tot":70.0,"data_set_value_component_calcium_buffering_variable_kltrpn_pos":0.1,"data_set_value_component_calcium_buffering_variable_kltrpn_neg":0.06,"data_set_value_component_calcium_buffering_variable_J_LTRPN":0.0335525242,"data_set_value_component_calcium_buffering_variable_B_i":0.0984340265,"data_set_value_component_differential_equations_variable_Ca_cyt":0.1172841936,"data_set_value_component_differential_equations_variable_LTRPN":10.9780312757,"data_set_value_component_differential_equations_variable_PLB_dephosph":0.5381425952,"data_set_value_component_differential_equations_variable_Ca_serca":4.8253038306},{"data_set_value_component_environment_variable_time":0.9,"data_set_value_component_environment_variable_t_modulo":0.0,"data_set_value_component_general_parameters_variable_Acap":0.0001534,"data_set_value_component_general_parameters_variable_V_myo":0.00002584,"data_set_value_component_general_parameters_variable_C_m":1.0,"data_set_value_component_general_parameters_variable_F":96.5,"data_set_value_component_general_parameters_variable_T":298.0,"data_set_value_component_general_parameters_variable_R":8.314,"data_set_value_component_general_parameters_variable_CaM_tot":24.0,"data_set_value_component_general_parameters_variable_Km_CaM":2.38,"data_set_value_component_general_parameters_variable_Ca_o":1000.0,"data_set_value_component_general_parameters_variable_Na_o":140000.0,"data_set_value_component_general_parameters_variable_Ca_NSR":760.0,"data_set_value_component_general_parameters_variable_J_leak":0.0003,"data_set_value_component_action_potential_variable_V":-90.0,"data_set_value_component_action_potential_variable_t1":0.5,"data_set_value_component_action_potential_variable_t2":200.0,"data_set_value_component_action_potential_variable_p":2.0,"data_set_value_component_action_potential_variable_A":135.0,"data_set_value_component_action_potential_variable_A1":110.0,"data_set_value_component_action_potential_variable_rest":-90.0,"data_set_value_component_calcium_input_variable_Ca_input":0.0,"data_set_value_component_calcium_input_variable_tcalcium":0.0,"data_set_value_component_calcium_input_variable_Ca_tau1":1.5,"data_set_value_component_calcium_input_variable_Ca_tau2":7.5,"data_set_value_component_calcium_input_variable_Ca_pow":2.0,"data_set_value_component_calcium_input_variable_Ca_amp":10.0,"data_set_value_component_NCX_current_variable_INaCa":-0.1724115649,"data_set_value_component_NCX_current_variable_Na_i":10000.0,"data_set_value_component_NCX_current_variable_KmNa":87500.0,"data_set_value_component_NCX_current_variable_KmCa":1380.0,"data_set_value_component_NCX_current_variable_ksat":0.1,"data_set_value_component_NCX_current_variable_eta":0.35,"data_set_value_component_NCX_current_variable_kNaCa":950.0,"data_set_value_component_serca_parameters_variable_SERCA_TOT":20.0,"data_set_value_component_serca_parameters_variable_CaMKII_reg":0.1,"data_set_value_component_serca_parameters_variable_PKA_reg":0.1,"data_set_value_component_serca_parameters_variable_PSR":1.0,"data_set_value_component_serca_parameters_variable_Kmf_PLBKO":0.15,"data_set_value_component_serca_parameters_variable_Kmf_PLB":0.15,"data_set_value_component_serca_parameters_variable_Kmr_PLBKO":2500.0,"data_set_value_component_serca_parameters_variable_Kmr_PLB":1110.0,"data_set_value_component_serca_parameters_variable_PLB_tot":1.0,"data_set_value_component_serca_parameters_variable_kplb_pos":1.0,"data_set_value_component_serca_parameters_variable_kplb_neg":6.8,"data_set_value_component_serca_parameters_variable_EC_50_fwd":0.2415144728,"data_set_value_component_serca_parameters_variable_EC_50_rev":1869.7788720875,"data_set_value_component_transition_parameters_variable_k_cyt_serca":6.6875,"data_set_value_component_transition_parameters_variable_k_serca_cyt":0.3645577534,"data_set_value_component_transition_parameters_variable_k_serca_sr":0.0066875,"data_set_value_component_transition_parameters_variable_k_sr_serca":0.0000000018,"data_set_value_component_transition_parameters_variable_br_cyt_serca":6.25,"data_set_value_component_transition_parameters_variable_br_serca_sr":0.00625,"data_set_value_component_calcium_fluxes_variable_J_up":-0.3063813671,"data_set_value_component_calcium_fluxes_variable_J_cyt_serca":-0.2900212479,"data_set_value_component_calcium_fluxes_variable_J_serca_sr":0.0163601192,"data_set_value_component_calcium_buffering_variable_LTRPN_tot":70.0,"data_set_value_component_calcium_buffering_variable_kltrpn_pos":0.1,"data_set_value_component_calcium_buffering_variable_kltrpn_neg":0.06,"data_set_value_component_calcium_buffering_variable_J_LTRPN":0.0476993617,"data_set_value_component_calcium_buffering_variable_B_i":0.0986079618,"data_set_value_component_differential_equations_variable_Ca_cyt":0.1197307446,"data_set_value_component_differential_equations_variable_LTRPN":10.9821048592,"data_set_value_component_differential_equations_variable_PLB_dephosph":0.5677667819,"data_set_value_component_differential_equations_variable_Ca_serca":4.7942284921},{"data_set_value_component_environment_variable_time":1.0,"data_set_value_component_environment_variable_t_modulo":1.0,"data_set_value_component_general_parameters_variable_Acap":0.0001534,"data_set_value_component_general_parameters_variable_V_myo":0.00002584,"data_set_value_component_general_parameters_variable_C_m":1.0,"data_set_value_component_general_parameters_variable_F":96.5,"data_set_value_component_general_parameters_variable_T":298.0,"data_set_value_component_general_parameters_variable_R":8.314,"data_set_value_component_general_parameters_variable_CaM_tot":24.0,"data_set_value_component_general_parameters_variable_Km_CaM":2.38,"data_set_value_component_general_parameters_variable_Ca_o":1000.0,"data_set_value_component_general_parameters_variable_Na_o":140000.0,"data_set_value_component_general_parameters_variable_Ca_NSR":760.0,"data_set_value_component_general_parameters_variable_J_leak":0.0003,"data_set_value_component_action_potential_variable_V":10.4286839031,"data_set_value_component_action_potential_variable_t1":0.5,"data_set_value_component_action_potential_variable_t2":200.0,"data_set_value_component_action_potential_variable_p":2.0,"data_set_value_component_action_potential_variable_A":135.0,"data_set_value_component_action_potential_variable_A1":110.0,"data_set_value_component_action_potential_variable_rest":-90.0,"data_set_value_component_calcium_input_variable_Ca_input":0.0,"data_set_value_component_calcium_input_variable_tcalcium":0.0,"data_set_value_component_calcium_input_variable_Ca_tau1":1.5,"data_set_value_component_calcium_input_variable_Ca_tau2":7.5,"data_set_value_component_calcium_input_variable_Ca_pow":2.0,"data_set_value_component_calcium_input_variable_Ca_amp":10.0,"data_set_value_component_NCX_current_variable_INaCa":0.0972648015,"data_set_value_component_NCX_current_variable_Na_i":10000.0,"data_set_value_component_NCX_current_variable_KmNa":87500.0,"data_set_value_component_NCX_current_variable_KmCa":1380.0,"data_set_value_component_NCX_current_variable_ksat":0.1,"data_set_value_component_NCX_current_variable_eta":0.35,"data_set_value_component_NCX_current_variable_kNaCa":950.0,"data_set_value_component_serca_parameters_variable_SERCA_TOT":20.0,"data_set_value_component_serca_parameters_variable_CaMKII_reg":0.1,"data_set_value_component_serca_parameters_variable_PKA_reg":0.1,"data_set_value_component_serca_parameters_variable_PSR":1.0,"data_set_value_component_serca_parameters_variable_Kmf_PLBKO":0.15,"data_set_value_component_serca_parameters_variable_Kmf_PLB":0.15,"data_set_value_component_serca_parameters_variable_Kmr_PLBKO":2500.0,"data_set_value_component_serca_parameters_variable_Kmr_PLB":1110.0,"data_set_value_component_serca_parameters_variable_PLB_tot":1.0,"data_set_value_component_serca_parameters_variable_kplb_pos":1.0,"data_set_value_component_serca_parameters_variable_kplb_neg":6.8,"data_set_value_component_serca_parameters_variable_EC_50_fwd":0.245532997,"data_set_value_component_serca_parameters_variable_EC_50_rev":1840.8235853418,"data_set_value_component_transition_parameters_variable_k_cyt_serca":6.6875,"data_set_value_component_transition_parameters_variable_k_serca_cyt":0.3767903289,"data_set_value_component_transition_parameters_variable_k_serca_sr":0.0066875,"data_set_value_component_transition_parameters_variable_k_sr_serca":0.0000000018,"data_set_value_component_transition_parameters_variable_br_cyt_serca":6.25,"data_set_value_component_transition_parameters_variable_br_serca_sr":0.00625,"data_set_value_component_calcium_fluxes_variable_J_up":-0.2951961693,"data_set_value_component_calcium_fluxes_variable_J_cyt_serca":-0.2795672318,"data_set_value_component_calcium_fluxes_variable_J_serca_sr":0.0156289375,"data_set_value_component_calcium_buffering_variable_LTRPN_tot":70.0,"data_set_value_component_calcium_buffering_variable_kltrpn_pos":0.1,"data_set_value_component_calcium_buffering_variable_kltrpn_neg":0.06,"data_set_value_component_calcium_buffering_variable_J_LTRPN":0.0604590079,"data_set_value_component_calcium_buffering_variable_B_i":0.0987664702,"data_set_value_component_differential_equations_variable_Ca_cyt":0.1219590393,"data_set_value_component_differential_equations_variable_LTRPN":10.9875245517,"data_set_value_component_differential_equations_variable_PLB_dephosph":0.5938526258,"data_set_value_component_differential_equations_variable_Ca_serca":4.7641298868}]