[{"data_set_value_component_environment_variable_time":0.0,"data_set_value_component_y_variable_y":0.0,"data_set_value_component_y_variable_r":1.0,"data_set_value_component_y_variable_a":0.2,"data_set_value_component_y_variable_k":10.0,"data_set_value_component_v_variable_v":1.0,"data_set_value_component_v_variable_u":0.5,"data_set_value_component_v_variable_eta":1.0},{"data_set_value_component_environment_variable_time":0.1,"data_set_value_component_y_variable_y":0.0,"data_set_value_component_y_variable_r":1.0,"data_set_value_component_y_variable_a":0.2,"data_set_value_component_y_variable_k":10.0,"data_set_value_component_v_variable_v":0.9512289129,"data_set_value_component_v_variable_u":0.5,"data_set_value_component_v_variable_eta":1.0},{"data_set_value_component_environment_variable_time":0.2,"data_set_value_component_y_variable_y":0.0,"data_set_value_component_y_variable_r":1.0,"data_set_value_component_y_variable_a":0.2,"data_set_value_component_y_variable_k":10.0,"data_set_value_component_v_variable_v":0.9048367932,"data_set_value_component_v_variable_u":0.5,"data_set_value_component_v_variable_eta":1.0},{"data_set_value_component_environment_variable_time":0.3,"data_set_value_component_y_variable_y":0.0,"data_set_value_component_y_variable_r":1.0,"data_set_value_component_y_variable_a":0.2,"data_set_value_component_y_variable_k":10.0,"data_set_value_component_v_variable_v":0.8607075515,"data_set_value_component_v_variable_u":0.5,"data_set_value_component_v_variable_eta":1.0},{"data_set_value_component_environment_variable_time":0.4,"data_set_value_component_y_variable_y":0.0,"data_set_value_component_y_variable_r":1.0,"data_set_value_component_y_variable_a":0.2,"data_set_value_component_y_variable_k":10.0,"data_set_value_component_v_variable_v":0.8187304623,"data_set_value_component_v_variable_u":0.5,"data_set_value_component_v_variable_eta":1.0},{"data_set_value_component_environment_variable_time":0.5,"data_set_value_component_y_variable_y":0.0,"data_set_value_component_y_variable_r":1.0,"data_set_value_component_y_variable_a":0.2,"data_set_value_component_y_variable_k":10.0,"data_set_value_component_v_variable_v":0.778800716,"data_set_value_component_v_variable_u":0.5,"data_set_value_component_v_variable_eta":1.0},{"data_set_value_component_environment_variable_time":0.6,"data_set_value_component_y_variable_y":0.0,"data_set_value_component_y_variable_r":1.0,"data_set_value_component_y_variable_a":0.2,"data_set_value_component_y_variable_k":10.0,"data_set_value_component_v_variable_v":0.7408184481,"data_set_value_component_v_variable_u":0.5,"data_set_value_component_v_variable_eta":1.0},{"data_set_value_component_environment_variable_time":0.7,"data_set_value_component_y_variable_y":0.0,"data_set_value_component_y_variable_r":1.0,"data_set_value_component_y_variable_a":0.2,"data_set_value_component_y_variable_k":10.0,"data_set_value_component_v_variable_v":0.7046884638,"data_set_value_component_v_variable_u":0.5,"data_set_value_component_v_variable_eta":1.0},{"data_set_value_component_environment_variable_time":0.8,"data_set_value_component_y_variable_y":0.0,"data_set_value_component_y_variable_r":1.0,"data_set_value_component_y_variable_a":0.2,"data_set_value_component_y_variable_k":10.0,"data_set_value_component_v_variable_v":0.670320392,"data_set_value_component_v_variable_u":0.5,"data_set_value_component_v_variable_eta":1.0},{"data_set_value_component_environment_variable_time":0.9,"data_set_value_component_y_variable_y":0.0,"data_set_value_component_y_variable_r":1.0,"data_set_value_component_y_variable_a":0.2,"data_set_value_component_y_variable_k":10.0,"data_set_value_component_v_variable_v":0.6376284344,"data_set_value_component_v_variable_u":0.5,"data_set_value_component_v_variable_eta":1.0},{"data_set_value_component_environment_variable_time":1.0,"data_set_value_component_y_variable_y":0.0,"data_set_value_component_y_variable_r":1.0,"data_set_value_component_y_variable_a":0.2,"data_set_value_component_y_variable_k":10.0,"data_set_value_component_v_variable_v":0.6065309076,"data_set_value_component_v_variable_u":0.5,"data_set_value_component_v_variable_eta":1.0}]